Customer_ID,Total_Months,Active_Months,Inactive_Months,Reliability_Score,Reliability_Band,Total_Spend,Final_Avg_Spent,Total_Transaction_Value,Unique_Invoice_Count,Average_Invoice_Value,Monthly_Value_CV,Recency_Days,Customer_Lifetime_Months,Purchase_Frequency,First_Purchase_Date,Last_Purchase_Date,Spend_Trend,Trend_Status,Cluster,Customer_Segment,Risk_Level
12346,6,2,4,33.33,Likely to Exit,580.44,12.0925,-64.68,17,-3.8,4.8745,347,25,0.68,2009-12-14,2011-01-18,,Insufficient History,3,"Low-Value, Reliable, Lapsed",Medium Risk
12347,8,2,6,25.0,Likely to Exit,644.16,2.5461,5633.32,8,704.17,1.2163,24,15,0.5333,2010-10-31,2011-12-07,2.597,Increasing,0,"High-Value, Reliable, Recent",High Risk
12348,5,0,5,0.0,Likely to Exit,193.1,3.7863,2019.4,5,403.88,1.8519,97,16,0.3125,2010-09-27,2011-09-25,0.0,Declining,1,"Mid-Value, Unreliable, Recent",High Risk
12349,5,4,1,80.0,Very Loyal,1504.59,8.3588,4404.54,5,880.91,2.6365,40,25,0.2,2009-12-04,2011-11-21,,Insufficient History,0,"High-Value, Reliable, Recent",Low Risk
12350,1,0,1,0.0,Likely to Exit,65.3,3.8412,334.4,1,334.4,3.1623,332,11,0.0909,2011-02-02,2011-02-02,,Insufficient History,2,"Mid-Value, Unreliable, Lapsed",High Risk
12351,1,0,1,0.0,Likely to Exit,49.46,2.3552,300.93,1,300.93,3.6056,397,14,0.0714,2010-11-29,2010-11-29,,Insufficient History,2,"Mid-Value, Unreliable, Lapsed",High Risk
12352,5,2,3,40.0,At Risk,2265.7,20.0504,1889.21,13,145.32,1.724,58,14,0.9286,2010-11-12,2011-11-03,0.493,Declining,0,"High-Value, Reliable, Recent",Medium Risk
12353,2,0,2,0.0,Likely to Exit,63.08,2.6283,406.76,2,203.38,2.9786,226,15,0.1333,2010-10-27,2011-05-19,,Insufficient History,1,"Mid-Value, Unreliable, Recent",High Risk
12354,1,1,0,100.0,Very Loyal,261.22,4.5038,1079.4,1,1079.4,2.8284,254,9,0.1111,2011-04-21,2011-04-21,,Insufficient History,1,"Mid-Value, Unreliable, Recent",Low Risk
12355,2,0,2,0.0,Likely to Exit,107.43,3.0694,947.61,2,473.8,3.0015,236,20,0.1,2010-05-21,2011-05-09,,Insufficient History,1,"Mid-Value, Unreliable, Recent",High Risk
12356,5,2,3,40.0,At Risk,450.25,3.1486,6373.68,6,1062.28,1.9735,44,15,0.4,2010-10-11,2011-11-17,,Insufficient History,0,"High-Value, Reliable, Recent",Medium Risk
12357,2,2,0,100.0,Very Loyal,1834.31,6.197,18287.66,3,6095.89,2.5926,55,14,0.2143,2010-11-16,2011-11-06,,Insufficient History,0,"High-Value, Reliable, Recent",Low Risk
12358,5,1,4,20.0,Likely to Exit,413.34,5.3681,3887.07,5,777.41,2.3212,23,25,0.2,2009-12-08,2011-12-08,1.409,Increasing,0,"High-Value, Reliable, Recent",High Risk
12359,11,8,3,72.73,Likely to Stay,2787.89,7.4344,8714.89,14,622.49,1.9146,29,25,0.56,2009-12-05,2011-12-02,,Insufficient History,0,"High-Value, Reliable, Recent",Low Risk
12360,7,5,2,71.43,Likely to Stay,736.13,3.3767,4212.89,9,468.1,1.8947,74,23,0.3913,2010-02-22,2011-10-18,1.952,Increasing,0,"High-Value, Reliable, Recent",Low Risk
12361,4,0,4,0.0,Likely to Exit,112.25,3.8707,511.25,4,127.81,2.3418,309,24,0.1667,2010-01-26,2011-02-25,,Insufficient History,1,"Mid-Value, Unreliable, Recent",High Risk
12362,9,4,5,44.44,At Risk,1213.29,4.412,5284.58,14,377.47,1.7587,25,25,0.56,2009-12-01,2011-12-06,1.64,Increasing,0,"High-Value, Reliable, Recent",Medium Risk
12363,2,0,2,0.0,Likely to Exit,53.17,2.3117,552.0,2,276.0,1.8792,131,9,0.2222,2011-04-11,2011-08-22,0.0,Declining,1,"Mid-Value, Unreliable, Recent",High Risk
12364,4,0,4,0.0,Likely to Exit,162.37,1.9102,1313.1,4,328.28,0.8282,29,5,0.8,2011-08-19,2011-12-02,,Insufficient History,1,"Mid-Value, Unreliable, Recent",High Risk
12365,1,1,0,100.0,Very Loyal,698.0,30.3478,320.69,3,106.9,3.1623,313,11,0.2727,2011-02-21,2011-02-21,,Insufficient History,2,"Mid-Value, Unreliable, Lapsed",Low Risk
12366,1,0,1,0.0,Likely to Exit,5.07,1.69,500.24,1,500.24,4.5826,655,22,0.0455,2010-03-16,2010-03-16,,Insufficient History,2,"Mid-Value, Unreliable, Lapsed",High Risk
12367,1,0,1,0.0,Likely to Exit,35.2,3.2,168.9,1,168.9,0.0,26,1,1.0,2011-12-05,2011-12-05,,Insufficient History,1,"Mid-Value, Unreliable, Recent",High Risk
12368,1,0,1,0.0,Likely to Exit,79.05,4.3917,917.7,1,917.7,4.5826,650,22,0.0455,2010-03-21,2010-03-21,,Insufficient History,2,"Mid-Value, Unreliable, Lapsed",High Risk
12369,3,1,2,33.33,Likely to Exit,292.85,3.1489,1791.15,3,597.05,3.3076,435,22,0.1364,2010-03-08,2010-10-22,,Insufficient History,2,"Mid-Value, Unreliable, Lapsed",Medium Risk
12370,5,3,2,60.0,Likely to Stay,692.01,3.4258,4320.31,7,617.19,2.3461,73,23,0.3043,2010-02-09,2011-10-19,,Insufficient History,0,"High-Value, Reliable, Recent",Low Risk
12371,3,3,0,100.0,Very Loyal,665.93,3.9876,4067.38,5,813.48,2.7416,66,22,0.2273,2010-03-04,2011-10-26,,Insufficient History,0,"High-Value, Reliable, Recent",Low Risk
12372,3,0,3,0.0,Likely to Exit,156.07,3.0013,1298.04,3,432.68,1.6538,93,11,0.2727,2011-02-16,2011-09-29,0.0,Declining,1,"Mid-Value, Unreliable, Recent",High Risk
12373,3,0,3,0.0,Likely to Exit,236.0,4.6275,1127.65,3,375.88,2.6048,333,23,0.1304,2010-02-04,2011-02-01,,Insufficient History,1,"Mid-Value, Unreliable, Recent",High Risk
12374,3,1,2,33.33,Likely to Exit,288.72,3.4786,2989.22,4,747.31,2.5608,47,21,0.1905,2010-04-30,2011-11-14,,Insufficient History,1,"Mid-Value, Unreliable, Recent",Medium Risk
12375,3,0,3,0.0,Likely to Exit,119.6,6.6444,455.42,3,151.81,1.0,24,4,0.75,2011-09-02,2011-12-07,,Insufficient History,1,"Mid-Value, Unreliable, Recent",High Risk
12376,2,0,2,0.0,Likely to Exit,104.4,8.0308,503.15,2,251.58,3.222,411,15,0.1333,2010-10-18,2010-11-15,,Insufficient History,2,"Mid-Value, Unreliable, Lapsed",High Risk
12377,4,3,1,75.0,Likely to Stay,416.52,2.7403,3426.32,4,856.58,2.1764,337,21,0.1905,2010-04-29,2011-01-28,,Insufficient History,0,"High-Value, Reliable, Recent",Low Risk
12378,2,2,0,100.0,Very Loyal,1017.41,3.3801,5416.32,2,2708.16,3.3624,151,20,0.1,2010-05-26,2011-08-02,0.0,Declining,0,"High-Value, Reliable, Recent",Low Risk
12379,5,0,5,0.0,Likely to Exit,237.5,2.8963,1618.27,5,323.65,1.9451,103,19,0.2632,2010-06-23,2011-09-19,0.0,Declining,1,"Mid-Value, Unreliable, Recent",High Risk
12380,9,4,5,44.44,At Risk,4277.57,15.1151,7888.0,15,525.87,1.9297,43,23,0.6522,2010-02-15,2011-11-18,2.375,Increasing,0,"High-Value, Reliable, Recent",Medium Risk
12381,4,1,3,25.0,Likely to Exit,417.04,4.5829,1803.96,6,300.66,1.2858,26,5,1.2,2011-08-12,2011-12-05,,Insufficient History,0,"High-Value, Reliable, Recent",High Risk
12382,1,0,1,0.0,Likely to Exit,18.38,18.38,-18.38,1,-18.38,0.0,704,24,0.0417,2010-01-26,2010-01-26,,Insufficient History,3,"Low-Value, Reliable, Lapsed",High Risk
12383,5,0,5,0.0,Likely to Exit,309.36,3.0936,1839.31,6,306.55,1.6055,206,13,0.4615,2010-12-22,2011-06-08,,Insufficient History,1,"Mid-Value, Unreliable, Recent",High Risk
12384,3,2,1,66.67,Likely to Stay,227.27,7.5757,566.16,3,188.72,1.2247,50,5,0.6,2011-08-10,2011-11-11,,Insufficient History,1,"Mid-Value, Unreliable, Recent",Low Risk
12385,1,1,0,100.0,Very Loyal,254.25,3.8523,1923.4,2,961.7,3.6056,401,14,0.1429,2010-11-25,2010-11-25,,Insufficient History,2,"Mid-Value, Unreliable, Lapsed",Low Risk
12386,2,0,2,0.0,Likely to Exit,45.72,2.54,660.8,2,330.4,2.7552,359,13,0.1538,2010-12-08,2011-01-06,,Insufficient History,2,"Mid-Value, Unreliable, Lapsed",High Risk
12387,1,0,1,0.0,Likely to Exit,24.86,2.7622,143.94,1,143.94,3.7417,437,15,0.0667,2010-10-20,2010-10-20,,Insufficient History,2,"Mid-Value, Unreliable, Lapsed",High Risk
12388,8,1,7,12.5,Likely to Exit,412.41,2.8247,3901.11,8,487.64,1.4991,37,20,0.4,2010-05-06,2011-11-24,0.166,Declining,0,"High-Value, Reliable, Recent",High Risk
12389,3,0,3,0.0,Likely to Exit,130.06,2.6543,1433.33,3,477.78,3.0917,424,23,0.1304,2010-02-22,2010-11-02,,Insufficient History,2,"Mid-Value, Unreliable, Lapsed",High Risk
12390,1,1,0,100.0,Very Loyal,127.9,3.9969,549.84,1,549.84,1.7321,101,4,0.25,2011-09-21,2011-09-21,,Insufficient History,1,"Mid-Value, Unreliable, Recent",Low Risk
12391,5,4,1,80.0,Very Loyal,1074.0,3.7422,2747.82,7,392.55,2.406,43,23,0.3043,2010-02-15,2011-11-18,,Insufficient History,0,"High-Value, Reliable, Recent",Low Risk
12392,1,0,1,0.0,Likely to Exit,35.25,5.0357,234.75,1,234.75,4.4721,613,21,0.0476,2010-04-27,2010-04-27,,Insufficient History,2,"Mid-Value, Unreliable, Lapsed",High Risk
12393,5,0,5,0.0,Likely to Exit,283.8,2.5339,2376.75,7,339.54,1.4708,94,15,0.4667,2010-10-07,2011-09-28,0.0,Declining,1,"Mid-Value, Unreliable, Recent",High Risk
12394,2,0,2,0.0,Likely to Exit,91.01,3.3707,1272.48,2,636.24,1.9088,85,8,0.25,2011-05-06,2011-10-07,,Insufficient History,1,"Mid-Value, Unreliable, Recent",High Risk
12395,12,4,8,33.33,Likely to Exit,920.24,3.5807,5046.92,18,280.38,1.3737,37,21,0.8571,2010-04-16,2011-11-24,6.728,Increasing,0,"High-Value, Reliable, Recent",Medium Risk
12396,1,1,0,100.0,Very Loyal,149.46,2.2994,931.43,1,931.43,4.6904,696,23,0.0435,2010-02-03,2010-02-03,,Insufficient History,2,"Mid-Value, Unreliable, Lapsed",Low Risk
12397,2,2,0,100.0,Very Loyal,437.0,3.4683,2409.9,2,1204.95,1.4143,57,6,0.3333,2011-07-27,2011-11-04,0.984,Stable,0,"High-Value, Reliable, Recent",Low Risk
12398,1,1,0,100.0,Very Loyal,169.38,1.9927,1635.66,1,1635.66,1.4142,67,3,0.3333,2011-10-25,2011-10-25,,Insufficient History,1,"Mid-Value, Unreliable, Recent",Low Risk
12399,7,0,7,0.0,Likely to Exit,224.56,2.0415,1962.3,7,280.33,1.6077,141,22,0.3182,2010-03-05,2011-08-12,0.0,Declining,1,"Mid-Value, Unreliable, Recent",High Risk
12400,1,0,1,0.0,Likely to Exit,32.05,2.9136,205.25,1,205.25,3.7417,436,15,0.0667,2010-10-21,2010-10-21,,Insufficient History,2,"Mid-Value, Unreliable, Lapsed",High Risk
12401,1,0,1,0.0,Likely to Exit,48.4,9.68,84.3,1,84.3,3.1623,325,11,0.0909,2011-02-09,2011-02-09,,Insufficient History,2,"Mid-Value, Unreliable, Lapsed",High Risk
12402,6,0,6,0.0,Likely to Exit,244.1,3.438,1244.15,7,177.74,1.7591,345,23,0.3043,2010-02-07,2011-01-20,,Insufficient History,1,"Mid-Value, Unreliable, Recent",High Risk
12403,2,0,2,0.0,Likely to Exit,81.93,8.193,1001.36,3,333.79,2.8693,71,18,0.1667,2010-07-06,2011-10-21,,Insufficient History,1,"Mid-Value, Unreliable, Recent",High Risk
12404,1,0,1,0.0,Likely to Exit,63.24,63.24,63.24,1,63.24,4.7958,704,24,0.0417,2010-01-26,2010-01-26,,Insufficient History,2,"Mid-Value, Unreliable, Lapsed",High Risk
12405,1,1,0,100.0,Very Loyal,191.39,3.5443,1710.39,1,1710.39,2.2361,170,6,0.1667,2011-07-14,2011-07-14,0.0,Declining,1,"Mid-Value, Unreliable, Recent",Low Risk
12406,6,2,4,33.33,Likely to Exit,472.46,2.7792,6072.21,7,867.46,2.0703,44,24,0.2917,2010-01-11,2011-11-17,-13.334,Declining,0,"High-Value, Reliable, Recent",Medium Risk
12407,4,1,3,25.0,Likely to Exit,251.59,3.2674,1708.12,5,341.62,1.6068,71,10,0.5,2011-03-20,2011-10-21,0.33,Declining,1,"Mid-Value, Unreliable, Recent",High Risk
12408,8,2,6,25.0,Likely to Exit,529.03,3.1119,4279.64,14,305.69,1.4133,54,18,0.7778,2010-07-29,2011-11-07,1.151,Increasing,0,"High-Value, Reliable, Recent",High Risk
12409,7,4,3,57.14,At Risk,879.67,3.2341,23090.47,13,1776.19,1.9888,100,20,0.65,2010-05-23,2011-09-22,0.0,Declining,0,"High-Value, Reliable, Recent",Medium Risk
12410,2,1,1,50.0,At Risk,252.84,6.02,1001.46,4,250.37,3.0361,323,18,0.2222,2010-07-25,2011-02-11,,Insufficient History,2,"Mid-Value, Unreliable, Lapsed",Medium Risk
12411,1,0,1,0.0,Likely to Exit,74.7,3.3955,346.9,1,346.9,3.7417,431,15,0.0667,2010-10-26,2010-10-26,,Insufficient History,2,"Mid-Value, Unreliable, Lapsed",High Risk
12412,6,0,6,0.0,Likely to Exit,337.41,2.5756,2581.03,8,322.63,1.5991,96,19,0.4211,2010-06-18,2011-09-26,0.0,Declining,0,"High-Value, Reliable, Recent",High Risk
12413,4,2,2,50.0,At Risk,328.99,6.2074,935.5,6,155.92,1.9143,88,14,0.4286,2010-11-02,2011-10-04,,Insufficient History,1,"Mid-Value, Unreliable, Recent",Medium Risk
12414,4,1,3,25.0,Likely to Exit,631.34,17.0632,692.41,8,86.55,1.9039,239,16,0.5,2010-09-02,2011-05-06,,Insufficient History,1,"Mid-Value, Unreliable, Recent",High Risk
12415,15,9,6,60.0,Likely to Stay,3151.84,3.1837,143269.29,33,4341.49,1.0566,46,19,1.7368,2010-06-30,2011-11-15,0.811,Declining,0,"High-Value, Reliable, Recent",Low Risk
12416,1,0,1,0.0,Likely to Exit,16.88,1.5345,202.56,1,202.56,4.6904,678,23,0.0435,2010-02-21,2010-02-21,,Insufficient History,2,"Mid-Value, Unreliable, Lapsed",High Risk
12417,18,9,9,50.0,At Risk,2094.56,5.4975,6708.21,27,248.45,0.9472,25,25,1.08,2009-12-06,2011-12-06,0.885,Declining,0,"High-Value, Reliable, Recent",Medium Risk
12418,5,1,4,20.0,Likely to Exit,345.48,3.3542,2016.95,5,403.39,2.1896,134,22,0.2273,2010-03-19,2011-08-19,0.0,Declining,1,"Mid-Value, Unreliable, Recent",High Risk
12419,2,0,2,0.0,Likely to Exit,126.09,5.0436,503.01,2,251.5,2.6654,407,15,0.1333,2010-10-22,2010-11-19,,Insufficient History,2,"Mid-Value, Unreliable, Lapsed",High Risk
12420,1,1,0,100.0,Very Loyal,136.51,4.7072,600.39,1,600.39,1.4142,85,3,0.3333,2011-10-07,2011-10-07,,Insufficient History,1,"Mid-Value, Unreliable, Recent",Low Risk
12421,6,0,6,0.0,Likely to Exit,312.14,4.6588,1092.83,8,136.6,1.5073,37,18,0.4444,2010-07-22,2011-11-24,0.77,Declining,1,"Mid-Value, Unreliable, Recent",High Risk
12422,11,3,8,27.27,Likely to Exit,2845.02,16.1649,4119.35,21,196.16,1.6556,117,25,0.84,2009-12-18,2011-09-05,0.0,Declining,0,"High-Value, Reliable, Recent",High Risk
12423,11,0,11,0.0,Likely to Exit,490.94,2.9575,2612.19,11,237.47,0.9712,22,17,0.6471,2010-08-31,2011-12-09,1.105,Increasing,0,"High-Value, Reliable, Recent",High Risk
12424,4,0,4,0.0,Likely to Exit,222.5,2.2938,3289.78,7,469.97,3.0447,184,25,0.28,2009-12-07,2011-06-30,,Insufficient History,1,"Mid-Value, Unreliable, Recent",High Risk
12425,3,1,2,33.33,Likely to Exit,228.19,2.402,1680.81,3,560.27,2.6631,100,16,0.1875,2010-09-17,2011-09-22,0.0,Declining,1,"Mid-Value, Unreliable, Recent",Medium Risk
12426,3,2,1,66.67,Likely to Stay,296.81,3.6196,1311.41,3,437.14,3.2719,216,23,0.1304,2010-02-15,2011-05-29,,Insufficient History,1,"Mid-Value, Unreliable, Recent",Low Risk
12427,3,1,2,33.33,Likely to Exit,210.42,4.676,1011.87,5,202.37,2.0385,33,13,0.3846,2010-12-03,2011-11-28,,Insufficient History,1,"Mid-Value, Unreliable, Recent",Medium Risk
12428,5,3,2,60.0,Likely to Stay,1418.79,4.7293,7877.2,12,656.43,2.1765,47,10,1.2,2011-03-01,2011-11-14,0.331,Declining,0,"High-Value, Reliable, Recent",Low Risk
12429,7,2,5,28.57,Likely to Exit,577.32,3.3179,7435.51,9,826.17,1.7443,31,19,0.4737,2010-06-11,2011-11-30,,Insufficient History,0,"High-Value, Reliable, Recent",High Risk
12430,1,0,1,0.0,Likely to Exit,68.48,6.2255,256.4,1,256.4,1.4142,65,3,0.3333,2011-10-27,2011-10-27,,Insufficient History,1,"Mid-Value, Unreliable, Recent",High Risk
12431,18,7,11,38.89,Likely to Exit,1580.53,3.8269,10719.41,33,324.83,0.9431,57,24,1.375,2010-01-15,2011-11-04,0.961,Stable,0,"High-Value, Reliable, Recent",Medium Risk
12432,2,1,1,50.0,At Risk,1139.49,10.5508,5059.32,5,1011.86,1.926,64,7,0.7143,2011-06-20,2011-10-28,,Insufficient History,0,"High-Value, Reliable, Recent",Medium Risk
12433,8,8,0,100.0,Very Loyal,1649.61,2.3333,20428.86,11,1857.17,1.5872,22,17,0.6471,2010-08-20,2011-12-09,2.677,Increasing,0,"High-Value, Reliable, Recent",Low Risk
12434,5,0,5,0.0,Likely to Exit,266.25,3.598,1062.48,5,212.5,2.0165,106,14,0.3571,2010-11-23,2011-09-16,0.0,Declining,1,"Mid-Value, Unreliable, Recent",High Risk
12435,6,1,5,16.67,Likely to Exit,417.66,3.7291,13925.93,6,2320.99,2.0993,101,25,0.24,2009-12-02,2011-09-21,0.0,Declining,0,"High-Value, Reliable, Recent",High Risk
12436,1,0,1,0.0,Likely to Exit,84.28,5.2675,509.01,1,509.01,1.7321,121,4,0.25,2011-09-01,2011-09-01,,Insufficient History,1,"Mid-Value, Unreliable, Recent",High Risk
12437,20,9,11,45.0,At Risk,2003.68,3.4368,12394.85,47,263.72,0.8967,23,25,1.88,2009-12-02,2011-12-08,3.441,Increasing,0,"High-Value, Reliable, Recent",Medium Risk
12438,2,2,0,100.0,Very Loyal,381.7,3.8949,2906.85,2,1453.43,1.5655,36,6,0.3333,2011-07-22,2011-11-25,2.266,Increasing,0,"High-Value, Reliable, Recent",Low Risk
12439,2,1,1,50.0,At Risk,271.46,3.6195,1104.48,3,368.16,4.5733,704,25,0.12,2009-12-14,2010-01-26,,Insufficient History,2,"Mid-Value, Unreliable, Lapsed",Medium Risk
12440,2,0,2,0.0,Likely to Exit,189.79,5.4226,768.15,3,256.05,3.5787,479,25,0.12,2009-12-22,2010-09-08,,Insufficient History,2,"Mid-Value, Unreliable, Lapsed",High Risk
12441,1,0,1,0.0,Likely to Exit,81.42,3.7009,347.1,1,347.1,3.4641,388,13,0.0769,2010-12-08,2010-12-08,,Insufficient History,2,"Mid-Value, Unreliable, Lapsed",High Risk
12442,1,0,1,0.0,Likely to Exit,40.08,3.34,172.06,1,172.06,0.0,25,1,1.0,2011-12-06,2011-12-06,,Insufficient History,1,"Mid-Value, Unreliable, Recent",High Risk
12443,1,1,0,100.0,Very Loyal,123.28,5.8705,485.31,1,485.31,4.899,754,25,0.04,2009-12-07,2009-12-07,,Insufficient History,2,"Mid-Value, Unreliable, Lapsed",Low Risk
12444,5,5,0,100.0,Very Loyal,1119.13,6.3228,5005.46,5,1001.09,0.8287,43,7,0.7143,2011-06-21,2011-11-18,1.376,Increasing,0,"High-Value, Reliable, Recent",Low Risk
12445,3,0,3,0.0,Likely to Exit,91.54,3.6616,426.48,3,142.16,2.7606,44,15,0.2,2010-10-15,2011-11-17,,Insufficient History,1,"Mid-Value, Unreliable, Recent",High Risk
12446,1,1,0,100.0,Very Loyal,248.1,4.2776,1002.31,1,1002.31,1.4142,79,3,0.3333,2011-10-13,2011-10-13,,Insufficient History,1,"Mid-Value, Unreliable, Recent",Low Risk
12447,1,0,1,0.0,Likely to Exit,92.93,3.5742,476.49,1,476.49,2.8284,265,9,0.1111,2011-04-10,2011-04-10,,Insufficient History,1,"Mid-Value, Unreliable, Recent",High Risk
12448,1,1,0,100.0,Very Loyal,130.94,5.9518,449.45,1,449.45,1.4142,66,3,0.3333,2011-10-26,2011-10-26,,Insufficient History,1,"Mid-Value, Unreliable, Recent",Low Risk
12449,6,4,2,66.67,Likely to Stay,732.62,3.6449,4835.89,6,805.98,1.5107,44,16,0.375,2010-09-27,2011-11-17,0.72,Declining,0,"High-Value, Reliable, Recent",Low Risk
12450,5,0,5,0.0,Likely to Exit,90.48,2.262,666.95,7,95.28,1.7025,178,17,0.4118,2010-08-22,2011-07-06,0.0,Declining,1,"Mid-Value, Unreliable, Recent",High Risk
12451,8,6,2,75.0,Likely to Stay,1229.25,2.3915,12546.53,10,1254.65,1.5565,32,19,0.5263,2010-06-28,2011-11-29,-36.546,Declining,0,"High-Value, Reliable, Recent",Low Risk
12452,1,0,1,0.0,Likely to Exit,99.67,4.3335,428.57,3,142.86,1.0,38,2,1.5,2011-11-23,2011-11-23,,Insufficient History,1,"Mid-Value, Unreliable, Recent",High Risk
12453,1,1,0,100.0,Very Loyal,102.91,2.3933,707.09,1,707.09,2.2361,156,6,0.1667,2011-07-28,2011-07-28,0.0,Declining,1,"Mid-Value, Unreliable, Recent",Low Risk
12454,4,2,2,50.0,At Risk,581.72,8.0794,4292.71,9,476.97,2.9313,75,24,0.375,2010-01-26,2011-10-17,,Insufficient History,0,"High-Value, Reliable, Recent",Medium Risk
12455,9,1,8,11.11,Likely to Exit,888.71,3.915,5879.95,10,588.0,1.9877,95,25,0.4,2009-12-18,2011-09-27,0.0,Declining,0,"High-Value, Reliable, Recent",High Risk
12456,4,3,1,75.0,Likely to Stay,461.37,3.5765,3153.89,4,788.47,1.5613,66,10,0.4,2011-03-30,2011-10-26,0.705,Declining,0,"High-Value, Reliable, Recent",Low Risk
12457,6,3,3,50.0,At Risk,520.65,5.5984,2472.31,14,176.59,1.9921,80,16,0.875,2010-09-30,2011-10-12,-0.013,Declining,0,"High-Value, Reliable, Recent",Medium Risk
12458,4,1,3,25.0,Likely to Exit,333.05,3.9649,1777.49,4,444.37,1.8144,93,17,0.2353,2010-08-09,2011-09-29,0.0,Declining,1,"Mid-Value, Unreliable, Recent",High Risk
12459,1,0,1,0.0,Likely to Exit,95.42,4.1487,454.36,1,454.36,4.4721,627,21,0.0476,2010-04-13,2010-04-13,,Insufficient History,2,"Mid-Value, Unreliable, Lapsed",High Risk
12460,1,0,1,0.0,Likely to Exit,78.86,4.3811,326.65,1,326.65,3.873,478,16,0.0625,2010-09-09,2010-09-09,,Insufficient History,2,"Mid-Value, Unreliable, Lapsed",High Risk
12461,2,1,1,50.0,At Risk,149.06,4.2589,826.88,2,413.44,1.6732,116,6,0.3333,2011-07-08,2011-09-06,0.0,Declining,1,"Mid-Value, Unreliable, Recent",Medium Risk
12462,3,2,1,66.67,Likely to Stay,332.42,4.6169,1124.01,4,281.0,2.2215,24,11,0.3636,2011-02-09,2011-12-07,,Insufficient History,1,"Mid-Value, Unreliable, Recent",Low Risk
12463,4,0,4,0.0,Likely to Exit,269.91,3.0672,1303.63,7,186.23,1.123,68,9,0.7778,2011-04-12,2011-10-24,,Insufficient History,1,"Mid-Value, Unreliable, Recent",High Risk
12464,5,1,4,20.0,Likely to Exit,343.15,11.8328,1212.05,8,151.51,1.3845,32,11,0.7273,2011-02-03,2011-11-29,1.831,Increasing,1,"Mid-Value, Unreliable, Recent",High Risk
12465,3,0,3,0.0,Likely to Exit,138.02,2.7063,733.89,3,244.63,1.6199,29,7,0.4286,2011-06-23,2011-12-02,,Insufficient History,1,"Mid-Value, Unreliable, Recent",High Risk
12466,1,0,1,0.0,Likely to Exit,56.73,56.73,56.73,1,56.73,4.7958,704,24,0.0417,2010-01-26,2010-01-26,,Insufficient History,2,"Mid-Value, Unreliable, Lapsed",High Risk
12467,2,0,2,0.0,Likely to Exit,29.12,1.6178,0.0,2,0.0,3.7417,408,15,0.1333,2010-10-12,2010-11-18,,Insufficient History,3,"Low-Value, Reliable, Lapsed",High Risk
12468,7,2,5,28.57,Likely to Exit,456.8,2.8025,3624.55,10,362.46,2.6291,165,24,0.4167,2010-01-19,2011-07-19,-0.0,Declining,0,"High-Value, Reliable, Recent",High Risk
12469,2,1,1,50.0,At Risk,227.97,2.9996,3070.54,2,1535.27,3.0358,544,19,0.1053,2010-06-21,2010-07-05,,Insufficient History,2,"Mid-Value, Unreliable, Lapsed",Medium Risk
12470,1,0,1,0.0,Likely to Exit,90.35,3.9283,211.95,1,211.95,4.7958,711,24,0.0417,2010-01-19,2010-01-19,,Insufficient History,2,"Mid-Value, Unreliable, Lapsed",High Risk
12471,24,20,4,83.33,Very Loyal,5030.59,3.8756,37948.61,129,294.18,0.6832,24,25,5.16,2009-12-02,2011-12-07,2.393,Increasing,0,"High-Value, Reliable, Recent",Low Risk
12472,19,12,7,63.16,Likely to Stay,2527.05,2.409,16956.69,37,458.29,1.0593,52,25,1.48,2009-12-09,2011-11-09,2.736,Increasing,0,"High-Value, Reliable, Recent",Low Risk
12473,4,3,1,75.0,Likely to Stay,2437.84,13.6192,2848.23,9,316.47,1.061,51,7,1.2857,2011-06-01,2011-11-10,3.382,Increasing,0,"High-Value, Reliable, Recent",Low Risk
12474,20,9,11,45.0,At Risk,2297.93,3.0078,11966.45,54,221.6,0.9071,39,23,2.3478,2010-02-11,2011-11-22,2.549,Increasing,0,"High-Value, Reliable, Recent",Medium Risk
12475,2,1,1,50.0,At Risk,188.72,3.0938,1149.64,2,574.82,2.6459,75,15,0.1333,2010-10-26,2011-10-17,,Insufficient History,1,"Mid-Value, Unreliable, Recent",Medium Risk
12476,15,9,6,60.0,Likely to Stay,2558.41,4.5362,13715.62,38,360.94,1.0461,23,18,2.1111,2010-07-26,2011-12-08,2.379,Increasing,0,"High-Value, Reliable, Recent",Low Risk
12477,9,8,1,88.89,Very Loyal,2378.09,4.1575,20173.64,12,1681.14,1.3947,44,22,0.5455,2010-03-26,2011-11-17,1.055,Stable,0,"High-Value, Reliable, Recent",Low Risk
12478,1,1,0,100.0,Very Loyal,163.36,4.5378,680.99,1,680.99,0.0,25,1,1.0,2011-12-06,2011-12-06,,Insufficient History,1,"Mid-Value, Unreliable, Recent",Low Risk
12479,2,0,2,0.0,Likely to Exit,91.43,2.6123,477.3,3,159.1,1.0,25,2,1.5,2011-11-28,2011-12-06,,Insufficient History,1,"Mid-Value, Unreliable, Recent",High Risk
12480,7,5,2,71.43,Likely to Stay,804.69,3.2844,5435.1,8,679.39,1.3335,50,18,0.4444,2010-07-20,2011-11-11,2.038,Increasing,0,"High-Value, Reliable, Recent",Low Risk
12481,13,5,8,38.46,Likely to Exit,1550.86,3.9262,12217.03,18,678.72,1.3554,44,21,0.8571,2010-04-11,2011-11-17,,Insufficient History,0,"High-Value, Reliable, Recent",Medium Risk
12482,4,1,3,25.0,Likely to Exit,3823.63,18.4716,21893.53,32,684.17,2.984,471,23,1.3913,2010-02-24,2010-09-16,,Insufficient History,0,"High-Value, Reliable, Recent",High Risk
12483,15,1,14,6.67,Likely to Exit,1047.57,7.0782,4846.87,27,179.51,1.0438,39,24,1.125,2010-01-31,2011-11-22,2.456,Increasing,0,"High-Value, Reliable, Recent",High Risk
12484,11,6,5,54.55,At Risk,1509.84,3.1195,6303.85,16,393.99,1.744,54,25,0.64,2009-12-03,2011-11-07,0.626,Declining,0,"High-Value, Reliable, Recent",Medium Risk
12485,1,0,1,0.0,Likely to Exit,81.96,2.4106,708.1,1,708.1,4.2426,551,19,0.0526,2010-06-28,2010-06-28,,Insufficient History,2,"Mid-Value, Unreliable, Lapsed",High Risk
12486,1,1,0,100.0,Very Loyal,201.08,4.1037,1037.28,1,1037.28,3.7417,453,15,0.0667,2010-10-04,2010-10-04,,Insufficient History,2,"Mid-Value, Unreliable, Lapsed",Low Risk
12487,1,0,1,0.0,Likely to Exit,4.85,1.6167,259.8,2,129.9,4.899,752,25,0.08,2009-12-09,2009-12-09,,Insufficient History,2,"Mid-Value, Unreliable, Lapsed",High Risk
12488,3,0,3,0.0,Likely to Exit,205.41,3.7347,1298.66,3,432.89,0.7101,31,4,0.75,2011-09-25,2011-11-30,,Insufficient History,1,"Mid-Value, Unreliable, Recent",High Risk
12489,1,0,1,0.0,Likely to Exit,88.62,5.908,334.93,1,334.93,3.3166,358,12,0.0833,2011-01-07,2011-01-07,,Insufficient History,2,"Mid-Value, Unreliable, Lapsed",High Risk
12490,17,2,15,11.76,Likely to Exit,1322.49,2.8563,9818.64,22,446.3,0.8932,27,25,0.88,2009-12-01,2011-12-04,0.996,Stable,0,"High-Value, Reliable, Recent",High Risk
12491,1,0,1,0.0,Likely to Exit,87.8,3.3769,460.4,1,460.4,1.0,60,2,0.5,2011-11-01,2011-11-01,,Insufficient History,1,"Mid-Value, Unreliable, Recent",High Risk
12492,3,0,3,0.0,Likely to Exit,136.95,3.2607,715.21,3,238.4,2.354,85,14,0.2143,2010-11-01,2011-10-07,1.083,Stable,1,"Mid-Value, Unreliable, Recent",High Risk
12493,2,0,2,0.0,Likely to Exit,111.75,4.8587,416.79,3,138.93,1.738,187,8,0.375,2011-05-26,2011-06-27,,Insufficient History,1,"Mid-Value, Unreliable, Recent",High Risk
12494,10,0,10,0.0,Likely to Exit,513.93,4.2125,1743.52,17,102.56,1.3702,31,20,0.85,2010-05-12,2011-11-30,2.361,Increasing,0,"High-Value, Reliable, Recent",High Risk
12495,1,1,0,100.0,Very Loyal,114.0,6.0,323.4,2,161.7,4.5826,656,22,0.0909,2010-03-09,2010-03-15,,Insufficient History,2,"Mid-Value, Unreliable, Lapsed",Low Risk
12496,1,0,1,0.0,Likely to Exit,28.02,2.1554,54.09,2,27.05,4.5826,642,22,0.0909,2010-03-29,2010-03-29,,Insufficient History,2,"Mid-Value, Unreliable, Lapsed",High Risk
12497,4,0,4,0.0,Likely to Exit,143.68,2.4772,6211.75,4,1552.94,3.2211,103,24,0.1667,2010-01-26,2011-09-19,0.0,Declining,1,"Mid-Value, Unreliable, Recent",High Risk
12498,2,0,2,0.0,Likely to Exit,96.55,4.1978,403.7,3,134.57,0.7589,43,3,1.0,2011-10-13,2011-11-18,,Insufficient History,1,"Mid-Value, Unreliable, Recent",High Risk
12499,1,0,1,0.0,Likely to Exit,62.9,2.3296,393.72,1,393.72,4.3589,582,20,0.05,2010-05-28,2010-05-28,,Insufficient History,2,"Mid-Value, Unreliable, Lapsed",High Risk
12500,12,2,10,16.67,Likely to Exit,748.61,4.7988,5872.31,25,234.89,1.5811,45,23,1.087,2010-02-04,2011-11-16,6.435,Increasing,0,"High-Value, Reliable, Recent",High Risk
12501,1,1,0,100.0,Very Loyal,387.32,2.4207,2089.68,2,1044.84,3.3166,337,12,0.1667,2011-01-07,2011-01-28,,Insufficient History,2,"Mid-Value, Unreliable, Lapsed",Low Risk
12502,5,5,0,100.0,Very Loyal,944.51,6.4252,3723.87,5,744.77,1.1623,117,11,0.4545,2011-02-03,2011-09-05,0.0,Declining,0,"High-Value, Reliable, Recent",Low Risk
12503,2,2,0,100.0,Very Loyal,1357.6,452.5333,0.0,2,0.0,4.3589,359,20,0.1,2010-05-04,2011-01-06,,Insufficient History,3,"Low-Value, Reliable, Lapsed",Low Risk
12504,3,1,2,33.33,Likely to Exit,186.3,7.1654,411.0,6,68.5,2.9292,40,21,0.2857,2010-04-22,2011-11-21,,Insufficient History,1,"Mid-Value, Unreliable, Recent",Medium Risk
12505,3,1,2,33.33,Likely to Exit,209.25,4.4521,908.0,3,302.67,3.7417,323,15,0.2,2010-10-27,2011-02-11,,Insufficient History,2,"Mid-Value, Unreliable, Lapsed",Medium Risk
12506,1,0,1,0.0,Likely to Exit,73.5,3.1957,73.5,1,73.5,2.8284,254,9,0.1111,2011-04-21,2011-04-21,,Insufficient History,2,"Mid-Value, Unreliable, Lapsed",High Risk
12507,3,0,3,0.0,Likely to Exit,205.47,4.0288,1797.31,5,359.46,2.4934,156,20,0.25,2010-05-04,2011-07-28,0.0,Declining,1,"Mid-Value, Unreliable, Recent",High Risk
12508,1,1,0,100.0,Very Loyal,118.71,1.7204,398.27,2,199.13,1.0,48,2,1.0,2011-11-10,2011-11-13,,Insufficient History,1,"Mid-Value, Unreliable, Recent",Low Risk
12509,1,0,1,0.0,Likely to Exit,38.95,5.5643,176.5,1,176.5,3.1623,306,11,0.0909,2011-02-28,2011-02-28,,Insufficient History,2,"Mid-Value, Unreliable, Lapsed",High Risk
12510,7,2,5,28.57,Likely to Exit,3378.83,21.9405,3689.33,16,230.58,2.532,164,25,0.64,2009-12-04,2011-07-20,0.0,Declining,0,"High-Value, Reliable, Recent",High Risk
12511,1,1,0,100.0,Very Loyal,668.83,3.4476,3065.77,2,1532.88,3.7417,436,15,0.1333,2010-10-07,2010-10-21,,Insufficient History,2,"Mid-Value, Unreliable, Lapsed",Low Risk
12512,1,0,1,0.0,Likely to Exit,87.7,2.5794,138.03,2,69.02,1.4142,88,3,0.6667,2011-10-04,2011-10-04,,Insufficient History,1,"Mid-Value, Unreliable, Recent",High Risk
12513,2,0,2,0.0,Likely to Exit,80.57,2.2381,586.79,2,293.4,2.0,106,5,0.4,2011-08-19,2011-09-16,,Insufficient History,1,"Mid-Value, Unreliable, Recent",High Risk
12514,2,1,1,50.0,At Risk,227.44,2.7076,1597.76,2,798.88,3.2902,289,22,0.0909,2010-03-08,2011-03-17,,Insufficient History,2,"Mid-Value, Unreliable, Lapsed",Medium Risk
12515,1,1,0,100.0,Very Loyal,108.5,6.7812,383.7,1,383.7,3.4641,375,13,0.0769,2010-12-21,2010-12-21,,Insufficient History,2,"Mid-Value, Unreliable, Lapsed",Low Risk
12516,4,0,4,0.0,Likely to Exit,165.2,2.2324,2648.62,4,662.16,2.07,99,21,0.1905,2010-04-19,2011-09-23,0.0,Declining,1,"Mid-Value, Unreliable, Recent",High Risk
12517,4,3,1,75.0,Likely to Stay,671.48,2.3478,2464.89,6,410.82,0.9228,50,7,0.8571,2011-06-02,2011-11-11,0.428,Declining,0,"High-Value, Reliable, Recent",Low Risk
12518,5,1,4,20.0,Likely to Exit,351.81,2.8372,2056.89,5,411.38,0.1952,22,5,1.0,2011-08-21,2011-12-09,,Insufficient History,0,"High-Value, Reliable, Recent",High Risk
12519,3,0,3,0.0,Likely to Exit,132.47,3.154,695.19,3,231.73,2.7445,85,17,0.1765,2010-08-20,2011-10-07,,Insufficient History,1,"Mid-Value, Unreliable, Recent",High Risk
12520,4,1,3,25.0,Likely to Exit,526.09,3.3941,2582.51,6,430.42,1.4757,101,10,0.6,2011-03-11,2011-09-21,0.0,Declining,0,"High-Value, Reliable, Recent",High Risk
12521,1,1,0,100.0,Very Loyal,113.84,2.9958,599.68,1,599.68,2.2361,164,6,0.1667,2011-07-20,2011-07-20,0.0,Declining,1,"Mid-Value, Unreliable, Recent",Low Risk
12522,1,0,1,0.0,Likely to Exit,60.01,5.0008,192.72,2,96.36,1.4142,61,3,0.6667,2011-10-19,2011-10-31,,Insufficient History,1,"Mid-Value, Unreliable, Recent",High Risk
12523,19,4,15,21.05,Likely to Exit,1220.54,4.6058,4220.85,30,140.7,0.8957,23,25,1.2,2009-12-02,2011-12-08,0.94,Stable,0,"High-Value, Reliable, Recent",High Risk
12524,13,2,11,15.38,Likely to Exit,769.68,3.1805,11091.36,18,616.19,1.1617,31,23,0.7826,2010-02-08,2011-11-30,,Insufficient History,0,"High-Value, Reliable, Recent",High Risk
12525,5,1,4,20.0,Likely to Exit,284.46,3.6943,835.18,8,104.4,3.1327,513,25,0.32,2009-12-04,2010-08-05,,Insufficient History,2,"Mid-Value, Unreliable, Lapsed",High Risk
12526,3,0,3,0.0,Likely to Exit,238.12,3.3538,1316.66,3,438.89,0.6511,22,4,0.75,2011-09-06,2011-12-09,,Insufficient History,1,"Mid-Value, Unreliable, Recent",High Risk
12527,5,0,5,0.0,Likely to Exit,82.93,2.5916,735.51,5,147.1,2.007,103,19,0.2632,2010-06-28,2011-09-19,0.0,Declining,1,"Mid-Value, Unreliable, Recent",High Risk
12528,6,2,4,33.33,Likely to Exit,512.34,5.3931,1922.28,8,240.28,1.0704,31,12,0.6667,2011-01-31,2011-11-30,1.265,Increasing,0,"High-Value, Reliable, Recent",Medium Risk
12529,2,0,2,0.0,Likely to Exit,68.56,2.9809,311.78,2,155.89,4.2426,544,19,0.1053,2010-06-29,2010-07-05,,Insufficient History,2,"Mid-Value, Unreliable, Lapsed",High Risk
12530,9,0,9,0.0,Likely to Exit,556.82,3.4372,3689.86,12,307.49,1.2227,81,22,0.5455,2010-03-07,2011-10-11,1.166,Increasing,0,"High-Value, Reliable, Recent",High Risk
12531,2,1,1,50.0,At Risk,342.31,2.5738,1899.05,3,633.02,4.4824,36,24,0.125,2010-01-22,2011-11-25,,Insufficient History,1,"Mid-Value, Unreliable, Recent",Medium Risk
12532,1,0,1,0.0,Likely to Exit,59.17,3.6981,349.83,1,349.83,1.0,52,2,0.5,2011-11-09,2011-11-09,,Insufficient History,1,"Mid-Value, Unreliable, Recent",High Risk
12533,3,2,1,66.67,Likely to Stay,298.62,3.318,1149.99,6,191.66,3.6217,640,25,0.24,2009-12-01,2010-03-31,,Insufficient History,2,"Mid-Value, Unreliable, Lapsed",Low Risk
12534,1,1,0,100.0,Very Loyal,191.23,3.0354,1089.18,1,1089.18,2.0,152,5,0.2,2011-08-01,2011-08-01,,Insufficient History,1,"Mid-Value, Unreliable, Recent",Low Risk
12535,2,0,2,0.0,Likely to Exit,151.35,4.4515,716.35,2,358.18,1.5827,113,7,0.2857,2011-06-06,2011-09-09,0.0,Declining,1,"Mid-Value, Unreliable, Recent",High Risk
12536,2,1,1,50.0,At Risk,13255.22,48.5539,4106.82,5,821.36,1.4142,29,3,1.6667,2011-10-11,2011-12-02,,Insufficient History,0,"High-Value, Reliable, Recent",Medium Risk
12537,1,1,0,100.0,Very Loyal,125.68,2.9228,732.94,1,732.94,3.7417,430,15,0.0667,2010-10-27,2010-10-27,,Insufficient History,2,"Mid-Value, Unreliable, Lapsed",Low Risk
12538,2,0,2,0.0,Likely to Exit,130.18,3.8288,640.45,2,320.22,2.476,51,14,0.1429,2010-11-26,2011-11-10,,Insufficient History,1,"Mid-Value, Unreliable, Recent",High Risk
12539,5,4,1,80.0,Very Loyal,3619.52,7.1674,9498.9,8,1187.36,2.6672,44,25,0.32,2009-12-23,2011-11-17,,Insufficient History,0,"High-Value, Reliable, Recent",Low Risk
12540,22,14,8,63.64,Likely to Stay,3062.24,3.9513,22107.29,36,614.09,0.6994,41,25,1.44,2009-12-07,2011-11-20,0.732,Declining,0,"High-Value, Reliable, Recent",Low Risk
12541,3,0,3,0.0,Likely to Exit,188.02,3.6158,981.18,3,327.06,1.6097,51,10,0.3,2011-03-04,2011-11-10,,Insufficient History,1,"Mid-Value, Unreliable, Recent",High Risk
12542,3,0,3,0.0,Likely to Exit,141.74,3.1498,423.38,4,105.84,3.5926,506,22,0.1818,2010-03-09,2010-08-12,,Insufficient History,2,"Mid-Value, Unreliable, Lapsed",High Risk
12543,1,1,0,100.0,Very Loyal,112.37,2.6133,980.25,1,980.25,3.873,470,16,0.0625,2010-09-17,2010-09-17,,Insufficient History,2,"Mid-Value, Unreliable, Lapsed",Low Risk
12544,1,0,1,0.0,Likely to Exit,82.27,4.1135,355.7,2,177.85,1.0,51,2,1.0,2011-11-03,2011-11-10,,Insufficient History,1,"Mid-Value, Unreliable, Recent",High Risk
12545,2,1,1,50.0,At Risk,201.19,4.0238,1000.39,2,500.19,2.0802,97,10,0.2,2011-03-25,2011-09-25,0.0,Declining,1,"Mid-Value, Unreliable, Recent",Medium Risk
12546,2,1,1,50.0,At Risk,222.0,3.1714,1141.5,3,380.5,1.0913,68,4,0.75,2011-09-23,2011-10-24,,Insufficient History,1,"Mid-Value, Unreliable, Recent",Medium Risk
12547,3,0,3,0.0,Likely to Exit,103.67,4.9367,383.58,3,127.86,2.485,219,18,0.1667,2010-07-27,2011-05-26,,Insufficient History,1,"Mid-Value, Unreliable, Recent",High Risk
12548,1,0,1,0.0,Likely to Exit,33.6,6.72,95.2,1,95.2,2.4495,188,7,0.1429,2011-06-26,2011-06-26,,Insufficient History,1,"Mid-Value, Unreliable, Recent",High Risk
12549,2,0,2,0.0,Likely to Exit,80.79,1.6488,1575.68,6,262.61,3.6971,597,24,0.25,2010-01-11,2010-05-13,,Insufficient History,2,"Mid-Value, Unreliable, Lapsed",High Risk
12550,1,1,0,100.0,Very Loyal,176.15,3.0904,964.83,1,964.83,1.7321,101,4,0.25,2011-09-21,2011-09-21,,Insufficient History,1,"Mid-Value, Unreliable, Recent",Low Risk
12551,1,0,1,0.0,Likely to Exit,16.8,1.68,168.0,1,168.0,3.4641,379,13,0.0769,2010-12-17,2010-12-17,,Insufficient History,2,"Mid-Value, Unreliable, Lapsed",High Risk
12552,2,1,1,50.0,At Risk,182.31,9.1155,437.82,2,218.91,0.8979,60,3,0.6667,2011-10-31,2011-11-01,,Insufficient History,1,"Mid-Value, Unreliable, Recent",Medium Risk
12553,11,1,10,9.09,Likely to Exit,846.19,3.468,4548.82,17,267.58,0.7981,30,15,1.1333,2010-10-12,2011-12-01,1.853,Increasing,0,"High-Value, Reliable, Recent",High Risk
12554,1,0,1,0.0,Likely to Exit,99.43,3.8242,468.5,1,468.5,3.873,470,16,0.0625,2010-09-17,2010-09-17,,Insufficient History,2,"Mid-Value, Unreliable, Lapsed",High Risk
12555,1,1,0,100.0,Very Loyal,129.23,129.23,129.23,1,129.23,4.7958,704,24,0.0417,2010-01-26,2010-01-26,,Insufficient History,2,"Mid-Value, Unreliable, Lapsed",Low Risk
12556,2,2,0,100.0,Very Loyal,322.14,2.6623,603.71,2,301.85,1.4156,72,6,0.3333,2011-07-11,2011-10-20,0.929,Stable,1,"Mid-Value, Unreliable, Recent",Low Risk
12557,8,0,8,0.0,Likely to Exit,126.06,2.1734,18716.14,8,2339.52,1.6621,38,25,0.32,2009-12-17,2011-11-23,0.721,Declining,0,"High-Value, Reliable, Recent",High Risk
12558,1,0,1,0.0,Likely to Exit,27.5,1.25,0.0,2,0.0,0.0,23,1,2.0,2011-12-02,2011-12-08,,Insufficient History,3,"Low-Value, Reliable, Lapsed",High Risk
12559,2,0,2,0.0,Likely to Exit,87.28,3.9673,536.21,3,178.74,2.8644,332,12,0.25,2011-01-24,2011-02-02,,Insufficient History,2,"Mid-Value, Unreliable, Lapsed",High Risk
12560,3,1,2,33.33,Likely to Exit,315.8,2.845,2101.39,4,525.35,1.3671,27,6,0.6667,2011-07-19,2011-12-04,0.497,Declining,1,"Mid-Value, Unreliable, Recent",Medium Risk
12561,1,0,1,0.0,Likely to Exit,47.43,2.9644,238.85,1,238.85,3.1623,324,11,0.0909,2011-02-10,2011-02-10,,Insufficient History,2,"Mid-Value, Unreliable, Lapsed",High Risk
12562,9,1,8,11.11,Likely to Exit,675.99,3.2657,4966.92,9,551.88,0.9267,30,16,0.5625,2010-09-30,2011-12-01,1.721,Increasing,0,"High-Value, Reliable, Recent",High Risk
12563,1,0,1,0.0,Likely to Exit,50.98,3.9215,249.24,1,249.24,3.7417,430,15,0.0667,2010-10-27,2010-10-27,,Insufficient History,2,"Mid-Value, Unreliable, Lapsed",High Risk
12564,1,1,0,100.0,Very Loyal,117.1,5.5762,456.9,1,456.9,3.0,283,10,0.1,2011-03-23,2011-03-23,,Insufficient History,2,"Mid-Value, Unreliable, Lapsed",Low Risk
12565,2,0,2,0.0,Likely to Exit,24.11,2.411,131.17,2,65.59,3.1623,303,11,0.1818,2011-02-24,2011-03-03,,Insufficient History,2,"Mid-Value, Unreliable, Lapsed",High Risk
12566,1,0,1,0.0,Likely to Exit,79.12,3.956,346.7,2,173.35,1.7321,94,4,0.5,2011-09-14,2011-09-28,,Insufficient History,1,"Mid-Value, Unreliable, Recent",High Risk
12567,12,8,4,66.67,Likely to Stay,2375.28,3.6098,13393.82,17,787.87,1.5304,44,23,0.7391,2010-02-11,2011-11-17,0.89,Declining,0,"High-Value, Reliable, Recent",Low Risk
12568,1,0,1,0.0,Likely to Exit,31.17,6.234,70.0,1,70.0,4.5826,666,22,0.0455,2010-03-05,2010-03-05,,Insufficient History,2,"Mid-Value, Unreliable, Lapsed",High Risk
12569,9,5,4,55.56,At Risk,1061.65,5.5584,4064.99,35,116.14,0.4794,24,9,3.8889,2011-04-01,2011-12-07,2.592,Increasing,0,"High-Value, Reliable, Recent",Medium Risk
12570,1,0,1,0.0,Likely to Exit,77.52,77.52,77.52,1,77.52,4.7958,704,24,0.0417,2010-01-26,2010-01-26,,Insufficient History,2,"Mid-Value, Unreliable, Lapsed",High Risk
12571,2,0,2,0.0,Likely to Exit,44.9,1.3206,519.61,2,259.81,1.2267,61,5,0.4,2011-08-10,2011-10-31,,Insufficient History,1,"Mid-Value, Unreliable, Recent",High Risk
12572,2,2,0,100.0,Very Loyal,269.37,4.3447,1004.72,3,334.91,0.7092,30,3,1.0,2011-10-19,2011-12-01,,Insufficient History,1,"Mid-Value, Unreliable, Recent",Low Risk
12573,4,1,3,25.0,Likely to Exit,263.39,2.2134,717.41,5,143.48,1.8471,249,17,0.2941,2010-08-31,2011-04-26,,Insufficient History,1,"Mid-Value, Unreliable, Recent",High Risk
12574,1,0,1,0.0,Likely to Exit,57.2,5.2,218.45,1,218.45,3.3166,337,12,0.0833,2011-01-28,2011-01-28,,Insufficient History,2,"Mid-Value, Unreliable, Lapsed",High Risk
12575,2,0,2,0.0,Likely to Exit,135.67,3.5703,622.82,2,311.41,2.8435,479,18,0.1111,2010-07-01,2010-09-08,,Insufficient History,2,"Mid-Value, Unreliable, Lapsed",High Risk
12576,8,1,7,12.5,Likely to Exit,390.93,2.6594,2083.87,11,189.44,1.1945,57,18,0.6111,2010-07-01,2011-11-04,0.749,Declining,0,"High-Value, Reliable, Recent",High Risk
12577,5,4,1,80.0,Very Loyal,558.06,1.8418,1591.35,9,176.82,2.145,57,25,0.36,2009-12-03,2011-11-04,,Insufficient History,0,"High-Value, Reliable, Recent",Low Risk
12578,5,2,3,40.0,At Risk,555.58,3.0695,4572.45,7,653.21,1.8011,43,16,0.4375,2010-09-22,2011-11-18,,Insufficient History,0,"High-Value, Reliable, Recent",Medium Risk
12579,1,1,0,100.0,Very Loyal,116.77,3.7668,410.72,3,136.91,1.7321,95,4,0.75,2011-09-22,2011-09-27,,Insufficient History,1,"Mid-Value, Unreliable, Recent",Low Risk
12580,2,0,2,0.0,Likely to Exit,151.19,2.6067,1052.9,2,526.45,3.0729,268,20,0.1,2010-05-12,2011-04-07,,Insufficient History,1,"Mid-Value, Unreliable, Recent",High Risk
12581,1,0,1,0.0,Likely to Exit,43.39,2.8927,197.71,1,197.71,1.4142,61,3,0.3333,2011-10-31,2011-10-31,,Insufficient History,1,"Mid-Value, Unreliable, Recent",High Risk
12582,4,1,3,25.0,Likely to Exit,397.12,3.8555,1980.4,4,495.1,2.3027,260,20,0.2,2010-05-11,2011-04-15,,Insufficient History,1,"Mid-Value, Unreliable, Recent",High Risk
12583,22,4,18,18.18,Likely to Exit,1477.36,3.1366,14344.9,31,462.74,0.661,24,25,1.24,2009-12-06,2011-12-07,1.488,Increasing,0,"High-Value, Reliable, Recent",High Risk
12584,8,5,3,62.5,Likely to Stay,938.1,7.4452,1893.95,18,105.22,0.8996,25,10,1.8,2011-03-04,2011-12-06,2.344,Increasing,0,"High-Value, Reliable, Recent",Low Risk
12585,3,2,1,66.67,Likely to Stay,339.25,3.4974,1982.81,4,495.7,2.4225,256,13,0.3077,2010-12-23,2011-04-19,,Insufficient History,1,"Mid-Value, Unreliable, Recent",Low Risk
12586,5,2,3,40.0,At Risk,498.42,5.1919,2028.67,5,405.73,2.5499,39,25,0.2,2009-12-16,2011-11-22,,Insufficient History,1,"Mid-Value, Unreliable, Recent",Medium Risk
12587,1,0,1,0.0,Likely to Exit,46.24,11.56,144.0,1,144.0,0.0,29,1,1.0,2011-12-02,2011-12-02,,Insufficient History,1,"Mid-Value, Unreliable, Recent",High Risk
12588,4,1,3,25.0,Likely to Exit,340.22,7.0879,938.98,5,187.8,2.5417,61,21,0.2381,2010-04-21,2011-10-31,,Insufficient History,1,"Mid-Value, Unreliable, Recent",High Risk
12589,5,4,1,80.0,Very Loyal,2846.37,13.4263,3094.17,11,281.29,2.5911,50,24,0.4583,2010-01-19,2011-11-11,3.918,Increasing,0,"High-Value, Reliable, Recent",Low Risk
12590,4,1,3,25.0,Likely to Exit,726.56,10.0911,9853.48,5,1970.7,4.4721,212,21,0.2381,2010-04-12,2011-06-02,,Insufficient History,0,"High-Value, Reliable, Recent",High Risk
12591,3,1,2,33.33,Likely to Exit,299.4,4.3391,1352.15,3,450.72,2.239,339,15,0.2,2010-10-27,2011-01-26,,Insufficient History,1,"Mid-Value, Unreliable, Recent",Medium Risk
12592,3,1,2,33.33,Likely to Exit,2307.48,27.47,1152.62,8,144.08,3.4171,114,18,0.4444,2010-07-08,2011-09-08,0.0,Declining,1,"Mid-Value, Unreliable, Recent",Medium Risk
12593,2,0,2,0.0,Likely to Exit,55.7,2.6524,418.1,3,139.37,1.7511,130,8,0.375,2011-05-05,2011-08-23,0.0,Declining,1,"Mid-Value, Unreliable, Recent",High Risk
12594,14,0,14,0.0,Likely to Exit,630.37,3.1206,5044.51,17,296.74,1.0689,59,22,0.7727,2010-03-03,2011-11-02,1.12,Increasing,0,"High-Value, Reliable, Recent",High Risk
12595,1,0,1,0.0,Likely to Exit,60.62,3.1905,299.02,1,299.02,4.1231,526,18,0.0556,2010-07-23,2010-07-23,,Insufficient History,2,"Mid-Value, Unreliable, Lapsed",High Risk
12596,2,0,2,0.0,Likely to Exit,118.95,4.4056,618.27,2,309.13,1.8901,73,9,0.2222,2011-04-11,2011-10-19,,Insufficient History,1,"Mid-Value, Unreliable, Recent",High Risk
12597,4,4,0,100.0,Very Loyal,852.51,3.9837,3683.13,5,736.63,1.7456,41,10,0.5,2011-03-16,2011-11-20,,Insufficient History,0,"High-Value, Reliable, Recent",Low Risk
12598,8,2,6,25.0,Likely to Exit,589.53,2.794,4414.67,15,294.31,1.6186,31,22,0.6818,2010-03-01,2011-11-30,1.631,Increasing,0,"High-Value, Reliable, Recent",High Risk
12599,11,0,11,0.0,Likely to Exit,369.11,2.7753,2296.72,13,176.67,1.2042,51,20,0.65,2010-05-11,2011-11-10,0.678,Declining,0,"High-Value, Reliable, Recent",High Risk
12600,17,0,17,0.0,Likely to Exit,852.06,6.0861,4955.79,26,190.61,0.8087,50,25,1.04,2009-12-07,2011-11-11,0.42,Declining,0,"High-Value, Reliable, Recent",High Risk
12601,6,0,6,0.0,Likely to Exit,238.76,6.8217,673.76,7,96.25,1.2743,211,15,0.4667,2010-10-31,2011-06-03,,Insufficient History,1,"Mid-Value, Unreliable, Recent",High Risk
12602,1,0,1,0.0,Likely to Exit,23.65,1.9708,153.12,1,153.12,1.4142,80,3,0.3333,2011-10-12,2011-10-12,,Insufficient History,1,"Mid-Value, Unreliable, Recent",High Risk
12603,1,0,1,0.0,Likely to Exit,28.95,9.65,739.2,1,739.2,1.0,43,2,0.5,2011-11-18,2011-11-18,,Insufficient History,1,"Mid-Value, Unreliable, Recent",High Risk
12604,2,0,2,0.0,Likely to Exit,41.46,2.5912,254.18,2,127.09,2.195,101,10,0.2,2011-03-23,2011-09-21,0.0,Declining,1,"Mid-Value, Unreliable, Recent",High Risk
12605,4,0,4,0.0,Likely to Exit,179.83,2.193,1217.95,5,243.59,2.1707,387,16,0.3125,2010-09-07,2010-12-09,,Insufficient History,1,"Mid-Value, Unreliable, Recent",High Risk
12606,1,0,1,0.0,Likely to Exit,21.0,21.0,21.0,1,21.0,4.7958,704,24,0.0417,2010-01-26,2010-01-26,,Insufficient History,2,"Mid-Value, Unreliable, Lapsed",High Risk
12607,1,1,0,100.0,Very Loyal,435.86,2.1577,0.0,2,0.0,1.4142,80,3,0.6667,2011-10-10,2011-10-12,,Insufficient History,3,"Low-Value, Reliable, Lapsed",Low Risk
12608,1,0,1,0.0,Likely to Exit,26.04,1.6275,415.79,1,415.79,3.7417,426,15,0.0667,2010-10-31,2010-10-31,,Insufficient History,2,"Mid-Value, Unreliable, Lapsed",High Risk
12609,9,2,7,22.22,Likely to Exit,708.52,4.0257,3417.86,10,341.79,1.3696,100,25,0.4,2009-12-20,2011-09-22,0.0,Declining,0,"High-Value, Reliable, Recent",High Risk
12610,3,2,1,66.67,Likely to Stay,545.77,4.9168,2057.99,7,294.0,1.1232,44,5,1.4,2011-08-05,2011-11-17,,Insufficient History,0,"High-Value, Reliable, Recent",Low Risk
12611,1,1,0,100.0,Very Loyal,173.88,2.6751,1193.32,1,1193.32,1.4142,74,3,0.3333,2011-10-18,2011-10-18,,Insufficient History,1,"Mid-Value, Unreliable, Recent",Low Risk
12612,2,0,2,0.0,Likely to Exit,94.24,4.4876,643.59,2,321.8,1.7321,79,4,0.5,2011-09-26,2011-10-13,,Insufficient History,1,"Mid-Value, Unreliable, Recent",High Risk
12613,10,5,5,50.0,At Risk,1032.3,2.9749,6591.52,13,507.04,1.7647,53,25,0.52,2009-12-14,2011-11-08,,Insufficient History,0,"High-Value, Reliable, Recent",Medium Risk
12614,1,1,0,100.0,Very Loyal,112.2,5.61,315.6,1,315.6,3.0,299,10,0.1,2011-03-07,2011-03-07,,Insufficient History,2,"Mid-Value, Unreliable, Lapsed",Low Risk
12615,9,3,6,33.33,Likely to Exit,890.14,3.2019,5564.88,11,505.9,1.7425,24,25,0.44,2009-12-01,2011-12-07,1.873,Increasing,0,"High-Value, Reliable, Recent",Medium Risk
12616,4,0,4,0.0,Likely to Exit,231.85,3.9297,1045.35,7,149.34,1.9792,107,14,0.5,2010-11-16,2011-09-15,0.0,Declining,1,"Mid-Value, Unreliable, Recent",High Risk
12617,1,0,1,0.0,Likely to Exit,79.93,1.9031,355.53,1,355.53,1.0,51,2,0.5,2011-11-10,2011-11-10,,Insufficient History,1,"Mid-Value, Unreliable, Recent",High Risk
12618,1,0,1,0.0,Likely to Exit,73.02,6.6382,177.31,1,177.31,1.0,43,2,0.5,2011-11-18,2011-11-18,,Insufficient History,1,"Mid-Value, Unreliable, Recent",High Risk
12619,7,1,6,14.29,Likely to Exit,1056.05,10.0576,3354.95,14,239.64,1.698,38,20,0.7,2010-05-28,2011-11-23,0.489,Declining,0,"High-Value, Reliable, Recent",High Risk
12620,3,0,3,0.0,Likely to Exit,197.6,2.1478,1339.41,3,446.47,1.3253,36,8,0.375,2011-05-19,2011-11-25,1.059,Stable,1,"Mid-Value, Unreliable, Recent",High Risk
12621,21,9,12,42.86,At Risk,2412.46,3.0693,24579.31,44,558.62,0.6308,23,23,1.913,2010-02-09,2011-12-08,0.767,Declining,0,"High-Value, Reliable, Recent",Medium Risk
12622,1,0,1,0.0,Likely to Exit,63.13,5.7391,180.1,1,180.1,2.8284,254,9,0.1111,2011-04-21,2011-04-21,,Insufficient History,2,"Mid-Value, Unreliable, Lapsed",High Risk
12623,7,1,6,14.29,Likely to Exit,549.31,3.1211,3639.84,9,404.43,2.148,298,24,0.375,2010-01-12,2011-03-08,,Insufficient History,0,"High-Value, Reliable, Recent",High Risk
12624,2,0,2,0.0,Likely to Exit,147.14,3.8721,641.13,2,320.56,1.5857,128,7,0.2857,2011-06-15,2011-08-25,0.0,Declining,1,"Mid-Value, Unreliable, Recent",High Risk
12625,5,3,2,60.0,Likely to Stay,446.35,2.3742,5095.38,5,1019.08,2.1435,233,21,0.2381,2010-04-22,2011-05-12,,Insufficient History,0,"High-Value, Reliable, Recent",Low Risk
12626,7,3,4,42.86,At Risk,872.0,2.8404,6388.35,13,491.41,1.1598,45,12,1.0833,2011-01-17,2011-11-16,0.721,Declining,0,"High-Value, Reliable, Recent",Medium Risk
12627,5,3,2,60.0,Likely to Stay,675.72,2.9379,4478.53,7,639.79,0.5308,32,6,1.1667,2011-07-22,2011-11-29,0.642,Declining,0,"High-Value, Reliable, Recent",Low Risk
12628,3,0,3,0.0,Likely to Exit,158.14,3.6777,769.61,4,192.4,0.1959,26,3,1.3333,2011-10-06,2011-12-05,,Insufficient History,1,"Mid-Value, Unreliable, Recent",High Risk
12629,2,0,2,0.0,Likely to Exit,179.9,3.9978,1558.22,2,779.11,2.563,407,15,0.1333,2010-10-12,2010-11-19,,Insufficient History,2,"Mid-Value, Unreliable, Lapsed",High Risk
12630,2,2,0,100.0,Very Loyal,287.13,4.4864,1270.88,2,635.44,0.7186,31,3,0.6667,2011-10-27,2011-11-30,,Insufficient History,1,"Mid-Value, Unreliable, Recent",Low Risk
12631,6,3,3,50.0,At Risk,578.52,3.1103,3452.27,7,493.18,1.993,79,24,0.2917,2010-01-15,2011-10-13,,Insufficient History,0,"High-Value, Reliable, Recent",Medium Risk
12632,2,0,2,0.0,Likely to Exit,98.67,2.5966,738.88,4,184.72,3.0007,542,20,0.2,2010-05-24,2010-07-07,,Insufficient History,2,"Mid-Value, Unreliable, Lapsed",High Risk
12633,8,4,4,50.0,At Risk,980.69,3.1332,5595.21,10,559.52,1.7682,80,18,0.5556,2010-07-02,2011-10-12,0.982,Stable,0,"High-Value, Reliable, Recent",Medium Risk
12634,1,1,0,100.0,Very Loyal,155.55,7.7775,490.0,2,245.0,4.2426,557,19,0.1053,2010-06-09,2010-06-22,,Insufficient History,2,"Mid-Value, Unreliable, Lapsed",Low Risk
12635,4,3,1,75.0,Likely to Stay,472.78,2.6412,2930.41,4,732.6,1.7988,111,16,0.25,2010-09-09,2011-09-11,0.0,Declining,0,"High-Value, Reliable, Recent",Low Risk
12636,1,1,0,100.0,Very Loyal,141.0,141.0,141.0,1,141.0,4.899,760,25,0.04,2009-12-01,2009-12-01,,Insufficient History,2,"Mid-Value, Unreliable, Lapsed",Low Risk
12637,9,8,1,88.89,Very Loyal,1621.98,2.5383,8271.66,14,590.83,1.5689,89,19,0.7368,2010-06-14,2011-10-03,0.11,Declining,0,"High-Value, Reliable, Recent",Low Risk
12638,2,0,2,0.0,Likely to Exit,161.84,3.3717,921.49,2,460.75,3.508,55,22,0.0909,2010-03-10,2011-11-06,,Insufficient History,1,"Mid-Value, Unreliable, Recent",High Risk
12639,3,2,1,66.67,Likely to Stay,286.19,4.4717,1312.37,3,437.46,2.6512,260,22,0.1364,2010-03-22,2011-04-15,,Insufficient History,1,"Mid-Value, Unreliable, Recent",Low Risk
12640,2,2,0,100.0,Very Loyal,303.0,5.717,1174.58,3,391.53,1.0873,45,4,0.75,2011-09-19,2011-11-16,,Insufficient History,1,"Mid-Value, Unreliable, Recent",Low Risk
12641,1,0,1,0.0,Likely to Exit,69.65,6.965,185.9,1,185.9,2.0,137,5,0.2,2011-08-16,2011-08-16,,Insufficient History,1,"Mid-Value, Unreliable, Recent",High Risk
12642,3,0,3,0.0,Likely to Exit,168.76,3.5906,1013.26,3,337.75,0.826,47,5,0.6,2011-08-24,2011-11-14,,Insufficient History,1,"Mid-Value, Unreliable, Recent",High Risk
12643,10,1,9,10.0,Likely to Exit,373.97,6.678,7880.9,14,562.92,1.5911,150,21,0.6667,2010-04-07,2011-08-03,0.0,Declining,0,"High-Value, Reliable, Recent",High Risk
12644,4,2,2,50.0,At Risk,416.96,3.3899,1815.54,6,302.59,2.4127,151,24,0.25,2010-01-14,2011-08-02,0.0,Declining,1,"Mid-Value, Unreliable, Recent",Medium Risk
12645,9,0,9,0.0,Likely to Exit,422.76,2.5936,3499.1,10,349.91,1.3809,55,23,0.4348,2010-02-09,2011-11-06,0.943,Stable,0,"High-Value, Reliable, Recent",High Risk
12646,2,0,2,0.0,Likely to Exit,107.42,2.3871,1346.97,2,673.49,0.715,26,3,0.6667,2011-10-21,2011-12-05,,Insufficient History,1,"Mid-Value, Unreliable, Recent",High Risk
12647,19,9,10,47.37,At Risk,2787.08,4.8555,17682.79,45,392.95,0.8967,44,24,1.875,2010-01-13,2011-11-17,0.292,Declining,0,"High-Value, Reliable, Recent",Medium Risk
12648,5,1,4,20.0,Likely to Exit,243.89,3.6953,1097.0,5,219.4,2.5525,176,24,0.2083,2010-01-07,2011-07-08,0.0,Declining,1,"Mid-Value, Unreliable, Recent",High Risk
12649,7,0,7,0.0,Likely to Exit,333.57,2.6901,2238.7,10,223.87,1.7726,129,24,0.4167,2010-01-12,2011-08-24,0.0,Declining,0,"High-Value, Reliable, Recent",High Risk
12650,1,0,1,0.0,Likely to Exit,38.69,1.9345,314.44,1,314.44,0.0,25,1,1.0,2011-12-06,2011-12-06,,Insufficient History,1,"Mid-Value, Unreliable, Recent",High Risk
12651,4,0,4,0.0,Likely to Exit,68.7,2.1469,365.3,5,73.06,1.8442,356,17,0.2941,2010-08-31,2011-01-09,,Insufficient History,1,"Mid-Value, Unreliable, Recent",High Risk
12652,2,1,1,50.0,At Risk,159.52,2.9541,1011.58,3,337.19,3.3779,344,15,0.2,2010-10-01,2011-01-21,,Insufficient History,2,"Mid-Value, Unreliable, Lapsed",Medium Risk
12653,3,1,2,33.33,Likely to Exit,236.59,2.751,4160.83,3,1386.94,2.391,170,18,0.1667,2010-07-01,2011-07-14,0.0,Declining,1,"Mid-Value, Unreliable, Recent",Medium Risk
12654,3,0,3,0.0,Likely to Exit,167.98,4.4205,601.98,5,120.4,1.6885,32,11,0.4545,2011-02-17,2011-11-29,,Insufficient History,1,"Mid-Value, Unreliable, Recent",High Risk
12655,1,0,1,0.0,Likely to Exit,87.85,5.4906,261.35,1,261.35,3.7417,445,15,0.0667,2010-10-12,2010-10-12,,Insufficient History,2,"Mid-Value, Unreliable, Lapsed",High Risk
12656,9,5,4,55.56,At Risk,990.7,3.9158,6320.78,12,526.73,1.3141,39,20,0.6,2010-05-26,2011-11-22,0.324,Declining,0,"High-Value, Reliable, Recent",Medium Risk
12657,3,2,1,66.67,Likely to Stay,284.53,5.0809,1152.06,5,230.41,0.9993,33,4,1.25,2011-09-22,2011-11-28,,Insufficient History,0,"High-Value, Reliable, Recent",Low Risk
12658,1,1,0,100.0,Very Loyal,148.12,4.1144,686.05,1,686.05,1.0,40,2,0.5,2011-11-21,2011-11-21,,Insufficient History,1,"Mid-Value, Unreliable, Recent",Low Risk
12659,1,0,1,0.0,Likely to Exit,26.54,5.308,91.68,1,91.68,1.0,51,2,0.5,2011-11-10,2011-11-10,,Insufficient History,1,"Mid-Value, Unreliable, Recent",High Risk
12660,1,0,1,0.0,Likely to Exit,50.25,3.8654,245.1,1,245.1,1.0,33,2,0.5,2011-11-28,2011-11-28,,Insufficient History,1,"Mid-Value, Unreliable, Recent",High Risk
12661,1,0,1,0.0,Likely to Exit,9.65,0.8773,162.0,1,162.0,3.873,458,16,0.0625,2010-09-29,2010-09-29,,Insufficient History,2,"Mid-Value, Unreliable, Lapsed",High Risk
12662,17,3,14,17.65,Likely to Exit,1374.04,3.3432,6949.17,22,315.87,0.5532,22,21,1.0476,2010-04-01,2011-12-09,1.467,Increasing,0,"High-Value, Reliable, Recent",High Risk
12663,2,0,2,0.0,Likely to Exit,61.35,5.5773,204.0,3,68.0,3.3809,646,23,0.1304,2010-02-09,2010-03-25,,Insufficient History,2,"Mid-Value, Unreliable, Lapsed",High Risk
12664,9,0,9,0.0,Likely to Exit,529.92,11.52,6052.04,12,504.34,1.4192,30,25,0.48,2009-12-13,2011-12-01,2.657,Increasing,0,"High-Value, Reliable, Recent",High Risk
12665,3,0,3,0.0,Likely to Exit,90.8,4.3238,301.45,5,60.29,2.856,346,23,0.2174,2010-02-08,2011-01-19,,Insufficient History,2,"Mid-Value, Unreliable, Lapsed",High Risk
12666,2,1,1,50.0,At Risk,127.31,3.8579,1020.98,2,510.49,3.6056,381,14,0.1429,2010-11-10,2010-12-15,,Insufficient History,2,"Mid-Value, Unreliable, Lapsed",Medium Risk
12667,1,1,0,100.0,Very Loyal,119.6,3.6242,620.13,1,620.13,1.4142,80,3,0.3333,2011-10-12,2011-10-12,,Insufficient History,1,"Mid-Value, Unreliable, Recent",Low Risk
12668,11,7,4,63.64,Likely to Stay,1892.47,3.4661,11380.71,12,948.39,1.4718,29,24,0.5,2010-01-31,2011-12-02,,Insufficient History,0,"High-Value, Reliable, Recent",Low Risk
12669,3,2,1,66.67,Likely to Stay,2524.18,24.7469,1607.73,4,401.93,1.6507,172,10,0.4,2011-03-28,2011-07-12,0.0,Declining,1,"Mid-Value, Unreliable, Recent",Low Risk
12670,6,0,6,0.0,Likely to Exit,428.21,3.6599,3750.39,8,468.8,2.0187,32,23,0.3478,2010-02-11,2011-11-29,2.223,Increasing,0,"High-Value, Reliable, Recent",High Risk
12671,1,1,0,100.0,Very Loyal,122.69,2.7265,2622.48,1,2622.48,4.4721,628,21,0.0476,2010-04-12,2010-04-12,,Insufficient History,2,"Mid-Value, Unreliable, Lapsed",Low Risk
12672,2,0,2,0.0,Likely to Exit,111.75,4.47,410.5,3,136.83,3.0841,351,21,0.1429,2010-04-23,2011-01-14,,Insufficient History,2,"Mid-Value, Unreliable, Lapsed",High Risk
12673,3,0,3,0.0,Likely to Exit,219.34,2.9641,1230.02,3,410.01,2.0994,27,14,0.2143,2010-11-03,2011-12-04,,Insufficient History,1,"Mid-Value, Unreliable, Recent",High Risk
12674,4,0,4,0.0,Likely to Exit,290.68,3.1943,1919.31,7,274.19,1.0301,33,8,0.875,2011-05-16,2011-11-28,1.287,Increasing,1,"Mid-Value, Unreliable, Recent",High Risk
12675,2,1,1,50.0,At Risk,450.77,3.9197,934.8,4,233.7,4.2983,575,20,0.2,2010-05-10,2010-06-04,,Insufficient History,2,"Mid-Value, Unreliable, Lapsed",Medium Risk
12676,8,2,6,25.0,Likely to Exit,595.51,5.514,2773.09,12,231.09,1.5476,46,17,0.7059,2010-08-13,2011-11-15,0.566,Declining,0,"High-Value, Reliable, Recent",High Risk
12677,3,0,3,0.0,Likely to Exit,90.95,3.9543,389.3,3,129.77,3.3934,577,25,0.12,2009-12-07,2010-06-02,,Insufficient History,2,"Mid-Value, Unreliable, Lapsed",High Risk
12678,16,8,8,50.0,At Risk,1819.91,4.7767,33851.13,23,1471.79,1.5618,64,24,0.9583,2010-01-07,2011-10-28,3.208,Increasing,0,"High-Value, Reliable, Recent",Medium Risk
12679,4,1,3,25.0,Likely to Exit,215.13,3.8416,1058.67,9,117.63,2.0893,74,10,0.9,2011-03-01,2011-10-18,1.01,Stable,1,"Mid-Value, Unreliable, Recent",High Risk
12680,3,0,3,0.0,Likely to Exit,207.17,3.9089,880.81,4,220.2,0.8207,22,5,0.8,2011-08-18,2011-12-09,,Insufficient History,1,"Mid-Value, Unreliable, Recent",High Risk
12681,21,17,4,80.95,Very Loyal,4476.04,2.996,30551.76,56,545.57,0.8386,36,25,2.24,2009-12-13,2011-11-25,1.629,Increasing,0,"High-Value, Reliable, Recent",Low Risk
12682,25,21,4,84.0,Very Loyal,5555.43,3.5635,35603.4,53,671.76,0.5935,25,25,2.12,2009-12-01,2011-12-06,1.275,Increasing,0,"High-Value, Reliable, Recent",Low Risk
12683,14,8,6,57.14,At Risk,1617.44,2.8831,12418.6,27,459.95,1.1669,26,25,1.08,2009-12-13,2011-12-05,1.258,Increasing,0,"High-Value, Reliable, Recent",Medium Risk
12684,5,1,4,20.0,Likely to Exit,266.28,2.536,2283.63,7,326.23,1.0539,29,8,0.875,2011-05-10,2011-12-02,,Insufficient History,0,"High-Value, Reliable, Recent",High Risk
12685,3,2,1,66.67,Likely to Stay,482.15,3.071,2863.08,6,477.18,0.9507,50,4,1.5,2011-09-07,2011-11-11,,Insufficient History,0,"High-Value, Reliable, Recent",Low Risk
12686,1,0,1,0.0,Likely to Exit,45.62,3.2586,178.28,1,178.28,3.4641,393,13,0.0769,2010-12-03,2010-12-03,,Insufficient History,2,"Mid-Value, Unreliable, Lapsed",High Risk
12687,1,1,0,100.0,Very Loyal,564.93,4.4836,2138.91,2,1069.45,4.0,502,17,0.1176,2010-08-16,2010-08-16,,Insufficient History,2,"Mid-Value, Unreliable, Lapsed",Low Risk
12688,1,1,0,100.0,Very Loyal,705.33,4.1247,4873.81,1,4873.81,2.0,135,5,0.2,2011-08-18,2011-08-18,,Insufficient History,0,"High-Value, Reliable, Recent",Low Risk
12689,2,1,1,50.0,At Risk,205.34,2.8519,1247.61,2,623.8,1.2577,47,5,0.4,2011-08-04,2011-11-14,,Insufficient History,1,"Mid-Value, Unreliable, Recent",Medium Risk
12690,1,0,1,0.0,Likely to Exit,88.43,5.5269,389.01,1,389.01,2.6458,227,8,0.125,2011-05-18,2011-05-18,,Insufficient History,1,"Mid-Value, Unreliable, Recent",High Risk
12691,6,0,6,0.0,Likely to Exit,198.7,5.0949,1170.4,7,167.2,1.3065,50,15,0.4667,2010-10-15,2011-11-11,3.195,Increasing,1,"Mid-Value, Unreliable, Recent",High Risk
12692,1,0,1,0.0,Likely to Exit,40.6,3.1231,110.95,1,110.95,4.5826,659,22,0.0455,2010-03-12,2010-03-12,,Insufficient History,2,"Mid-Value, Unreliable, Lapsed",High Risk
12693,7,1,6,14.29,Likely to Exit,425.17,5.1225,1640.42,11,149.13,1.5724,142,18,0.6111,2010-07-05,2011-08-11,0.0,Declining,0,"High-Value, Reliable, Recent",High Risk
12694,3,0,3,0.0,Likely to Exit,243.23,2.8956,1839.45,4,459.86,2.2033,92,15,0.2667,2010-10-14,2011-09-30,0.0,Declining,1,"Mid-Value, Unreliable, Recent",High Risk
12695,7,1,6,14.29,Likely to Exit,317.72,5.3851,1407.12,7,201.02,1.9528,29,23,0.3043,2010-02-12,2011-12-02,1.015,Stable,1,"Mid-Value, Unreliable, Recent",High Risk
12696,3,0,3,0.0,Likely to Exit,212.15,4.243,801.15,3,267.05,3.4326,456,24,0.125,2010-01-26,2010-10-01,,Insufficient History,2,"Mid-Value, Unreliable, Lapsed",High Risk
12697,4,0,4,0.0,Likely to Exit,210.67,4.8993,939.02,5,187.8,1.2026,43,7,0.7143,2011-06-23,2011-11-18,0.645,Declining,1,"Mid-Value, Unreliable, Recent",High Risk
12698,1,0,1,0.0,Likely to Exit,81.6,5.1,339.75,1,339.75,4.4721,612,21,0.0476,2010-04-28,2010-04-28,,Insufficient History,2,"Mid-Value, Unreliable, Lapsed",High Risk
12699,1,1,0,100.0,Very Loyal,127.56,3.1112,638.11,1,638.11,3.7417,439,15,0.0667,2010-10-18,2010-10-18,,Insufficient History,2,"Mid-Value, Unreliable, Lapsed",Low Risk
12700,4,4,0,100.0,Very Loyal,738.13,2.7338,4867.99,6,811.33,1.0189,29,8,0.75,2011-05-08,2011-12-02,2.607,Increasing,0,"High-Value, Reliable, Recent",Low Risk
12701,4,1,3,25.0,Likely to Exit,438.0,2.9796,2446.41,6,407.73,2.3995,101,22,0.2727,2010-03-16,2011-09-21,0.0,Declining,1,"Mid-Value, Unreliable, Recent",High Risk
12702,1,0,1,0.0,Likely to Exit,65.3,5.4417,219.0,1,219.0,1.0,41,2,0.5,2011-11-20,2011-11-20,,Insufficient History,1,"Mid-Value, Unreliable, Recent",High Risk
12703,4,1,3,25.0,Likely to Exit,261.87,3.1175,892.18,7,127.45,2.9861,86,24,0.2917,2010-01-24,2011-10-06,-0.031,Declining,1,"Mid-Value, Unreliable, Recent",High Risk
12704,5,2,3,40.0,At Risk,645.7,7.1744,2220.84,10,222.08,0.9138,29,7,1.4286,2011-06-23,2011-12-02,0.86,Declining,0,"High-Value, Reliable, Recent",Medium Risk
12705,13,11,2,84.62,Very Loyal,1636.73,2.6146,11554.0,22,525.18,1.1769,37,25,0.88,2009-12-03,2011-11-24,1.011,Stable,0,"High-Value, Reliable, Recent",Low Risk
12706,1,0,1,0.0,Likely to Exit,91.89,91.89,-91.89,1,-91.89,0.0,704,24,0.0417,2010-01-26,2010-01-26,,Insufficient History,3,"Low-Value, Reliable, Lapsed",High Risk
12707,1,1,0,100.0,Very Loyal,106.81,3.2367,603.42,1,603.42,3.1623,313,11,0.0909,2011-02-21,2011-02-21,,Insufficient History,2,"Mid-Value, Unreliable, Lapsed",Low Risk
12708,20,3,17,15.0,Likely to Exit,1381.11,4.1104,5118.16,30,170.61,0.8319,51,25,1.2,2009-12-18,2011-11-10,0.395,Declining,0,"High-Value, Reliable, Recent",High Risk
12709,24,10,14,41.67,At Risk,2359.7,4.0131,30312.61,55,551.14,0.846,25,25,2.2,2009-12-09,2011-12-06,0.613,Declining,0,"High-Value, Reliable, Recent",Medium Risk
12710,4,1,3,25.0,Likely to Exit,227.77,2.8832,1130.57,4,282.64,1.7154,118,8,0.5,2011-05-22,2011-09-04,0.0,Declining,1,"Mid-Value, Unreliable, Recent",High Risk
12711,2,0,2,0.0,Likely to Exit,154.76,2.5793,1339.05,2,669.52,3.2971,633,23,0.087,2010-02-01,2010-04-07,,Insufficient History,2,"Mid-Value, Unreliable, Lapsed",High Risk
12712,19,5,14,26.32,Likely to Exit,1580.33,5.3753,6979.66,28,249.27,0.8879,44,25,1.12,2009-12-09,2011-11-17,0.45,Declining,0,"High-Value, Reliable, Recent",High Risk
12713,1,0,1,0.0,Likely to Exit,95.13,2.5034,848.55,1,848.55,0.0,22,1,1.0,2011-12-09,2011-12-09,,Insufficient History,1,"Mid-Value, Unreliable, Recent",High Risk
12714,12,10,2,83.33,Very Loyal,1786.9,2.5674,14093.71,12,1174.48,1.1774,31,25,0.48,2009-12-04,2011-11-30,1.184,Increasing,0,"High-Value, Reliable, Recent",Low Risk
12715,1,0,1,0.0,Likely to Exit,71.44,3.4019,353.86,1,353.86,2.0,128,5,0.2,2011-08-25,2011-08-25,,Insufficient History,1,"Mid-Value, Unreliable, Recent",High Risk
12716,2,1,1,50.0,At Risk,183.94,2.6658,1053.49,2,526.75,1.499,25,6,0.3333,2011-07-29,2011-12-06,0.554,Declining,1,"Mid-Value, Unreliable, Recent",Medium Risk
12717,3,2,1,66.67,Likely to Stay,402.24,5.5867,1258.91,4,314.73,2.5844,173,21,0.1905,2010-04-28,2011-07-11,0.0,Declining,1,"Mid-Value, Unreliable, Recent",Low Risk
12718,1,0,1,0.0,Likely to Exit,51.72,2.7221,238.25,1,238.25,1.7321,93,4,0.25,2011-09-29,2011-09-29,,Insufficient History,1,"Mid-Value, Unreliable, Recent",High Risk
12719,2,0,2,0.0,Likely to Exit,149.5,3.5595,608.1,3,202.7,0.7224,27,3,1.0,2011-10-05,2011-12-04,,Insufficient History,1,"Mid-Value, Unreliable, Recent",High Risk
12720,18,7,11,38.89,Likely to Exit,1480.74,2.7781,8047.88,41,196.29,0.646,24,18,2.2778,2010-07-21,2011-12-07,1.61,Increasing,0,"High-Value, Reliable, Recent",Medium Risk
12721,9,3,6,33.33,Likely to Exit,879.46,3.4624,3906.68,10,390.67,1.1494,53,17,0.5882,2010-08-25,2011-11-08,1.792,Increasing,0,"High-Value, Reliable, Recent",Medium Risk
12722,3,1,2,33.33,Likely to Exit,251.27,4.4082,904.33,6,150.72,1.3961,107,6,1.0,2011-07-12,2011-09-15,0.0,Declining,1,"Mid-Value, Unreliable, Recent",Medium Risk
12723,3,1,2,33.33,Likely to Exit,220.96,3.2023,725.07,5,145.01,0.4881,25,3,1.6667,2011-10-05,2011-12-06,,Insufficient History,1,"Mid-Value, Unreliable, Recent",Medium Risk
12724,7,1,6,14.29,Likely to Exit,416.88,3.2316,2317.52,7,331.07,1.5521,27,19,0.3684,2010-06-22,2011-12-04,0.384,Declining,0,"High-Value, Reliable, Recent",High Risk
12725,3,3,0,100.0,Very Loyal,729.83,5.6141,2694.56,4,673.64,2.4903,393,20,0.2,2010-05-04,2010-12-03,,Insufficient History,0,"High-Value, Reliable, Recent",Low Risk
12726,11,0,11,0.0,Likely to Exit,391.25,2.1858,4014.6,11,364.96,1.1997,50,22,0.5,2010-03-25,2011-11-11,2.195,Increasing,0,"High-Value, Reliable, Recent",High Risk
12727,9,2,7,22.22,Likely to Exit,685.51,3.344,5646.53,12,470.54,1.3065,32,23,0.5217,2010-02-23,2011-11-29,1.197,Increasing,0,"High-Value, Reliable, Recent",High Risk
12728,5,0,5,0.0,Likely to Exit,274.31,4.4969,1070.17,5,214.03,1.3623,93,14,0.3571,2010-11-21,2011-09-29,0.0,Declining,1,"Mid-Value, Unreliable, Recent",High Risk
12729,1,0,1,0.0,Likely to Exit,96.24,3.7015,453.01,1,453.01,2.0,135,5,0.2,2011-08-18,2011-08-18,,Insufficient History,1,"Mid-Value, Unreliable, Recent",High Risk
12730,1,1,0,100.0,Very Loyal,231.05,4.916,829.25,1,829.25,4.1231,543,18,0.0556,2010-07-06,2010-07-06,,Insufficient History,2,"Mid-Value, Unreliable, Lapsed",Low Risk
12731,15,4,11,26.67,Likely to Exit,1340.28,3.3845,25673.21,19,1351.22,0.9185,45,22,0.8636,2010-03-02,2011-11-16,0.751,Declining,0,"High-Value, Reliable, Recent",High Risk
12732,1,0,1,0.0,Likely to Exit,42.27,3.5225,236.26,1,236.26,2.4495,201,7,0.1429,2011-06-13,2011-06-13,,Insufficient History,1,"Mid-Value, Unreliable, Recent",High Risk
12733,5,3,2,60.0,Likely to Stay,583.11,3.5994,2326.82,6,387.8,2.5556,256,24,0.25,2010-01-19,2011-04-19,,Insufficient History,0,"High-Value, Reliable, Recent",Low Risk
12734,2,0,2,0.0,Likely to Exit,72.89,3.8363,639.65,3,213.22,3.0002,374,14,0.2143,2010-11-12,2010-12-22,,Insufficient History,2,"Mid-Value, Unreliable, Lapsed",High Risk
12735,1,1,0,100.0,Very Loyal,232.9,5.4163,779.57,2,389.79,3.3166,337,12,0.1667,2011-01-06,2011-01-28,,Insufficient History,2,"Mid-Value, Unreliable, Lapsed",Low Risk
12736,1,0,1,0.0,Likely to Exit,22.32,5.58,234.0,1,234.0,3.3166,354,12,0.0833,2011-01-11,2011-01-11,,Insufficient History,2,"Mid-Value, Unreliable, Lapsed",High Risk
12737,1,1,0,100.0,Very Loyal,3710.5,1855.25,3710.5,2,1855.25,4.1231,520,18,0.1111,2010-07-29,2010-07-29,,Insufficient History,2,"Mid-Value, Unreliable, Lapsed",Low Risk
12738,1,0,1,0.0,Likely to Exit,86.9,3.95,310.7,1,310.7,3.4641,394,13,0.0769,2010-12-02,2010-12-02,,Insufficient History,2,"Mid-Value, Unreliable, Lapsed",High Risk
12739,2,2,0,100.0,Very Loyal,726.92,8.1676,2726.73,4,681.68,2.5421,100,14,0.2857,2010-11-10,2011-09-22,0.0,Declining,0,"High-Value, Reliable, Recent",Low Risk
12740,1,0,1,0.0,Likely to Exit,56.0,2.0741,427.6,1,427.6,1.4142,85,3,0.3333,2011-10-07,2011-10-07,,Insufficient History,1,"Mid-Value, Unreliable, Recent",High Risk
12741,1,1,0,100.0,Very Loyal,195.53,12.2206,406.07,2,203.03,4.2426,551,19,0.1053,2010-06-24,2010-06-28,,Insufficient History,2,"Mid-Value, Unreliable, Lapsed",Low Risk
12742,2,1,1,50.0,At Risk,116.13,1.7078,1185.02,2,592.51,4.5826,621,22,0.0909,2010-03-24,2010-04-19,,Insufficient History,2,"Mid-Value, Unreliable, Lapsed",Medium Risk
12743,1,1,0,100.0,Very Loyal,407.17,3.0386,546.43,2,273.22,2.2361,156,6,0.3333,2011-07-28,2011-07-28,0.0,Declining,1,"Mid-Value, Unreliable, Recent",Low Risk
12744,6,6,0,100.0,Very Loyal,25481.4,73.6457,13158.16,14,939.87,1.9492,73,21,0.6667,2010-04-27,2011-10-19,0.253,Declining,0,"High-Value, Reliable, Recent",Low Risk
12745,3,1,2,33.33,Likely to Exit,269.54,11.7191,925.41,3,308.47,2.826,508,24,0.125,2010-01-26,2010-08-10,,Insufficient History,2,"Mid-Value, Unreliable, Lapsed",Medium Risk
12746,2,0,2,0.0,Likely to Exit,73.95,3.6975,230.85,3,76.95,4.899,549,25,0.12,2009-12-08,2010-06-30,,Insufficient History,2,"Mid-Value, Unreliable, Lapsed",High Risk
12747,18,2,16,11.11,Likely to Exit,1166.0,4.4,9164.59,32,286.39,0.9086,24,25,1.28,2009-12-07,2011-12-07,4.729,Increasing,0,"High-Value, Reliable, Recent",High Risk
12748,25,22,3,88.0,Very Loyal,25819.56,3.5335,49970.13,365,136.9,1.027,22,25,14.6,2009-12-04,2011-12-09,1.961,Increasing,0,"High-Value, Reliable, Recent",Low Risk
12749,7,7,0,100.0,Very Loyal,2280.73,5.7305,6328.49,16,395.53,1.4203,25,18,0.8889,2010-07-06,2011-12-06,0.763,Declining,0,"High-Value, Reliable, Recent",Low Risk
12750,1,0,1,0.0,Likely to Exit,69.3,4.62,275.88,1,275.88,2.0,150,5,0.2,2011-08-03,2011-08-03,,Insufficient History,1,"Mid-Value, Unreliable, Recent",High Risk
12751,1,1,0,100.0,Very Loyal,113.71,1.834,268.27,1,268.27,3.873,466,16,0.0625,2010-09-21,2010-09-21,,Insufficient History,2,"Mid-Value, Unreliable, Lapsed",Low Risk
12752,1,1,0,100.0,Very Loyal,121.59,2.2942,4366.78,1,4366.78,1.7321,103,4,0.25,2011-09-19,2011-09-19,,Insufficient History,0,"High-Value, Reliable, Recent",Low Risk
12753,9,1,8,11.11,Likely to Exit,536.39,2.3321,21024.01,11,1911.27,1.3042,25,13,0.8462,2010-12-12,2011-12-06,1.292,Increasing,0,"High-Value, Reliable, Recent",High Risk
12754,3,0,3,0.0,Likely to Exit,132.5,2.0385,2949.12,5,589.82,3.0915,257,11,0.4545,2011-02-04,2011-04-18,,Insufficient History,1,"Mid-Value, Unreliable, Recent",High Risk
12755,9,0,9,0.0,Likely to Exit,256.96,2.1962,6406.35,22,291.2,4.1401,271,25,0.88,2009-12-02,2011-04-04,,Insufficient History,0,"High-Value, Reliable, Recent",High Risk
12756,1,0,1,0.0,Likely to Exit,2.97,0.7425,112.08,1,112.08,1.7321,108,4,0.25,2011-09-14,2011-09-14,,Insufficient History,1,"Mid-Value, Unreliable, Recent",High Risk
12757,6,1,5,16.67,Likely to Exit,8035.24,21.3136,4227.7,19,222.51,1.3811,37,8,2.375,2011-05-12,2011-11-24,3.139,Increasing,0,"High-Value, Reliable, Recent",High Risk
12758,7,3,4,42.86,At Risk,714.05,2.2525,9779.0,8,1222.38,1.8448,138,25,0.32,2009-12-01,2011-08-15,0.0,Declining,0,"High-Value, Reliable, Recent",Medium Risk
12759,8,3,5,37.5,Likely to Exit,867.58,2.8728,5020.74,8,627.59,1.5953,74,25,0.32,2009-12-04,2011-10-18,,Insufficient History,0,"High-Value, Reliable, Recent",Medium Risk
12760,1,0,1,0.0,Likely to Exit,62.56,2.979,347.8,1,347.8,3.873,477,16,0.0625,2010-09-10,2010-09-10,,Insufficient History,2,"Mid-Value, Unreliable, Lapsed",High Risk
12761,1,1,0,100.0,Very Loyal,118.65,4.3944,782.95,2,391.47,3.873,479,16,0.125,2010-09-01,2010-09-08,,Insufficient History,2,"Mid-Value, Unreliable, Lapsed",Low Risk
12762,2,1,1,50.0,At Risk,188.79,2.7361,1898.52,2,949.26,0.5137,29,2,1.0,2011-11-14,2011-12-02,,Insufficient History,1,"Mid-Value, Unreliable, Recent",Medium Risk
12763,2,0,2,0.0,Likely to Exit,60.88,1.7906,814.16,2,407.08,2.7624,160,13,0.1538,2010-12-05,2011-07-24,0.0,Declining,1,"Mid-Value, Unreliable, Recent",High Risk
12764,1,1,0,100.0,Very Loyal,242.44,5.3876,1693.88,1,1693.88,3.3166,338,12,0.0833,2011-01-27,2011-01-27,,Insufficient History,2,"Mid-Value, Unreliable, Lapsed",Low Risk
12765,5,0,5,0.0,Likely to Exit,180.33,2.6519,1404.58,6,234.1,2.3331,494,22,0.2727,2010-03-08,2010-08-24,,Insufficient History,2,"Mid-Value, Unreliable, Lapsed",High Risk
12766,9,7,2,77.78,Likely to Stay,1383.08,3.0132,10026.43,11,911.49,0.9739,25,15,0.7333,2010-10-28,2011-12-06,2.176,Increasing,0,"High-Value, Reliable, Recent",Low Risk
12767,1,0,1,0.0,Likely to Exit,90.08,2.0949,949.82,1,949.82,3.6056,397,14,0.0714,2010-11-29,2010-11-29,,Insufficient History,2,"Mid-Value, Unreliable, Lapsed",High Risk
12768,2,0,2,0.0,Likely to Exit,60.16,3.008,0.0,2,0.0,3.873,453,16,0.125,2010-09-15,2010-10-04,,Insufficient History,3,"Low-Value, Reliable, Lapsed",High Risk
12769,1,1,0,100.0,Very Loyal,142.6,4.4562,1143.6,1,1143.6,2.8284,260,9,0.1111,2011-04-15,2011-04-15,,Insufficient History,1,"Mid-Value, Unreliable, Recent",Low Risk
12770,6,0,6,0.0,Likely to Exit,103.48,2.7968,2975.95,7,425.14,3.1296,232,21,0.3333,2010-04-07,2011-05-13,,Insufficient History,1,"Mid-Value, Unreliable, Recent",High Risk
12771,2,0,2,0.0,Likely to Exit,89.8,5.6125,262.5,2,131.25,4.0,486,17,0.1176,2010-08-11,2010-09-01,,Insufficient History,2,"Mid-Value, Unreliable, Lapsed",High Risk
12772,1,1,0,100.0,Very Loyal,203.54,3.7007,892.47,1,892.47,1.4142,81,3,0.3333,2011-10-11,2011-10-11,,Insufficient History,1,"Mid-Value, Unreliable, Recent",Low Risk
12773,1,0,1,0.0,Likely to Exit,24.22,2.0183,-0.0,2,-0.0,4.3589,586,20,0.1,2010-05-24,2010-05-24,,Insufficient History,3,"Low-Value, Reliable, Lapsed",High Risk
12774,1,0,1,0.0,Likely to Exit,23.8,3.9667,98.7,1,98.7,4.2426,557,19,0.0526,2010-06-22,2010-06-22,,Insufficient History,2,"Mid-Value, Unreliable, Lapsed",High Risk
12775,7,0,7,0.0,Likely to Exit,309.42,3.7734,1651.32,8,206.42,1.1938,39,15,0.5333,2010-10-26,2011-11-22,,Insufficient History,1,"Mid-Value, Unreliable, Recent",High Risk
12776,1,0,1,0.0,Likely to Exit,30.12,7.53,55.5,1,55.5,4.6904,689,23,0.0435,2010-02-10,2010-02-10,,Insufficient History,2,"Mid-Value, Unreliable, Lapsed",High Risk
12777,1,0,1,0.0,Likely to Exit,83.21,3.2004,519.45,1,519.45,3.873,479,16,0.0625,2010-09-08,2010-09-08,,Insufficient History,2,"Mid-Value, Unreliable, Lapsed",High Risk
12778,8,0,8,0.0,Likely to Exit,360.65,3.1361,1757.68,10,175.77,1.4986,41,21,0.4762,2010-04-16,2011-11-20,,Insufficient History,0,"High-Value, Reliable, Recent",High Risk
12779,15,3,12,20.0,Likely to Exit,928.18,3.1464,6406.76,21,305.08,1.1074,43,25,0.84,2009-12-03,2011-11-18,,Insufficient History,0,"High-Value, Reliable, Recent",High Risk
12780,1,0,1,0.0,Likely to Exit,60.74,3.037,337.4,1,337.4,4.4721,620,21,0.0476,2010-04-20,2010-04-20,,Insufficient History,2,"Mid-Value, Unreliable, Lapsed",High Risk
12781,4,0,4,0.0,Likely to Exit,88.15,2.9383,707.72,5,141.54,2.2571,43,11,0.4545,2011-02-28,2011-11-18,,Insufficient History,1,"Mid-Value, Unreliable, Recent",High Risk
12782,9,3,6,33.33,Likely to Exit,926.54,3.8446,4526.04,14,323.29,1.0997,26,18,0.7778,2010-07-08,2011-12-05,0.489,Declining,0,"High-Value, Reliable, Recent",Medium Risk
12783,4,1,3,25.0,Likely to Exit,1649.24,19.1772,1603.87,8,200.48,0.7431,24,4,2.0,2011-09-25,2011-12-07,,Insufficient History,0,"High-Value, Reliable, Recent",High Risk
12784,2,2,0,100.0,Very Loyal,428.41,3.2703,1804.75,3,601.58,3.1233,31,19,0.1579,2010-06-28,2011-11-30,,Insufficient History,1,"Mid-Value, Unreliable, Recent",Low Risk
12785,5,1,4,20.0,Likely to Exit,306.68,5.2876,1079.31,5,215.86,2.7308,24,25,0.2,2009-12-08,2011-12-07,,Insufficient History,1,"Mid-Value, Unreliable, Recent",High Risk
12786,1,0,1,0.0,Likely to Exit,55.8,3.1,728.5,1,728.5,4.4721,631,21,0.0476,2010-04-09,2010-04-09,,Insufficient History,2,"Mid-Value, Unreliable, Lapsed",High Risk
12787,4,0,4,0.0,Likely to Exit,141.09,3.1353,859.18,5,171.84,1.9228,31,15,0.3333,2010-10-22,2011-11-30,0.638,Declining,1,"Mid-Value, Unreliable, Recent",High Risk
12788,3,0,3,0.0,Likely to Exit,107.1,4.1192,444.9,4,111.22,2.3202,485,19,0.2105,2010-06-29,2010-09-02,,Insufficient History,2,"Mid-Value, Unreliable, Lapsed",High Risk
12789,3,0,3,0.0,Likely to Exit,134.75,16.8438,273.35,3,91.12,2.6461,87,24,0.125,2010-01-15,2011-10-05,,Insufficient History,1,"Mid-Value, Unreliable, Recent",High Risk
12790,2,1,1,50.0,At Risk,183.1,4.5775,563.45,3,187.82,2.5636,214,15,0.2,2010-10-25,2011-05-31,,Insufficient History,1,"Mid-Value, Unreliable, Recent",Medium Risk
12791,4,1,3,25.0,Likely to Exit,561.51,17.5472,777.75,8,97.22,2.4674,395,22,0.3636,2010-03-25,2010-12-01,,Insufficient History,1,"Mid-Value, Unreliable, Recent",High Risk
12792,3,1,2,33.33,Likely to Exit,201.66,4.2012,813.88,3,271.29,3.3184,278,24,0.125,2010-01-26,2011-03-28,,Insufficient History,2,"Mid-Value, Unreliable, Lapsed",Medium Risk
12793,3,0,3,0.0,Likely to Exit,205.89,4.0371,1017.33,3,339.11,1.9542,356,14,0.2143,2010-11-03,2011-01-09,,Insufficient History,1,"Mid-Value, Unreliable, Recent",High Risk
12794,2,0,2,0.0,Likely to Exit,93.47,2.0771,860.41,2,430.2,1.067,75,4,0.5,2011-09-02,2011-10-17,,Insufficient History,1,"Mid-Value, Unreliable, Recent",High Risk
12795,1,1,0,100.0,Very Loyal,107.73,7.695,430.48,1,430.48,1.0,40,2,0.5,2011-11-21,2011-11-21,,Insufficient History,1,"Mid-Value, Unreliable, Recent",Low Risk
12796,1,0,1,0.0,Likely to Exit,26.7,3.8143,381.0,1,381.0,4.5826,650,22,0.0455,2010-03-21,2010-03-21,,Insufficient History,2,"Mid-Value, Unreliable, Lapsed",High Risk
12797,3,1,2,33.33,Likely to Exit,245.64,5.0131,725.46,6,120.91,2.6475,382,15,0.4,2010-10-11,2010-12-14,,Insufficient History,1,"Mid-Value, Unreliable, Recent",Medium Risk
12798,4,0,4,0.0,Likely to Exit,29.72,0.9006,8510.93,4,2127.73,1.8425,32,15,0.2667,2010-10-14,2011-11-29,,Insufficient History,0,"High-Value, Reliable, Recent",High Risk
12799,1,0,1,0.0,Likely to Exit,42.55,2.8367,219.35,1,219.35,4.2426,551,19,0.0526,2010-06-28,2010-06-28,,Insufficient History,2,"Mid-Value, Unreliable, Lapsed",High Risk
12800,2,0,2,0.0,Likely to Exit,130.46,3.8371,584.25,3,194.75,3.4881,492,23,0.1304,2010-02-01,2010-08-26,,Insufficient History,2,"Mid-Value, Unreliable, Lapsed",High Risk
12801,2,1,1,50.0,At Risk,269.82,5.2906,1031.87,2,515.94,4.1231,499,18,0.1111,2010-07-27,2010-08-19,,Insufficient History,2,"Mid-Value, Unreliable, Lapsed",Medium Risk
12802,5,1,4,20.0,Likely to Exit,371.67,2.6548,2350.42,9,261.16,1.8434,205,20,0.45,2010-05-25,2011-06-09,,Insufficient History,0,"High-Value, Reliable, Recent",High Risk
12803,1,0,1,0.0,Likely to Exit,99.79,1.8144,1092.81,1,1092.81,3.6056,415,14,0.0714,2010-11-11,2010-11-11,,Insufficient History,2,"Mid-Value, Unreliable, Lapsed",High Risk
12804,2,1,1,50.0,At Risk,135.16,2.0173,327.02,2,163.51,2.8444,487,18,0.1111,2010-07-27,2010-08-31,,Insufficient History,2,"Mid-Value, Unreliable, Lapsed",Medium Risk
12805,4,0,4,0.0,Likely to Exit,211.75,3.6509,1434.95,4,358.74,2.2781,403,23,0.1739,2010-02-03,2010-11-23,,Insufficient History,1,"Mid-Value, Unreliable, Recent",High Risk
12806,4,1,3,25.0,Likely to Exit,445.75,6.653,2878.96,4,719.74,3.0448,457,21,0.1905,2010-04-30,2010-09-30,,Insufficient History,2,"Mid-Value, Unreliable, Lapsed",High Risk
12807,1,1,0,100.0,Very Loyal,144.65,8.0361,269.95,3,89.98,3.6056,404,14,0.2143,2010-11-18,2010-11-22,,Insufficient History,2,"Mid-Value, Unreliable, Lapsed",Low Risk
12808,4,0,4,0.0,Likely to Exit,207.14,3.8359,906.1,5,181.22,1.7962,58,16,0.3125,2010-09-03,2011-11-03,,Insufficient History,1,"Mid-Value, Unreliable, Recent",High Risk
12809,4,3,1,75.0,Likely to Stay,567.12,6.3721,1705.34,8,213.17,2.5361,190,22,0.3636,2010-03-02,2011-06-24,,Insufficient History,0,"High-Value, Reliable, Recent",Low Risk
12810,2,0,2,0.0,Likely to Exit,62.13,1.9416,534.99,2,267.5,3.5169,556,23,0.087,2010-02-01,2010-06-23,,Insufficient History,2,"Mid-Value, Unreliable, Lapsed",High Risk
12811,4,0,4,0.0,Likely to Exit,243.8,4.3536,1033.9,5,206.78,1.6655,282,15,0.3333,2010-10-08,2011-03-24,,Insufficient History,1,"Mid-Value, Unreliable, Recent",High Risk
12812,1,0,1,0.0,Likely to Exit,31.03,2.0687,229.64,1,229.64,1.4142,66,3,0.3333,2011-10-26,2011-10-26,,Insufficient History,1,"Mid-Value, Unreliable, Recent",High Risk
12813,3,0,3,0.0,Likely to Exit,105.55,2.3456,1687.8,3,562.6,2.9067,523,24,0.125,2010-01-15,2010-07-26,,Insufficient History,2,"Mid-Value, Unreliable, Lapsed",High Risk
12814,1,0,1,0.0,Likely to Exit,41.79,20.895,125.92,1,125.92,2.0,123,5,0.2,2011-08-30,2011-08-30,,Insufficient History,1,"Mid-Value, Unreliable, Recent",High Risk
12815,2,2,0,100.0,Very Loyal,253.87,5.4015,1063.46,2,531.73,1.7604,169,8,0.25,2011-05-25,2011-07-15,0.0,Declining,1,"Mid-Value, Unreliable, Recent",Low Risk
12816,2,2,0,100.0,Very Loyal,256.15,8.8328,572.2,2,286.1,1.5954,117,7,0.2857,2011-06-16,2011-09-05,0.0,Declining,1,"Mid-Value, Unreliable, Recent",Low Risk
12817,3,0,3,0.0,Likely to Exit,190.68,7.6272,690.98,3,230.33,2.1156,303,15,0.2,2010-10-01,2011-03-03,,Insufficient History,1,"Mid-Value, Unreliable, Recent",High Risk
12818,2,0,2,0.0,Likely to Exit,101.77,6.3606,1517.88,2,758.94,3.0,200,10,0.2,2011-03-23,2011-06-14,,Insufficient History,1,"Mid-Value, Unreliable, Recent",High Risk
12819,1,0,1,0.0,Likely to Exit,63.35,3.3342,540.52,1,540.52,3.873,480,16,0.0625,2010-09-07,2010-09-07,,Insufficient History,2,"Mid-Value, Unreliable, Lapsed",High Risk
12820,11,0,11,0.0,Likely to Exit,400.01,2.454,2647.94,13,203.69,1.2136,25,25,0.52,2009-12-05,2011-12-06,2.544,Increasing,0,"High-Value, Reliable, Recent",High Risk
12821,2,0,2,0.0,Likely to Exit,31.28,2.4062,220.8,2,110.4,3.1256,236,21,0.0952,2010-04-07,2011-05-09,,Insufficient History,2,"Mid-Value, Unreliable, Lapsed",High Risk
12822,1,1,0,100.0,Very Loyal,138.81,2.9534,918.98,3,306.33,1.7321,92,4,0.75,2011-09-13,2011-09-30,,Insufficient History,1,"Mid-Value, Unreliable, Recent",Low Risk
12823,12,0,12,0.0,Likely to Exit,124.3,6.9056,6501.5,18,361.19,1.4909,96,24,0.75,2010-01-29,2011-09-26,0.0,Declining,0,"High-Value, Reliable, Recent",High Risk
12824,1,0,1,0.0,Likely to Exit,63.39,2.5356,397.12,1,397.12,1.4142,81,3,0.3333,2011-10-11,2011-10-11,,Insufficient History,1,"Mid-Value, Unreliable, Recent",High Risk
12825,2,0,2,0.0,Likely to Exit,147.74,6.1558,518.63,2,259.31,3.2131,543,22,0.0909,2010-03-08,2010-07-06,,Insufficient History,2,"Mid-Value, Unreliable, Lapsed",High Risk
12826,11,0,11,0.0,Likely to Exit,358.74,2.0979,2928.69,15,195.25,1.3855,24,25,0.6,2009-12-18,2011-12-07,1.804,Increasing,0,"High-Value, Reliable, Recent",High Risk
12827,3,0,3,0.0,Likely to Exit,71.7,2.868,430.15,3,143.38,0.368,27,3,1.0,2011-10-26,2011-12-04,,Insufficient History,1,"Mid-Value, Unreliable, Recent",High Risk
12828,4,0,4,0.0,Likely to Exit,173.04,3.09,1018.71,6,169.78,0.6974,24,5,1.2,2011-08-01,2011-12-07,,Insufficient History,1,"Mid-Value, Unreliable, Recent",High Risk
12829,3,1,2,33.33,Likely to Exit,189.13,9.4565,345.35,4,86.34,2.5551,344,19,0.2105,2010-06-07,2011-01-21,,Insufficient History,1,"Mid-Value, Unreliable, Recent",Medium Risk
12830,4,0,4,0.0,Likely to Exit,107.52,2.7569,6748.4,7,964.06,1.1531,59,7,1.0,2011-06-21,2011-11-02,0.097,Declining,0,"High-Value, Reliable, Recent",High Risk
12831,2,0,2,0.0,Likely to Exit,62.27,2.8305,451.11,3,150.37,2.649,284,16,0.1875,2010-09-02,2011-03-22,,Insufficient History,1,"Mid-Value, Unreliable, Recent",High Risk
12832,2,0,2,0.0,Likely to Exit,79.08,2.9289,383.03,2,191.52,1.1477,54,4,0.5,2011-09-02,2011-11-07,,Insufficient History,1,"Mid-Value, Unreliable, Recent",High Risk
12833,1,1,0,100.0,Very Loyal,130.59,5.4413,417.38,1,417.38,2.2361,167,6,0.1667,2011-07-17,2011-07-17,0.0,Declining,1,"Mid-Value, Unreliable, Recent",Low Risk
12834,1,0,1,0.0,Likely to Exit,88.09,4.8939,312.38,1,312.38,3.0,304,10,0.1,2011-03-02,2011-03-02,,Insufficient History,2,"Mid-Value, Unreliable, Lapsed",High Risk
12835,11,9,2,81.82,Very Loyal,2266.76,3.598,6018.67,49,122.83,1.4367,440,25,1.96,2009-12-03,2010-10-17,,Insufficient History,0,"High-Value, Reliable, Recent",Low Risk
12836,14,10,4,71.43,Likely to Stay,1929.71,4.6165,6546.47,17,385.09,1.0214,81,25,0.68,2009-12-01,2011-10-11,1.109,Increasing,0,"High-Value, Reliable, Recent",Low Risk
12837,2,1,1,50.0,At Risk,380.77,4.1388,688.41,2,344.21,3.5673,195,20,0.1,2010-05-19,2011-06-19,,Insufficient History,2,"Mid-Value, Unreliable, Lapsed",Medium Risk
12838,8,4,4,50.0,At Risk,1026.32,2.4036,3376.03,12,281.34,1.7105,55,21,0.5714,2010-04-26,2011-11-06,,Insufficient History,0,"High-Value, Reliable, Recent",Medium Risk
12839,20,0,20,0.0,Likely to Exit,1237.44,2.1117,9927.83,31,320.25,0.8538,24,25,1.24,2009-12-07,2011-12-07,1.319,Increasing,0,"High-Value, Reliable, Recent",High Risk
12840,8,1,7,12.5,Likely to Exit,388.52,2.1465,4013.87,11,364.9,1.6445,165,23,0.4783,2010-02-03,2011-07-19,0.0,Declining,0,"High-Value, Reliable, Recent",High Risk
12841,18,7,11,38.89,Likely to Exit,1737.55,2.4066,7390.48,42,175.96,0.7602,26,18,2.3333,2010-07-08,2011-12-05,0.884,Declining,0,"High-Value, Reliable, Recent",Medium Risk
12842,4,1,3,25.0,Likely to Exit,181.83,3.7881,1917.99,4,479.5,2.503,92,25,0.16,2009-12-02,2011-09-30,0.0,Declining,1,"Mid-Value, Unreliable, Recent",High Risk
12843,15,2,13,13.33,Likely to Exit,941.8,4.0948,6345.61,34,186.64,1.5306,87,25,1.36,2009-12-13,2011-10-05,0.034,Declining,0,"High-Value, Reliable, Recent",High Risk
12844,4,1,3,25.0,Likely to Exit,341.03,3.311,648.6,4,162.15,2.1002,51,21,0.1905,2010-04-25,2011-11-10,0.864,Declining,1,"Mid-Value, Unreliable, Recent",High Risk
12845,2,0,2,0.0,Likely to Exit,75.34,2.7904,354.09,4,88.52,2.5883,289,11,0.3636,2011-02-22,2011-03-17,,Insufficient History,1,"Mid-Value, Unreliable, Recent",High Risk
12846,1,0,1,0.0,Likely to Exit,15.58,15.58,15.58,1,15.58,4.7958,704,24,0.0417,2010-01-26,2010-01-26,,Insufficient History,2,"Mid-Value, Unreliable, Lapsed",High Risk
12847,2,1,1,50.0,At Risk,166.54,1.3217,1636.9,2,818.45,2.4555,44,14,0.1429,2010-11-17,2011-11-17,,Insufficient History,1,"Mid-Value, Unreliable, Recent",Medium Risk
12848,1,0,1,0.0,Likely to Exit,63.55,3.9719,208.0,1,208.0,4.6904,697,23,0.0435,2010-02-02,2010-02-02,,Insufficient History,2,"Mid-Value, Unreliable, Lapsed",High Risk
12849,5,3,2,60.0,Likely to Stay,532.56,3.5984,3090.56,6,515.09,1.9455,53,21,0.2857,2010-04-27,2011-11-08,,Insufficient History,0,"High-Value, Reliable, Recent",Low Risk
12850,1,0,1,0.0,Likely to Exit,3.3,1.65,330.0,1,330.0,3.873,467,16,0.0625,2010-09-20,2010-09-20,,Insufficient History,2,"Mid-Value, Unreliable, Lapsed",High Risk
12851,2,0,2,0.0,Likely to Exit,196.83,2.4604,284.13,2,142.06,2.7423,118,17,0.1176,2010-08-19,2011-09-04,0.0,Declining,1,"Mid-Value, Unreliable, Recent",High Risk
12852,1,0,1,0.0,Likely to Exit,70.9,3.545,299.75,2,149.88,3.1623,312,11,0.1818,2011-02-18,2011-02-22,,Insufficient History,2,"Mid-Value, Unreliable, Lapsed",High Risk
12853,10,2,8,20.0,Likely to Exit,634.29,4.0401,3728.5,16,233.03,1.6695,129,23,0.6957,2010-02-05,2011-08-24,0.0,Declining,0,"High-Value, Reliable, Recent",High Risk
12854,6,6,0,100.0,Very Loyal,845.26,3.0737,2922.37,11,265.67,1.8342,100,25,0.44,2009-12-11,2011-09-22,0.0,Declining,0,"High-Value, Reliable, Recent",Low Risk
12855,2,1,1,50.0,At Risk,367.4,5.2486,650.94,4,162.74,3.179,394,14,0.2857,2010-11-02,2010-12-02,,Insufficient History,2,"Mid-Value, Unreliable, Lapsed",Medium Risk
12856,3,2,1,66.67,Likely to Stay,815.88,2.5738,2162.68,8,270.33,0.65,29,3,2.6667,2011-10-07,2011-12-02,,Insufficient History,0,"High-Value, Reliable, Recent",Low Risk
12857,6,1,5,16.67,Likely to Exit,444.65,3.6447,3684.25,7,526.32,2.0228,232,24,0.2917,2010-01-25,2011-05-13,,Insufficient History,0,"High-Value, Reliable, Recent",High Risk
12858,2,1,1,50.0,At Risk,178.31,3.5662,151.73,2,75.86,4.7958,405,24,0.0833,2010-01-26,2010-11-21,,Insufficient History,2,"Mid-Value, Unreliable, Lapsed",Medium Risk
12859,1,0,1,0.0,Likely to Exit,57.25,2.7262,575.1,1,575.1,3.873,480,16,0.0625,2010-09-07,2010-09-07,,Insufficient History,2,"Mid-Value, Unreliable, Lapsed",High Risk
12860,1,0,1,0.0,Likely to Exit,43.37,2.5512,55.47,1,55.47,4.7958,715,24,0.0417,2010-01-15,2010-01-15,,Insufficient History,2,"Mid-Value, Unreliable, Lapsed",High Risk
12861,1,0,1,0.0,Likely to Exit,24.0,6.0,68.25,1,68.25,4.5826,641,22,0.0455,2010-03-30,2010-03-30,,Insufficient History,2,"Mid-Value, Unreliable, Lapsed",High Risk
12862,2,2,0,100.0,Very Loyal,407.08,3.0608,1008.32,2,504.16,2.7389,447,17,0.1176,2010-08-01,2010-10-10,,Insufficient History,2,"Mid-Value, Unreliable, Lapsed",Low Risk
12863,7,0,7,0.0,Likely to Exit,203.49,4.1529,2775.55,7,396.51,1.6572,74,21,0.3333,2010-04-29,2011-10-18,,Insufficient History,0,"High-Value, Reliable, Recent",High Risk
12864,2,0,2,0.0,Likely to Exit,4.73,0.6757,299.57,2,149.78,2.8289,160,18,0.1111,2010-07-19,2011-07-24,0.0,Declining,1,"Mid-Value, Unreliable, Recent",High Risk
12865,5,4,1,80.0,Very Loyal,597.4,3.048,3303.31,5,660.66,1.8621,48,17,0.2941,2010-08-20,2011-11-13,0.598,Declining,0,"High-Value, Reliable, Recent",Low Risk
12866,3,1,2,33.33,Likely to Exit,232.93,3.6973,1227.35,3,409.12,2.3249,305,18,0.1667,2010-07-25,2011-03-01,,Insufficient History,1,"Mid-Value, Unreliable, Recent",Medium Risk
12867,13,8,5,61.54,Likely to Stay,1481.7,1.377,7862.69,16,491.42,1.0624,48,25,0.64,2009-12-16,2011-11-13,1.488,Increasing,0,"High-Value, Reliable, Recent",Low Risk
12868,6,0,6,0.0,Likely to Exit,388.45,2.6606,2247.06,8,280.88,1.2131,207,14,0.5714,2010-11-12,2011-06-07,,Insufficient History,0,"High-Value, Reliable, Recent",High Risk
12869,1,0,1,0.0,Likely to Exit,95.32,2.5762,337.67,1,337.67,4.7958,703,24,0.0417,2010-01-27,2010-01-27,,Insufficient History,2,"Mid-Value, Unreliable, Lapsed",High Risk
12870,4,1,3,25.0,Likely to Exit,453.34,4.6736,1647.15,4,411.79,3.3095,388,22,0.1818,2010-03-25,2010-12-08,,Insufficient History,2,"Mid-Value, Unreliable, Lapsed",High Risk
12871,3,0,3,0.0,Likely to Exit,50.56,2.8089,744.02,3,248.01,2.2599,106,16,0.1875,2010-09-26,2011-09-16,0.0,Declining,1,"Mid-Value, Unreliable, Recent",High Risk
12872,12,2,10,16.67,Likely to Exit,1141.23,2.6055,3678.34,13,282.95,1.2612,348,25,0.52,2009-12-03,2011-01-17,,Insufficient History,0,"High-Value, Reliable, Recent",High Risk
12873,3,0,3,0.0,Likely to Exit,120.33,3.438,2027.3,3,675.77,3.017,304,24,0.125,2010-01-27,2011-03-02,,Insufficient History,1,"Mid-Value, Unreliable, Recent",High Risk
12874,2,0,2,0.0,Likely to Exit,148.97,3.0402,933.42,3,311.14,2.9171,407,19,0.1579,2010-06-03,2010-11-19,,Insufficient History,2,"Mid-Value, Unreliable, Lapsed",High Risk
12875,5,0,5,0.0,Likely to Exit,3.01,0.3762,1356.99,5,271.4,2.1546,165,24,0.2083,2010-01-11,2011-07-19,0.0,Declining,1,"Mid-Value, Unreliable, Recent",High Risk
12876,5,2,3,40.0,At Risk,430.01,2.5147,4068.59,5,813.72,2.1596,79,21,0.2381,2010-04-28,2011-10-13,,Insufficient History,0,"High-Value, Reliable, Recent",Medium Risk
12877,18,0,18,0.0,Likely to Exit,547.02,1.9748,2955.17,20,147.76,0.8257,25,24,0.8333,2010-01-18,2011-12-06,1.863,Increasing,0,"High-Value, Reliable, Recent",High Risk
12878,3,0,3,0.0,Likely to Exit,98.03,2.0006,841.64,3,280.55,2.0845,40,10,0.3,2011-03-18,2011-11-21,,Insufficient History,1,"Mid-Value, Unreliable, Recent",High Risk
12879,2,0,2,0.0,Likely to Exit,24.22,2.0183,552.57,4,138.14,1.4799,66,4,1.0,2011-09-09,2011-10-26,,Insufficient History,1,"Mid-Value, Unreliable, Recent",High Risk
12880,2,0,2,0.0,Likely to Exit,148.42,4.1228,640.13,2,320.06,3.0048,403,20,0.1,2010-05-14,2010-11-23,,Insufficient History,2,"Mid-Value, Unreliable, Lapsed",High Risk
12881,1,1,0,100.0,Very Loyal,230.8,32.9714,298.0,1,298.0,3.0,297,10,0.1,2011-03-09,2011-03-09,,Insufficient History,2,"Mid-Value, Unreliable, Lapsed",Low Risk
12882,1,0,1,0.0,Likely to Exit,83.69,6.4377,1463.04,2,731.52,1.0,31,2,1.0,2011-11-06,2011-11-30,,Insufficient History,1,"Mid-Value, Unreliable, Recent",High Risk
12883,2,2,0,100.0,Very Loyal,248.93,5.9269,703.47,4,175.87,1.0288,46,4,1.0,2011-09-11,2011-11-15,,Insufficient History,1,"Mid-Value, Unreliable, Recent",Low Risk
12884,1,1,0,100.0,Very Loyal,111.89,15.9843,309.05,1,309.05,1.7321,110,4,0.25,2011-09-12,2011-09-12,,Insufficient History,1,"Mid-Value, Unreliable, Recent",Low Risk
12885,2,1,1,50.0,At Risk,272.06,3.7786,1158.27,4,289.57,1.2346,85,5,0.8,2011-08-08,2011-10-07,,Insufficient History,1,"Mid-Value, Unreliable, Recent",Medium Risk
12886,2,2,0,100.0,Very Loyal,322.07,3.745,1351.09,3,450.36,1.7499,89,8,0.375,2011-05-04,2011-10-03,,Insufficient History,1,"Mid-Value, Unreliable, Recent",Low Risk
12887,1,0,1,0.0,Likely to Exit,61.65,4.7423,222.4,1,222.4,3.6056,405,14,0.0714,2010-11-21,2010-11-21,,Insufficient History,2,"Mid-Value, Unreliable, Lapsed",High Risk
12888,3,0,3,0.0,Likely to Exit,41.53,5.9329,313.77,4,78.44,2.3368,236,10,0.4,2011-03-29,2011-05-09,,Insufficient History,1,"Mid-Value, Unreliable, Recent",High Risk
12889,5,0,5,0.0,Likely to Exit,137.23,5.0826,365.66,6,60.94,2.1047,403,18,0.3333,2010-07-25,2010-11-23,,Insufficient History,1,"Mid-Value, Unreliable, Recent",High Risk
12890,2,2,0,100.0,Very Loyal,268.9,1.9345,717.27,2,358.63,2.4548,46,14,0.1429,2010-11-17,2011-11-15,,Insufficient History,1,"Mid-Value, Unreliable, Recent",Low Risk
12891,9,0,9,0.0,Likely to Exit,4.64,0.3867,819.5,12,68.29,1.7555,207,23,0.5217,2010-02-18,2011-06-07,,Insufficient History,1,"Mid-Value, Unreliable, Recent",High Risk
12892,1,0,1,0.0,Likely to Exit,59.58,3.31,263.38,1,263.38,3.6056,418,14,0.0714,2010-11-08,2010-11-08,,Insufficient History,2,"Mid-Value, Unreliable, Lapsed",High Risk
12893,1,0,1,0.0,Likely to Exit,75.17,2.2109,188.14,1,188.14,1.0,52,2,0.5,2011-11-09,2011-11-09,,Insufficient History,1,"Mid-Value, Unreliable, Recent",High Risk
12894,1,1,0,100.0,Very Loyal,118.3,5.6333,157.35,1,157.35,4.3589,597,20,0.05,2010-05-13,2010-05-13,,Insufficient History,2,"Mid-Value, Unreliable, Lapsed",Low Risk
12895,2,0,2,0.0,Likely to Exit,79.4,3.3083,347.3,3,115.77,1.1753,64,4,0.75,2011-09-14,2011-10-28,,Insufficient History,1,"Mid-Value, Unreliable, Recent",High Risk
12896,1,0,1,0.0,Likely to Exit,5.95,5.95,-29.75,1,-29.75,0.0,752,25,0.04,2009-12-09,2009-12-09,,Insufficient History,3,"Low-Value, Reliable, Lapsed",High Risk
12897,4,0,4,0.0,Likely to Exit,52.85,3.775,514.25,4,128.56,2.0535,226,19,0.2105,2010-06-14,2011-05-19,,Insufficient History,1,"Mid-Value, Unreliable, Recent",High Risk
12898,2,0,2,0.0,Likely to Exit,78.87,2.4647,310.96,2,155.48,3.241,485,23,0.087,2010-02-18,2010-09-02,,Insufficient History,2,"Mid-Value, Unreliable, Lapsed",High Risk
12899,1,0,1,0.0,Likely to Exit,86.15,5.0676,366.4,1,366.4,3.7417,435,15,0.0667,2010-10-22,2010-10-22,,Insufficient History,2,"Mid-Value, Unreliable, Lapsed",High Risk
12900,1,0,1,0.0,Likely to Exit,47.02,3.6169,340.33,1,340.33,3.7417,444,15,0.0667,2010-10-13,2010-10-13,,Insufficient History,2,"Mid-Value, Unreliable, Lapsed",High Risk
12901,10,0,10,0.0,Likely to Exit,189.19,1.5135,16293.1,36,452.59,0.4495,30,10,3.6,2011-03-14,2011-12-01,1.23,Increasing,0,"High-Value, Reliable, Recent",High Risk
12902,1,0,1,0.0,Likely to Exit,56.19,5.619,138.68,1,138.68,3.0,286,10,0.1,2011-03-20,2011-03-20,,Insufficient History,2,"Mid-Value, Unreliable, Lapsed",High Risk
12903,1,0,1,0.0,Likely to Exit,93.59,2.2827,833.53,1,833.53,3.7417,450,15,0.0667,2010-10-07,2010-10-07,,Insufficient History,2,"Mid-Value, Unreliable, Lapsed",High Risk
12904,2,1,1,50.0,At Risk,222.12,3.085,509.58,2,254.79,1.5829,40,7,0.2857,2011-06-20,2011-11-21,,Insufficient History,1,"Mid-Value, Unreliable, Recent",Medium Risk
12905,2,1,1,50.0,At Risk,198.68,3.6124,1011.82,3,337.27,3.366,598,24,0.125,2010-01-26,2010-05-12,,Insufficient History,2,"Mid-Value, Unreliable, Lapsed",Medium Risk
12906,2,1,1,50.0,At Risk,160.77,2.5519,2919.81,5,583.96,1.1015,33,4,1.25,2011-09-22,2011-11-28,,Insufficient History,0,"High-Value, Reliable, Recent",Medium Risk
12907,3,0,3,0.0,Likely to Exit,150.41,5.1866,440.36,3,146.79,3.387,417,23,0.1304,2010-02-24,2010-11-09,,Insufficient History,2,"Mid-Value, Unreliable, Lapsed",High Risk
12908,6,0,6,0.0,Likely to Exit,3.8,0.5429,1272.0,7,181.71,1.8651,80,22,0.3182,2010-03-19,2011-10-12,,Insufficient History,1,"Mid-Value, Unreliable, Recent",High Risk
12909,9,2,7,22.22,Likely to Exit,828.4,4.931,3034.77,13,233.44,1.7525,61,23,0.5652,2010-02-24,2011-10-31,0.999,Stable,0,"High-Value, Reliable, Recent",High Risk
12910,10,0,10,0.0,Likely to Exit,265.91,1.9269,5747.02,14,410.5,1.2283,45,22,0.6364,2010-03-28,2011-11-16,1.129,Increasing,0,"High-Value, Reliable, Recent",High Risk
12911,1,1,0,100.0,Very Loyal,775.7,3.1278,1680.47,1,1680.47,4.2426,573,19,0.0526,2010-06-06,2010-06-06,,Insufficient History,2,"Mid-Value, Unreliable, Lapsed",Low Risk
12912,3,0,3,0.0,Likely to Exit,65.26,2.7192,1662.3,5,332.46,0.3587,24,3,1.6667,2011-10-30,2011-12-07,,Insufficient History,1,"Mid-Value, Unreliable, Recent",High Risk
12913,11,0,11,0.0,Likely to Exit,297.35,3.0974,6700.86,13,515.45,1.4015,26,25,0.52,2009-12-01,2011-12-05,,Insufficient History,0,"High-Value, Reliable, Recent",High Risk
12914,1,0,1,0.0,Likely to Exit,10.3,1.1444,223.98,1,223.98,3.6056,422,14,0.0714,2010-11-04,2010-11-04,,Insufficient History,2,"Mid-Value, Unreliable, Lapsed",High Risk
12915,6,1,5,16.67,Likely to Exit,453.92,5.604,1084.85,8,135.61,2.2318,170,21,0.381,2010-04-29,2011-07-14,0.0,Declining,1,"Mid-Value, Unreliable, Recent",High Risk
12916,7,4,3,57.14,At Risk,824.48,4.4327,4630.22,8,578.78,1.6214,160,24,0.3333,2010-01-24,2011-07-24,0.0,Declining,0,"High-Value, Reliable, Recent",Medium Risk
12917,5,0,5,0.0,Likely to Exit,198.45,3.7443,4329.5,8,541.19,2.2168,150,25,0.32,2009-12-09,2011-08-03,0.0,Declining,0,"High-Value, Reliable, Recent",High Risk
12918,1,1,0,100.0,Very Loyal,32860.5,10953.5,-10953.5,3,-3651.17,4.5826,648,22,0.1364,2010-03-23,2010-03-23,,Insufficient History,3,"Low-Value, Reliable, Lapsed",Low Risk
12919,6,0,6,0.0,Likely to Exit,144.12,2.7715,1301.44,8,162.68,1.0366,30,7,1.1429,2011-06-23,2011-12-01,4.106,Increasing,1,"Mid-Value, Unreliable, Recent",High Risk
12920,3,1,2,33.33,Likely to Exit,185.05,3.0842,488.09,4,122.02,2.7286,39,25,0.16,2009-12-14,2011-11-22,,Insufficient History,1,"Mid-Value, Unreliable, Recent",Medium Risk
12921,24,14,10,58.33,At Risk,3820.52,2.37,34639.45,103,336.31,0.666,25,25,4.12,2009-12-01,2011-12-06,0.969,Stable,0,"High-Value, Reliable, Recent",Medium Risk
12922,1,0,1,0.0,Likely to Exit,45.58,1.6279,405.38,1,405.38,2.2361,183,6,0.1667,2011-07-01,2011-07-01,0.0,Declining,1,"Mid-Value, Unreliable, Recent",High Risk
12923,3,0,3,0.0,Likely to Exit,221.26,3.5687,789.87,3,263.29,2.6352,86,20,0.15,2010-05-13,2011-10-06,,Insufficient History,1,"Mid-Value, Unreliable, Recent",High Risk
12924,10,0,10,0.0,Likely to Exit,194.7,2.5618,2423.15,14,173.08,1.7,110,25,0.56,2009-12-09,2011-09-12,0.0,Declining,0,"High-Value, Reliable, Recent",High Risk
12925,3,0,3,0.0,Likely to Exit,105.85,2.117,729.33,3,243.11,2.9315,26,21,0.1429,2010-04-26,2011-12-05,0.884,Declining,1,"Mid-Value, Unreliable, Recent",High Risk
12926,3,2,1,66.67,Likely to Stay,688.93,2.5143,1548.46,4,387.12,3.2,433,25,0.16,2009-12-14,2010-10-24,,Insufficient History,2,"Mid-Value, Unreliable, Lapsed",Low Risk
12927,1,0,1,0.0,Likely to Exit,31.14,2.8309,197.31,1,197.31,3.6056,416,14,0.0714,2010-11-10,2010-11-10,,Insufficient History,2,"Mid-Value, Unreliable, Lapsed",High Risk
12928,9,0,9,0.0,Likely to Exit,345.08,1.9278,4304.89,12,358.74,1.1867,57,19,0.6316,2010-06-08,2011-11-04,2.602,Increasing,0,"High-Value, Reliable, Recent",High Risk
12929,2,0,2,0.0,Likely to Exit,69.7,7.7444,105.1,2,52.55,3.1623,144,11,0.1818,2011-02-01,2011-08-09,-0.0,Declining,1,"Mid-Value, Unreliable, Recent",High Risk
12930,3,0,3,0.0,Likely to Exit,80.77,2.9915,409.9,4,102.47,1.5859,100,7,0.5714,2011-06-21,2011-09-22,0.0,Declining,1,"Mid-Value, Unreliable, Recent",High Risk
12931,19,2,17,10.53,Likely to Exit,524.58,1.8602,71299.67,71,1004.22,1.7811,43,25,2.84,2009-12-01,2011-11-18,0.401,Declining,0,"High-Value, Reliable, Recent",High Risk
12932,5,0,5,0.0,Likely to Exit,197.23,2.0761,1698.56,8,212.32,2.6497,561,23,0.3478,2010-02-10,2010-06-18,,Insufficient History,2,"Mid-Value, Unreliable, Lapsed",High Risk
12933,6,5,1,83.33,Very Loyal,944.22,3.1474,1627.28,11,147.93,2.1968,46,25,0.44,2009-12-10,2011-11-15,,Insufficient History,0,"High-Value, Reliable, Recent",Low Risk
12934,1,0,1,0.0,Likely to Exit,83.34,41.67,181.65,1,181.65,4.899,758,25,0.04,2009-12-03,2009-12-03,,Insufficient History,2,"Mid-Value, Unreliable, Lapsed",High Risk
12935,12,0,12,0.0,Likely to Exit,689.92,2.6535,4182.01,19,220.11,0.8986,24,21,0.9048,2010-04-11,2011-12-07,0.935,Stable,0,"High-Value, Reliable, Recent",High Risk
12936,2,0,2,0.0,Likely to Exit,128.61,2.0414,1012.9,5,202.58,1.2256,39,4,1.25,2011-09-22,2011-11-22,,Insufficient History,1,"Mid-Value, Unreliable, Recent",High Risk
12937,8,1,7,12.5,Likely to Exit,512.18,2.3603,3097.61,9,344.18,1.622,37,25,0.36,2009-12-03,2011-11-24,1.702,Increasing,0,"High-Value, Reliable, Recent",High Risk
12938,1,0,1,0.0,Likely to Exit,11.44,1.2711,114.14,1,114.14,1.0,47,2,0.5,2011-11-14,2011-11-14,,Insufficient History,1,"Mid-Value, Unreliable, Recent",High Risk
12939,14,0,14,0.0,Likely to Exit,223.39,2.5976,25264.8,20,1263.24,1.2003,86,24,0.8333,2010-01-12,2011-10-06,1.408,Increasing,0,"High-Value, Reliable, Recent",High Risk
12940,2,2,0,100.0,Very Loyal,411.35,3.9937,876.29,4,219.07,1.0428,68,4,1.0,2011-09-13,2011-10-24,,Insufficient History,1,"Mid-Value, Unreliable, Recent",Low Risk
12941,1,0,1,0.0,Likely to Exit,44.44,1.6459,377.49,1,377.49,4.899,746,25,0.04,2009-12-15,2009-12-15,,Insufficient History,2,"Mid-Value, Unreliable, Lapsed",High Risk
12942,3,2,1,66.67,Likely to Stay,397.89,4.3724,942.65,3,314.22,2.0986,153,13,0.2308,2010-12-09,2011-07-31,0.0,Declining,1,"Mid-Value, Unreliable, Recent",Low Risk
12943,4,0,4,0.0,Likely to Exit,135.25,5.0093,489.0,4,122.25,3.206,323,21,0.1905,2010-04-13,2011-02-11,,Insufficient History,2,"Mid-Value, Unreliable, Lapsed",High Risk
12944,2,0,2,0.0,Likely to Exit,95.66,3.1887,604.51,2,302.25,2.3488,57,13,0.1538,2010-12-20,2011-11-04,,Insufficient History,1,"Mid-Value, Unreliable, Recent",High Risk
12945,2,1,1,50.0,At Risk,189.43,3.7143,900.11,2,450.06,3.2418,310,23,0.087,2010-02-21,2011-02-24,,Insufficient History,2,"Mid-Value, Unreliable, Lapsed",Medium Risk
12946,1,0,1,0.0,Likely to Exit,66.35,3.3175,324.45,1,324.45,3.873,458,16,0.0625,2010-09-29,2010-09-29,,Insufficient History,2,"Mid-Value, Unreliable, Lapsed",High Risk
12947,6,2,4,33.33,Likely to Exit,489.3,4.0775,1711.33,11,155.58,1.3811,165,13,0.8462,2010-12-01,2011-07-19,0.0,Declining,0,"High-Value, Reliable, Recent",Medium Risk
12948,6,1,5,16.67,Likely to Exit,362.48,2.8542,2306.18,10,230.62,1.8999,38,25,0.4,2009-12-02,2011-11-23,1.218,Increasing,0,"High-Value, Reliable, Recent",High Risk
12949,14,13,1,92.86,Very Loyal,2265.17,3.1244,15391.0,28,549.68,1.2915,52,25,1.12,2009-12-03,2011-11-09,0.599,Declining,0,"High-Value, Reliable, Recent",Low Risk
12950,2,0,2,0.0,Likely to Exit,31.95,1.3891,1843.0,3,614.33,0.6619,24,2,1.5,2011-11-15,2011-12-07,,Insufficient History,1,"Mid-Value, Unreliable, Recent",High Risk
12951,14,0,14,0.0,Likely to Exit,584.93,2.9101,3164.42,20,158.22,1.2319,30,24,0.8333,2010-01-10,2011-12-01,,Insufficient History,0,"High-Value, Reliable, Recent",High Risk
12952,4,1,3,25.0,Likely to Exit,325.9,4.0737,1382.84,5,276.57,0.75,27,4,1.25,2011-09-22,2011-12-04,,Insufficient History,1,"Mid-Value, Unreliable, Recent",High Risk
12953,2,2,0,100.0,Very Loyal,243.36,5.07,828.81,2,414.4,2.8939,31,18,0.1111,2010-07-05,2011-11-30,,Insufficient History,1,"Mid-Value, Unreliable, Recent",Low Risk
12954,1,0,1,0.0,Likely to Exit,31.15,3.115,162.45,1,162.45,4.5826,660,22,0.0455,2010-03-11,2010-03-11,,Insufficient History,2,"Mid-Value, Unreliable, Lapsed",High Risk
12955,9,0,9,0.0,Likely to Exit,310.94,1.6991,4734.26,14,338.16,1.0655,23,10,1.4,2011-03-17,2011-12-08,3.49,Increasing,0,"High-Value, Reliable, Recent",High Risk
12956,3,0,3,0.0,Likely to Exit,125.23,2.9817,521.89,4,130.47,2.9707,328,25,0.16,2009-12-15,2011-02-06,,Insufficient History,2,"Mid-Value, Unreliable, Lapsed",High Risk
12957,13,7,6,53.85,At Risk,1694.63,3.3893,8628.42,21,410.88,1.4522,26,25,0.84,2009-12-11,2011-12-05,1.463,Increasing,0,"High-Value, Reliable, Recent",Medium Risk
12958,2,1,1,50.0,At Risk,253.99,4.456,539.49,2,269.75,3.2333,422,20,0.1,2010-05-05,2010-11-04,,Insufficient History,2,"Mid-Value, Unreliable, Lapsed",Medium Risk
12959,2,0,2,0.0,Likely to Exit,48.0,5.3333,133.35,2,66.67,4.7958,506,24,0.0833,2010-01-11,2010-08-12,,Insufficient History,2,"Mid-Value, Unreliable, Lapsed",High Risk
12960,4,0,4,0.0,Likely to Exit,144.12,2.0589,1322.07,4,330.52,2.2899,435,23,0.1739,2010-02-16,2010-10-22,,Insufficient History,1,"Mid-Value, Unreliable, Recent",High Risk
12961,1,0,1,0.0,Likely to Exit,65.05,1.6262,211.99,1,211.99,3.6056,401,14,0.0714,2010-11-25,2010-11-25,,Insufficient History,2,"Mid-Value, Unreliable, Lapsed",High Risk
12962,2,0,2,0.0,Likely to Exit,47.77,2.9856,266.39,2,133.19,1.3025,29,5,0.4,2011-08-18,2011-12-02,,Insufficient History,1,"Mid-Value, Unreliable, Recent",High Risk
12963,9,3,6,33.33,Likely to Exit,647.4,3.2863,3512.79,14,250.91,1.486,30,18,0.7778,2010-07-08,2011-12-01,4.871,Increasing,0,"High-Value, Reliable, Recent",Medium Risk
12964,1,0,1,0.0,Likely to Exit,94.17,3.6219,132.24,1,132.24,3.873,459,16,0.0625,2010-09-28,2010-09-28,,Insufficient History,2,"Mid-Value, Unreliable, Lapsed",High Risk
12965,1,1,0,100.0,Very Loyal,399.36,3.6639,771.91,1,771.91,1.7321,111,4,0.25,2011-09-11,2011-09-11,,Insufficient History,1,"Mid-Value, Unreliable, Recent",Low Risk
12966,1,0,1,0.0,Likely to Exit,34.23,3.423,160.18,1,160.18,1.0,31,2,0.5,2011-11-30,2011-11-30,,Insufficient History,1,"Mid-Value, Unreliable, Recent",High Risk
12967,4,2,2,50.0,At Risk,485.55,5.1654,3840.77,5,768.15,2.6754,25,14,0.3571,2010-11-21,2011-12-06,,Insufficient History,0,"High-Value, Reliable, Recent",Medium Risk
12968,1,0,1,0.0,Likely to Exit,16.45,3.29,135.95,1,135.95,2.0,134,5,0.2,2011-08-19,2011-08-19,,Insufficient History,1,"Mid-Value, Unreliable, Recent",High Risk
12969,1,0,1,0.0,Likely to Exit,22.95,4.59,122.45,1,122.45,4.4721,624,21,0.0476,2010-04-16,2010-04-16,,Insufficient History,2,"Mid-Value, Unreliable, Lapsed",High Risk
12970,4,3,1,75.0,Likely to Stay,803.91,2.099,1524.97,10,152.5,2.9664,29,25,0.4,2009-12-04,2011-12-02,,Insufficient History,0,"High-Value, Reliable, Recent",Low Risk
12971,24,0,24,0.0,Likely to Exit,1056.53,2.4628,15482.74,120,129.02,0.7679,25,25,4.8,2009-12-15,2011-12-06,0.788,Declining,0,"High-Value, Reliable, Recent",High Risk
12972,4,1,3,25.0,Likely to Exit,282.02,3.3179,1115.95,6,185.99,2.4694,435,23,0.2609,2010-02-16,2010-10-22,,Insufficient History,1,"Mid-Value, Unreliable, Recent",High Risk
12973,1,1,0,100.0,Very Loyal,170.25,28.375,385.55,1,385.55,3.7417,435,15,0.0667,2010-10-22,2010-10-22,,Insufficient History,2,"Mid-Value, Unreliable, Lapsed",Low Risk
12974,2,1,1,50.0,At Risk,173.56,5.4238,408.95,2,204.47,3.1387,219,20,0.1,2010-05-23,2011-05-26,,Insufficient History,1,"Mid-Value, Unreliable, Recent",Medium Risk
12975,4,3,1,75.0,Likely to Stay,590.61,5.0052,1993.99,8,249.25,2.8119,452,25,0.32,2009-12-06,2010-10-05,,Insufficient History,2,"Mid-Value, Unreliable, Lapsed",Low Risk
12976,7,0,7,0.0,Likely to Exit,237.33,1.5411,3156.38,8,394.55,1.6002,233,23,0.3478,2010-02-12,2011-05-12,,Insufficient History,0,"High-Value, Reliable, Recent",High Risk
12977,2,1,1,50.0,At Risk,340.89,5.7778,517.63,4,129.41,3.805,178,18,0.2222,2010-07-16,2011-07-06,0.0,Declining,2,"Mid-Value, Unreliable, Lapsed",Medium Risk
12978,4,2,2,50.0,At Risk,430.16,2.6229,2496.07,6,416.01,2.4089,407,25,0.24,2009-12-10,2010-11-19,,Insufficient History,1,"Mid-Value, Unreliable, Recent",Medium Risk
12979,1,1,0,100.0,Very Loyal,132.71,2.3282,479.54,2,239.77,4.899,751,25,0.08,2009-12-10,2009-12-10,,Insufficient History,2,"Mid-Value, Unreliable, Lapsed",Low Risk
12980,18,0,18,0.0,Likely to Exit,906.99,15.3727,15909.39,26,611.9,0.8348,177,25,1.04,2009-12-02,2011-07-07,0.0,Declining,0,"High-Value, Reliable, Recent",High Risk
12981,2,0,2,0.0,Likely to Exit,32.47,1.6235,372.22,2,186.11,1.4142,51,6,0.3333,2011-07-29,2011-11-10,0.989,Stable,1,"Mid-Value, Unreliable, Recent",High Risk
12982,7,2,5,28.57,Likely to Exit,635.25,2.9685,2562.12,17,150.71,1.9171,261,21,0.8095,2010-04-12,2011-04-14,,Insufficient History,0,"High-Value, Reliable, Recent",High Risk
12983,1,0,1,0.0,Likely to Exit,32.39,1.0797,490.08,1,490.08,4.4721,620,21,0.0476,2010-04-20,2010-04-20,,Insufficient History,2,"Mid-Value, Unreliable, Lapsed",High Risk
12984,1,0,1,0.0,Likely to Exit,15.4,3.85,97.5,1,97.5,1.0,40,2,0.5,2011-11-21,2011-11-21,,Insufficient History,1,"Mid-Value, Unreliable, Recent",High Risk
12985,2,1,1,50.0,At Risk,145.84,1.8697,1215.62,3,405.21,0.2174,22,2,1.5,2011-11-11,2011-12-09,,Insufficient History,1,"Mid-Value, Unreliable, Recent",Medium Risk
12986,7,2,5,28.57,Likely to Exit,533.29,3.7556,1991.59,12,165.97,1.8023,424,24,0.5,2010-01-21,2010-11-02,,Insufficient History,0,"High-Value, Reliable, Recent",High Risk
12987,6,1,5,16.67,Likely to Exit,339.68,4.9953,1298.51,6,216.42,1.9855,95,24,0.25,2010-01-20,2011-09-27,0.0,Declining,1,"Mid-Value, Unreliable, Recent",High Risk
12988,1,1,0,100.0,Very Loyal,378.14,4.1102,535.32,1,535.32,3.1623,314,11,0.0909,2011-02-20,2011-02-20,,Insufficient History,2,"Mid-Value, Unreliable, Lapsed",Low Risk
12989,21,0,21,0.0,Likely to Exit,331.54,3.1575,12846.8,39,329.41,0.8338,25,25,1.56,2009-12-10,2011-12-06,0.988,Stable,0,"High-Value, Reliable, Recent",High Risk
12990,7,0,7,0.0,Likely to Exit,53.95,1.9981,955.5,7,136.5,1.5857,53,22,0.3182,2010-03-30,2011-11-08,,Insufficient History,1,"Mid-Value, Unreliable, Recent",High Risk
12991,3,1,2,33.33,Likely to Exit,182.0,4.0444,764.82,3,254.94,1.9483,45,14,0.2143,2010-11-15,2011-11-16,0.66,Declining,1,"Mid-Value, Unreliable, Recent",Medium Risk
12992,1,0,1,0.0,Likely to Exit,27.3,4.55,93.35,1,93.35,4.899,747,25,0.04,2009-12-14,2009-12-14,,Insufficient History,2,"Mid-Value, Unreliable, Lapsed",High Risk
12993,8,0,8,0.0,Likely to Exit,190.05,2.3177,1191.26,10,119.13,1.9199,45,23,0.4348,2010-02-18,2011-11-16,0.215,Declining,1,"Mid-Value, Unreliable, Recent",High Risk
12994,3,1,2,33.33,Likely to Exit,304.81,4.1755,902.22,5,180.44,1.5338,26,10,0.5,2011-03-16,2011-12-05,1.281,Increasing,1,"Mid-Value, Unreliable, Recent",Medium Risk
12995,1,0,1,0.0,Likely to Exit,7.99,1.598,200.72,2,100.36,1.7321,99,4,0.5,2011-09-15,2011-09-23,,Insufficient History,1,"Mid-Value, Unreliable, Recent",High Risk
12996,1,1,0,100.0,Very Loyal,126.1,5.7318,355.5,1,355.5,3.6056,397,14,0.0714,2010-11-29,2010-11-29,,Insufficient History,2,"Mid-Value, Unreliable, Lapsed",Low Risk
12997,10,0,10,0.0,Likely to Exit,348.85,2.8831,2065.11,16,129.07,1.6023,44,25,0.64,2009-12-17,2011-11-17,1.021,Stable,0,"High-Value, Reliable, Recent",High Risk
12998,3,0,3,0.0,Likely to Exit,95.76,1.5698,897.38,4,224.34,2.5827,514,23,0.1739,2010-02-24,2010-08-04,,Insufficient History,2,"Mid-Value, Unreliable, Lapsed",High Risk
12999,2,0,2,0.0,Likely to Exit,71.38,2.5493,455.88,3,151.96,2.0588,218,9,0.3333,2011-04-08,2011-05-27,,Insufficient History,1,"Mid-Value, Unreliable, Recent",High Risk
13000,5,1,4,20.0,Likely to Exit,240.94,3.7068,965.0,5,193.0,2.7286,128,25,0.2,2009-12-14,2011-08-25,0.0,Declining,1,"Mid-Value, Unreliable, Recent",High Risk
13001,20,12,8,60.0,Likely to Stay,2553.91,2.4771,24136.05,37,652.33,0.6797,26,25,1.48,2009-12-03,2011-12-05,1.563,Increasing,0,"High-Value, Reliable, Recent",Low Risk
13002,2,0,2,0.0,Likely to Exit,72.27,3.1422,414.13,3,138.04,2.7923,340,15,0.2,2010-10-01,2011-01-25,,Insufficient History,2,"Mid-Value, Unreliable, Lapsed",High Risk
13003,3,0,3,0.0,Likely to Exit,13.5,2.25,149.05,3,49.68,1.3697,127,8,0.375,2011-05-09,2011-08-26,0.0,Declining,1,"Mid-Value, Unreliable, Recent",High Risk
13004,22,7,15,31.82,Likely to Exit,2010.57,2.3461,11143.99,46,242.26,0.5407,33,25,1.84,2009-12-15,2011-11-28,1.561,Increasing,0,"High-Value, Reliable, Recent",Medium Risk
13005,4,1,3,25.0,Likely to Exit,283.97,4.7328,935.03,6,155.84,1.7729,195,16,0.375,2010-09-08,2011-06-19,,Insufficient History,1,"Mid-Value, Unreliable, Recent",High Risk
13006,1,0,1,0.0,Likely to Exit,21.18,5.295,81.57,1,81.57,1.4142,78,3,0.3333,2011-10-14,2011-10-14,,Insufficient History,1,"Mid-Value, Unreliable, Recent",High Risk
13007,1,0,1,0.0,Likely to Exit,65.95,5.9955,175.25,1,175.25,4.3589,601,20,0.05,2010-05-09,2010-05-09,,Insufficient History,2,"Mid-Value, Unreliable, Lapsed",High Risk
13008,6,0,6,0.0,Likely to Exit,92.07,2.3608,543.28,7,77.61,2.72,345,25,0.28,2009-12-16,2011-01-20,,Insufficient History,1,"Mid-Value, Unreliable, Recent",High Risk
13009,1,0,1,0.0,Likely to Exit,7.8,1.95,234.0,1,234.0,4.6904,694,23,0.0435,2010-02-05,2010-02-05,,Insufficient History,2,"Mid-Value, Unreliable, Lapsed",High Risk
13010,2,0,2,0.0,Likely to Exit,21.41,1.7842,330.12,2,165.06,3.1715,396,22,0.0909,2010-03-01,2010-11-30,,Insufficient History,2,"Mid-Value, Unreliable, Lapsed",High Risk
13011,1,0,1,0.0,Likely to Exit,25.3,4.2167,101.1,1,101.1,3.4641,394,13,0.0769,2010-12-02,2010-12-02,,Insufficient History,2,"Mid-Value, Unreliable, Lapsed",High Risk
13012,9,1,8,11.11,Likely to Exit,558.49,3.1914,2591.18,15,172.75,1.3378,31,21,0.7143,2010-04-26,2011-11-30,0.885,Declining,0,"High-Value, Reliable, Recent",High Risk
13013,18,4,14,22.22,Likely to Exit,1705.7,3.0623,12601.82,31,406.51,1.3003,23,25,1.24,2009-12-14,2011-12-08,0.872,Declining,0,"High-Value, Reliable, Recent",High Risk
13014,8,4,4,50.0,At Risk,1030.48,4.2582,5220.83,18,290.05,1.4737,24,15,1.2,2010-10-03,2011-12-07,1.713,Increasing,0,"High-Value, Reliable, Recent",Medium Risk
13015,8,6,2,75.0,Likely to Stay,1782.58,4.9654,6465.72,14,461.84,1.6772,75,21,0.6667,2010-04-15,2011-10-17,,Insufficient History,0,"High-Value, Reliable, Recent",Low Risk
13016,2,0,2,0.0,Likely to Exit,149.14,3.1732,789.89,3,263.3,1.2307,95,5,0.6,2011-08-08,2011-09-27,,Insufficient History,1,"Mid-Value, Unreliable, Recent",High Risk
13017,1,0,1,0.0,Likely to Exit,4.25,4.25,204.0,1,204.0,0.0,29,1,1.0,2011-12-02,2011-12-02,,Insufficient History,1,"Mid-Value, Unreliable, Recent",High Risk
13018,15,5,10,33.33,Likely to Exit,1650.73,2.724,9742.81,37,263.32,1.0357,38,22,1.6818,2010-03-01,2011-11-23,0.876,Declining,0,"High-Value, Reliable, Recent",Medium Risk
13019,5,0,5,0.0,Likely to Exit,248.94,4.3674,1212.95,8,151.62,2.2161,401,25,0.32,2009-12-06,2010-11-25,,Insufficient History,1,"Mid-Value, Unreliable, Recent",High Risk
13020,3,0,3,0.0,Likely to Exit,139.76,3.3276,606.96,5,121.39,3.5783,570,23,0.2174,2010-02-18,2010-06-09,,Insufficient History,2,"Mid-Value, Unreliable, Lapsed",High Risk
13021,16,2,14,12.5,Likely to Exit,990.35,3.7231,4786.38,24,199.43,1.1358,26,25,0.96,2009-12-05,2011-12-05,2.159,Increasing,0,"High-Value, Reliable, Recent",High Risk
13022,1,0,1,0.0,Likely to Exit,25.3,5.06,65.3,1,65.3,3.7417,451,15,0.0667,2010-10-06,2010-10-06,,Insufficient History,2,"Mid-Value, Unreliable, Lapsed",High Risk
13023,3,1,2,33.33,Likely to Exit,394.93,5.1964,1449.03,3,483.01,2.5238,86,19,0.1579,2010-06-29,2011-10-06,1.051,Stable,1,"Mid-Value, Unreliable, Recent",Medium Risk
13024,3,0,3,0.0,Likely to Exit,170.37,5.0109,535.42,3,178.47,3.0195,486,20,0.15,2010-05-06,2010-09-01,,Insufficient History,2,"Mid-Value, Unreliable, Lapsed",High Risk
13025,1,0,1,0.0,Likely to Exit,27.84,2.1415,323.39,1,323.39,4.899,753,25,0.04,2009-12-08,2009-12-08,,Insufficient History,2,"Mid-Value, Unreliable, Lapsed",High Risk
13026,9,0,9,0.0,Likely to Exit,103.84,1.2074,1690.12,13,130.01,1.5882,23,25,0.52,2009-12-13,2011-12-08,1.014,Stable,0,"High-Value, Reliable, Recent",High Risk
13027,16,0,16,0.0,Likely to Exit,126.24,1.4027,17148.0,23,745.57,1.0386,135,24,0.9583,2010-01-20,2011-08-18,0.0,Declining,0,"High-Value, Reliable, Recent",High Risk
13028,2,0,2,0.0,Likely to Exit,47.27,1.0057,659.68,3,219.89,0.7133,44,3,1.0,2011-10-25,2011-11-17,,Insufficient History,1,"Mid-Value, Unreliable, Recent",High Risk
13029,5,0,5,0.0,Likely to Exit,136.33,8.0194,1927.3,5,385.46,1.6307,52,18,0.2778,2010-07-04,2011-11-09,1.214,Increasing,1,"Mid-Value, Unreliable, Recent",High Risk
13030,2,2,0,100.0,Very Loyal,502.53,3.1606,1227.22,2,613.61,2.5515,33,13,0.1538,2010-12-06,2011-11-28,,Insufficient History,1,"Mid-Value, Unreliable, Recent",Low Risk
13031,5,4,1,80.0,Very Loyal,1069.05,2.4576,3419.27,5,683.85,1.7926,429,19,0.2632,2010-06-03,2010-10-28,,Insufficient History,0,"High-Value, Reliable, Recent",Low Risk
13032,6,5,1,83.33,Very Loyal,751.51,3.4316,2817.59,11,256.14,1.5124,60,16,0.6875,2010-09-05,2011-11-01,1.008,Stable,0,"High-Value, Reliable, Recent",Low Risk
13033,2,0,2,0.0,Likely to Exit,33.1,2.5462,220.55,2,110.27,3.2364,379,15,0.1333,2010-10-06,2010-12-17,,Insufficient History,2,"Mid-Value, Unreliable, Lapsed",High Risk
13034,3,0,3,0.0,Likely to Exit,138.28,2.5142,922.68,3,307.56,2.1826,76,14,0.2143,2010-11-03,2011-10-16,,Insufficient History,1,"Mid-Value, Unreliable, Recent",High Risk
13035,4,0,4,0.0,Likely to Exit,89.68,1.9929,1328.95,4,332.24,2.0654,79,15,0.2667,2010-10-04,2011-10-13,-0.06,Declining,1,"Mid-Value, Unreliable, Recent",High Risk
13036,1,0,1,0.0,Likely to Exit,57.95,9.6583,307.1,1,307.1,4.7958,706,24,0.0417,2010-01-24,2010-01-24,,Insufficient History,2,"Mid-Value, Unreliable, Lapsed",High Risk
13037,11,1,10,9.09,Likely to Exit,861.17,3.5733,3842.55,16,240.16,1.2799,160,25,0.64,2009-12-03,2011-07-24,0.0,Declining,0,"High-Value, Reliable, Recent",High Risk
13038,3,0,3,0.0,Likely to Exit,77.23,2.7582,908.46,3,302.82,1.7126,102,11,0.2727,2011-02-22,2011-09-20,0.0,Declining,1,"Mid-Value, Unreliable, Recent",High Risk
13039,4,2,2,50.0,At Risk,302.19,5.4944,1010.73,4,252.68,2.4512,606,25,0.16,2009-12-17,2010-05-04,,Insufficient History,2,"Mid-Value, Unreliable, Lapsed",Medium Risk
13040,2,0,2,0.0,Likely to Exit,120.57,2.804,676.99,2,338.5,0.1041,30,2,1.0,2011-11-06,2011-12-01,,Insufficient History,1,"Mid-Value, Unreliable, Recent",High Risk
13041,3,0,3,0.0,Likely to Exit,133.87,3.8249,799.13,4,199.78,2.5338,472,21,0.1905,2010-04-29,2010-09-15,,Insufficient History,2,"Mid-Value, Unreliable, Lapsed",High Risk
13042,4,3,1,75.0,Likely to Stay,638.93,3.1947,1522.79,4,380.7,2.801,606,25,0.16,2009-12-07,2010-05-04,,Insufficient History,2,"Mid-Value, Unreliable, Lapsed",Low Risk
13043,1,0,1,0.0,Likely to Exit,88.79,6.3421,471.57,2,235.79,3.0,275,10,0.2,2011-03-11,2011-03-31,,Insufficient History,1,"Mid-Value, Unreliable, Recent",High Risk
13044,8,5,3,62.5,Likely to Stay,1406.72,3.3414,4824.2,13,371.09,1.7357,313,24,0.5417,2010-01-08,2011-02-21,,Insufficient History,0,"High-Value, Reliable, Recent",Low Risk
13045,3,0,3,0.0,Likely to Exit,132.6,2.9467,808.92,3,269.64,2.2356,121,17,0.1765,2010-08-10,2011-09-01,0.0,Declining,1,"Mid-Value, Unreliable, Recent",High Risk
13046,3,1,2,33.33,Likely to Exit,279.44,4.99,949.25,3,316.42,2.1953,52,16,0.1875,2010-09-09,2011-11-09,,Insufficient History,1,"Mid-Value, Unreliable, Recent",Medium Risk
13047,19,7,12,36.84,Likely to Exit,2079.81,4.7055,8466.72,42,201.59,0.9223,53,25,1.68,2009-12-16,2011-11-08,1.455,Increasing,0,"High-Value, Reliable, Recent",Medium Risk
13048,9,1,8,11.11,Likely to Exit,532.73,1.9514,4035.16,13,310.4,1.4921,36,24,0.5417,2010-01-27,2011-11-25,1.138,Increasing,0,"High-Value, Reliable, Recent",High Risk
13049,3,0,3,0.0,Likely to Exit,85.81,3.0646,1384.14,5,276.83,2.2226,86,14,0.3571,2010-11-03,2011-10-06,,Insufficient History,1,"Mid-Value, Unreliable, Recent",High Risk
13050,22,9,13,40.91,At Risk,3442.43,3.2879,11822.44,57,207.41,0.7107,31,25,2.28,2009-12-15,2011-11-30,1.286,Increasing,0,"High-Value, Reliable, Recent",Medium Risk
13051,2,0,2,0.0,Likely to Exit,21.45,5.3625,155.8,2,77.9,3.1647,600,22,0.0909,2010-03-30,2010-05-10,,Insufficient History,2,"Mid-Value, Unreliable, Lapsed",High Risk
13052,6,4,2,66.67,Likely to Stay,915.12,3.6171,3168.53,7,452.65,1.8471,234,23,0.3043,2010-02-23,2011-05-11,,Insufficient History,0,"High-Value, Reliable, Recent",Low Risk
13053,1,0,1,0.0,Likely to Exit,52.75,3.1029,127.65,1,127.65,4.5826,643,22,0.0455,2010-03-28,2010-03-28,,Insufficient History,2,"Mid-Value, Unreliable, Lapsed",High Risk
13054,1,0,1,0.0,Likely to Exit,14.0,14.0,-14.0,1,-14.0,0.0,704,24,0.0417,2010-01-26,2010-01-26,,Insufficient History,3,"Low-Value, Reliable, Lapsed",High Risk
13055,4,2,2,50.0,At Risk,364.67,2.308,2292.51,6,382.09,2.2014,86,15,0.4,2010-10-06,2011-10-06,-0.014,Declining,0,"High-Value, Reliable, Recent",Medium Risk
13056,1,0,1,0.0,Likely to Exit,90.74,4.7758,209.48,1,209.48,4.2426,573,19,0.0526,2010-06-06,2010-06-06,,Insufficient History,2,"Mid-Value, Unreliable, Lapsed",High Risk
13057,2,1,1,50.0,At Risk,141.99,3.3021,540.74,4,135.19,3.163,552,22,0.1818,2010-03-18,2010-06-27,,Insufficient History,2,"Mid-Value, Unreliable, Lapsed",Medium Risk
13058,3,0,3,0.0,Likely to Exit,46.6,5.825,271.4,3,90.47,1.1412,46,6,0.5,2011-07-11,2011-11-15,4.708,Increasing,1,"Mid-Value, Unreliable, Recent",High Risk
13059,6,2,4,33.33,Likely to Exit,908.27,4.4306,2272.62,12,189.38,1.9363,271,22,0.5455,2010-03-31,2011-04-04,,Insufficient History,0,"High-Value, Reliable, Recent",Medium Risk
13060,1,0,1,0.0,Likely to Exit,59.74,3.9827,307.53,1,307.53,3.0,275,10,0.1,2011-03-31,2011-03-31,,Insufficient History,2,"Mid-Value, Unreliable, Lapsed",High Risk
13061,1,0,1,0.0,Likely to Exit,34.03,3.403,248.61,1,248.61,1.7321,94,4,0.25,2011-09-28,2011-09-28,,Insufficient History,1,"Mid-Value, Unreliable, Recent",High Risk
13062,1,0,1,0.0,Likely to Exit,75.01,6.8191,346.98,1,346.98,2.4495,213,7,0.1429,2011-06-01,2011-06-01,,Insufficient History,1,"Mid-Value, Unreliable, Recent",High Risk
13063,1,0,1,0.0,Likely to Exit,27.5,2.2917,188.4,1,188.4,4.0,502,17,0.0588,2010-08-16,2010-08-16,,Insufficient History,2,"Mid-Value, Unreliable, Lapsed",High Risk
13064,6,1,5,16.67,Likely to Exit,458.86,4.8815,1680.74,6,280.12,1.6937,34,21,0.2857,2010-04-27,2011-11-27,0.434,Declining,1,"Mid-Value, Unreliable, Recent",High Risk
13065,5,1,4,20.0,Likely to Exit,342.28,4.4452,1255.96,6,209.33,1.7866,395,19,0.3158,2010-06-10,2010-12-01,,Insufficient History,1,"Mid-Value, Unreliable, Recent",High Risk
13066,1,1,0,100.0,Very Loyal,172.27,3.5157,430.9,3,143.63,1.0,46,2,1.5,2011-11-07,2011-11-15,,Insufficient History,1,"Mid-Value, Unreliable, Recent",Low Risk
13067,3,0,3,0.0,Likely to Exit,146.2,4.5688,508.51,3,169.5,2.2309,104,16,0.1875,2010-09-19,2011-09-18,0.0,Declining,1,"Mid-Value, Unreliable, Recent",High Risk
13068,2,0,2,0.0,Likely to Exit,3.44,1.72,344.0,2,172.0,2.2383,32,12,0.1667,2011-01-24,2011-11-29,,Insufficient History,1,"Mid-Value, Unreliable, Recent",High Risk
13069,19,4,15,21.05,Likely to Exit,2179.89,1.8744,8747.47,42,208.27,0.6582,22,19,2.2105,2010-06-14,2011-12-09,0.267,Declining,0,"High-Value, Reliable, Recent",High Risk
13070,4,0,4,0.0,Likely to Exit,71.42,2.0406,743.9,5,148.78,2.3358,214,25,0.2,2009-12-02,2011-05-31,,Insufficient History,1,"Mid-Value, Unreliable, Recent",High Risk
13071,1,0,1,0.0,Likely to Exit,49.27,4.1058,129.22,1,129.22,4.4721,634,21,0.0476,2010-04-06,2010-04-06,,Insufficient History,2,"Mid-Value, Unreliable, Lapsed",High Risk
13072,1,0,1,0.0,Likely to Exit,23.45,3.35,177.15,1,177.15,3.0,288,10,0.1,2011-03-18,2011-03-18,,Insufficient History,2,"Mid-Value, Unreliable, Lapsed",High Risk
13073,2,0,2,0.0,Likely to Exit,95.98,3.5548,418.08,2,209.04,2.9346,433,16,0.125,2010-09-28,2010-10-24,,Insufficient History,2,"Mid-Value, Unreliable, Lapsed",High Risk
13074,5,0,5,0.0,Likely to Exit,122.67,4.089,1362.84,5,272.57,2.3179,533,25,0.2,2009-12-16,2010-07-16,,Insufficient History,2,"Mid-Value, Unreliable, Lapsed",High Risk
13075,1,0,1,0.0,Likely to Exit,44.87,2.0395,919.61,1,919.61,2.0,151,5,0.2,2011-08-02,2011-08-02,,Insufficient History,1,"Mid-Value, Unreliable, Recent",High Risk
13076,1,0,1,0.0,Likely to Exit,35.85,3.9833,135.4,1,135.4,3.873,479,16,0.0625,2010-09-08,2010-09-08,,Insufficient History,2,"Mid-Value, Unreliable, Lapsed",High Risk
13077,9,3,6,33.33,Likely to Exit,708.27,2.0008,3040.17,14,217.16,1.5861,23,25,0.56,2009-12-11,2011-12-08,,Insufficient History,0,"High-Value, Reliable, Recent",Medium Risk
13078,25,16,9,64.0,Likely to Stay,3386.82,3.9612,28883.83,95,304.04,0.481,23,25,3.8,2009-12-01,2011-12-08,1.323,Increasing,0,"High-Value, Reliable, Recent",Low Risk
13079,5,0,5,0.0,Likely to Exit,52.69,3.0994,419.18,6,69.86,2.1025,26,15,0.4,2010-10-18,2011-12-05,0.277,Declining,1,"Mid-Value, Unreliable, Recent",High Risk
13080,4,0,4,0.0,Likely to Exit,61.22,3.061,260.83,5,52.17,2.1016,201,21,0.2381,2010-04-09,2011-06-13,,Insufficient History,1,"Mid-Value, Unreliable, Recent",High Risk
13081,19,16,3,84.21,Very Loyal,5311.15,2.1857,58328.15,44,1325.64,0.947,23,25,1.76,2009-12-08,2011-12-08,2.152,Increasing,0,"High-Value, Reliable, Recent",Low Risk
13082,14,0,14,0.0,Likely to Exit,341.1,2.5455,7268.92,25,290.76,1.282,148,25,1.0,2009-12-22,2011-08-05,0.0,Declining,0,"High-Value, Reliable, Recent",High Risk
13083,3,0,3,0.0,Likely to Exit,63.86,2.9027,395.43,3,131.81,2.1323,26,15,0.2,2010-10-10,2011-12-05,0.579,Declining,1,"Mid-Value, Unreliable, Recent",High Risk
13084,1,0,1,0.0,Likely to Exit,3.4,0.85,116.45,2,58.22,4.0,509,17,0.1176,2010-08-05,2010-08-09,,Insufficient History,2,"Mid-Value, Unreliable, Lapsed",High Risk
13085,6,2,4,33.33,Likely to Exit,1142.05,12.4136,1459.46,10,145.95,2.8396,179,25,0.4,2009-12-01,2011-07-05,0.0,Declining,1,"Mid-Value, Unreliable, Recent",Medium Risk
13086,1,1,0,100.0,Very Loyal,184.93,3.9347,439.33,1,439.33,3.6056,404,14,0.0714,2010-11-22,2010-11-22,,Insufficient History,2,"Mid-Value, Unreliable, Lapsed",Low Risk
13087,1,0,1,0.0,Likely to Exit,85.77,5.718,313.64,1,313.64,4.899,748,25,0.04,2009-12-13,2009-12-13,,Insufficient History,2,"Mid-Value, Unreliable, Lapsed",High Risk
13088,1,0,1,0.0,Likely to Exit,83.12,4.156,236.11,1,236.11,3.7417,439,15,0.0667,2010-10-18,2010-10-18,,Insufficient History,2,"Mid-Value, Unreliable, Lapsed",High Risk
13089,25,25,0,100.0,Very Loyal,9422.58,2.7407,113214.19,247,458.36,0.3981,24,25,9.88,2009-12-02,2011-12-07,0.857,Declining,0,"High-Value, Reliable, Recent",Low Risk
13090,14,5,9,35.71,Likely to Exit,1333.5,4.5825,13771.28,30,459.04,0.9212,30,17,1.7647,2010-08-02,2011-12-01,4.26,Increasing,0,"High-Value, Reliable, Recent",Medium Risk
13091,2,1,1,50.0,At Risk,1402.9,11.4992,-130.22,6,-21.7,4.2026,43,25,0.24,2009-12-08,2011-11-18,,Insufficient History,3,"Low-Value, Reliable, Lapsed",Medium Risk
13092,13,1,12,7.69,Likely to Exit,579.3,5.0374,2007.33,15,133.82,1.3333,92,23,0.6522,2010-02-10,2011-09-30,0.0,Declining,0,"High-Value, Reliable, Recent",High Risk
13093,16,14,2,87.5,Very Loyal,3300.27,2.9705,54073.73,88,614.47,1.2008,289,25,3.52,2009-12-04,2011-03-17,,Insufficient History,0,"High-Value, Reliable, Recent",Low Risk
13094,11,0,11,0.0,Likely to Exit,51.77,1.3624,2214.66,17,130.27,0.788,43,14,1.2143,2010-11-15,2011-11-18,0.224,Declining,0,"High-Value, Reliable, Recent",High Risk
13095,1,0,1,0.0,Likely to Exit,4.16,0.6933,74.4,1,74.4,1.7321,92,4,0.25,2011-09-30,2011-09-30,,Insufficient History,1,"Mid-Value, Unreliable, Recent",High Risk
13096,1,0,1,0.0,Likely to Exit,69.95,69.95,419.7,1,419.7,3.6056,416,14,0.0714,2010-11-10,2010-11-10,,Insufficient History,2,"Mid-Value, Unreliable, Lapsed",High Risk
13097,19,13,6,68.42,Likely to Stay,4807.98,4.6142,12861.73,40,321.54,0.7408,54,25,1.6,2009-12-01,2011-11-07,0.37,Declining,0,"High-Value, Reliable, Recent",Low Risk
13098,12,6,6,50.0,At Risk,1713.6,2.8324,28658.88,41,699.0,0.6051,23,12,3.4167,2011-01-26,2011-12-08,1.48,Increasing,0,"High-Value, Reliable, Recent",Medium Risk
13099,1,0,1,0.0,Likely to Exit,0.72,0.72,207.36,1,207.36,1.7321,121,4,0.25,2011-09-01,2011-09-01,,Insufficient History,1,"Mid-Value, Unreliable, Recent",High Risk
13100,1,1,0,100.0,Very Loyal,1598.67,1598.67,-1598.67,1,-1598.67,0.0,646,22,0.0455,2010-03-25,2010-03-25,,Insufficient History,3,"Low-Value, Reliable, Lapsed",Low Risk
13101,4,0,4,0.0,Likely to Exit,131.38,2.5761,695.4,4,173.85,2.4233,256,24,0.1667,2010-01-27,2011-04-19,,Insufficient History,1,"Mid-Value, Unreliable, Recent",High Risk
13102,19,2,17,10.53,Likely to Exit,1536.19,3.0601,11440.12,42,272.38,0.6883,23,20,2.1,2010-05-06,2011-12-08,0.879,Declining,0,"High-Value, Reliable, Recent",High Risk
13103,3,0,3,0.0,Likely to Exit,76.06,2.3048,709.64,3,236.55,2.5734,61,20,0.15,2010-05-11,2011-10-31,,Insufficient History,1,"Mid-Value, Unreliable, Recent",High Risk
13104,9,0,9,0.0,Likely to Exit,65.38,2.1793,1709.1,9,189.9,1.4413,25,23,0.3913,2010-02-24,2011-12-06,1.422,Increasing,1,"Mid-Value, Unreliable, Recent",High Risk
13105,1,0,1,0.0,Likely to Exit,0.72,0.72,72.0,1,72.0,3.873,458,16,0.0625,2010-09-29,2010-09-29,,Insufficient History,2,"Mid-Value, Unreliable, Lapsed",High Risk
13106,3,1,2,33.33,Likely to Exit,216.91,12.7594,586.46,3,195.49,3.2679,150,15,0.2,2010-10-22,2011-08-03,0.0,Declining,1,"Mid-Value, Unreliable, Recent",Medium Risk
13107,11,0,11,0.0,Likely to Exit,370.97,1.9628,5109.62,15,340.64,1.6215,66,25,0.6,2009-12-08,2011-10-26,0.263,Declining,0,"High-Value, Reliable, Recent",High Risk
13108,2,0,2,0.0,Likely to Exit,67.08,1.4907,1098.52,2,549.26,2.7574,394,16,0.125,2010-09-30,2010-12-02,,Insufficient History,2,"Mid-Value, Unreliable, Lapsed",High Risk
13109,4,0,4,0.0,Likely to Exit,214.64,2.9005,1107.58,7,158.23,2.3174,24,19,0.3684,2010-06-06,2011-12-07,1.102,Increasing,1,"Mid-Value, Unreliable, Recent",High Risk
13110,10,5,5,50.0,At Risk,1234.57,4.8605,2896.17,14,206.87,1.367,53,25,0.56,2009-12-01,2011-11-08,1.441,Increasing,0,"High-Value, Reliable, Recent",Medium Risk
13111,1,0,1,0.0,Likely to Exit,23.66,1.9717,321.88,1,321.88,4.899,740,25,0.04,2009-12-21,2009-12-21,,Insufficient History,2,"Mid-Value, Unreliable, Lapsed",High Risk
13112,2,0,2,0.0,Likely to Exit,13.47,2.694,-5.44,3,-1.81,4.899,563,25,0.12,2009-12-08,2010-06-16,,Insufficient History,3,"Low-Value, Reliable, Lapsed",High Risk
13113,18,10,8,55.56,At Risk,1945.4,3.9064,16600.25,60,276.67,0.9617,22,22,2.7273,2010-03-28,2011-12-09,0.672,Declining,0,"High-Value, Reliable, Recent",Medium Risk
13114,1,0,1,0.0,Likely to Exit,89.54,5.5963,234.38,1,234.38,4.899,752,25,0.04,2009-12-09,2009-12-09,,Insufficient History,2,"Mid-Value, Unreliable, Lapsed",High Risk
13115,15,4,11,26.67,Likely to Exit,859.0,2.5952,5374.45,23,233.67,1.6334,30,23,1.0,2010-02-17,2011-12-01,-187.873,Declining,0,"High-Value, Reliable, Recent",High Risk
13116,2,1,1,50.0,At Risk,151.6,4.8903,485.19,2,242.59,2.2361,139,6,0.3333,2011-07-24,2011-08-14,0.0,Declining,1,"Mid-Value, Unreliable, Recent",Medium Risk
13117,16,1,15,6.25,Likely to Exit,496.15,2.6251,2642.11,19,139.06,1.3241,43,22,0.8636,2010-03-26,2011-11-18,1.583,Increasing,0,"High-Value, Reliable, Recent",High Risk
13118,7,3,4,42.86,At Risk,651.82,4.2883,2334.1,12,194.51,1.2878,41,16,0.75,2010-09-26,2011-11-20,,Insufficient History,0,"High-Value, Reliable, Recent",Medium Risk
13119,1,0,1,0.0,Likely to Exit,16.65,1.5136,134.9,1,134.9,4.6904,690,23,0.0435,2010-02-09,2010-02-09,,Insufficient History,2,"Mid-Value, Unreliable, Lapsed",High Risk
13120,1,0,1,0.0,Likely to Exit,2.55,2.55,30.6,1,30.6,2.8284,260,9,0.1111,2011-04-15,2011-04-15,,Insufficient History,2,"Mid-Value, Unreliable, Lapsed",High Risk
13121,1,0,1,0.0,Likely to Exit,88.64,1.6725,254.73,2,127.36,3.0,291,10,0.2,2011-03-15,2011-03-15,,Insufficient History,2,"Mid-Value, Unreliable, Lapsed",High Risk
13122,2,1,1,50.0,At Risk,145.01,2.6365,922.39,2,461.19,2.7644,116,9,0.2222,2011-04-13,2011-09-06,0.0,Declining,1,"Mid-Value, Unreliable, Recent",Medium Risk
13123,2,1,1,50.0,At Risk,144.67,3.2149,506.75,2,253.37,3.1688,494,19,0.1053,2010-06-28,2010-08-24,,Insufficient History,2,"Mid-Value, Unreliable, Lapsed",Medium Risk
13124,4,4,0,100.0,Very Loyal,950.44,3.1894,4782.45,4,1195.61,1.6015,111,14,0.2857,2010-11-19,2011-09-11,0.0,Declining,0,"High-Value, Reliable, Recent",Low Risk
13125,1,1,0,100.0,Very Loyal,100.98,4.8086,158.57,1,158.57,4.1231,545,18,0.0556,2010-07-04,2010-07-04,,Insufficient History,2,"Mid-Value, Unreliable, Lapsed",Low Risk
13126,14,1,13,7.14,Likely to Exit,622.55,2.3944,3902.47,19,205.39,1.044,26,22,0.8636,2010-03-02,2011-12-05,2.248,Increasing,0,"High-Value, Reliable, Recent",High Risk
13127,1,0,1,0.0,Likely to Exit,43.28,2.8853,259.17,1,259.17,1.7321,99,4,0.25,2011-09-23,2011-09-23,,Insufficient History,1,"Mid-Value, Unreliable, Recent",High Risk
13128,1,0,1,0.0,Likely to Exit,8.5,8.5,263.5,1,263.5,4.5826,653,22,0.0455,2010-03-18,2010-03-18,,Insufficient History,2,"Mid-Value, Unreliable, Lapsed",High Risk
13129,2,0,2,0.0,Likely to Exit,20.46,1.86,233.25,2,116.62,2.9229,474,19,0.1053,2010-06-28,2010-09-13,,Insufficient History,2,"Mid-Value, Unreliable, Lapsed",High Risk
13130,1,0,1,0.0,Likely to Exit,4.5,2.25,64.0,1,64.0,1.7321,116,4,0.25,2011-09-06,2011-09-06,,Insufficient History,1,"Mid-Value, Unreliable, Recent",High Risk
13131,7,3,4,42.86,At Risk,486.68,3.223,3279.77,8,409.97,1.837,45,23,0.3478,2010-02-09,2011-11-16,0.597,Declining,0,"High-Value, Reliable, Recent",Medium Risk
13132,1,0,1,0.0,Likely to Exit,14.8,4.9333,77.3,1,77.3,3.0,283,10,0.1,2011-03-23,2011-03-23,,Insufficient History,2,"Mid-Value, Unreliable, Lapsed",High Risk
13133,3,0,3,0.0,Likely to Exit,62.75,5.2292,200.45,3,66.82,2.1628,295,16,0.1875,2010-09-06,2011-03-11,,Insufficient History,1,"Mid-Value, Unreliable, Recent",High Risk
13134,5,1,4,20.0,Likely to Exit,425.04,3.3206,2422.28,9,269.14,1.6132,94,15,0.6,2010-10-19,2011-09-28,0.0,Declining,0,"High-Value, Reliable, Recent",High Risk
13135,2,0,2,0.0,Likely to Exit,73.92,4.1067,3371.45,2,1685.72,3.6673,218,17,0.1176,2010-08-05,2011-05-27,,Insufficient History,1,"Mid-Value, Unreliable, Recent",High Risk
13136,11,5,6,45.45,At Risk,1046.42,3.0331,6077.8,24,253.24,1.5128,72,25,0.96,2009-12-08,2011-10-20,0.283,Declining,0,"High-Value, Reliable, Recent",Medium Risk
13137,11,9,2,81.82,Very Loyal,3253.16,2.256,7667.37,17,451.02,1.2226,32,18,0.9444,2010-07-25,2011-11-29,1.683,Increasing,0,"High-Value, Reliable, Recent",Low Risk
13138,7,0,7,0.0,Likely to Exit,315.02,3.1502,1454.49,8,181.81,1.1902,44,14,0.5714,2010-11-08,2011-11-17,0.912,Stable,1,"Mid-Value, Unreliable, Recent",High Risk
13139,6,4,2,66.67,Likely to Stay,843.24,3.1347,8193.83,9,910.43,1.7159,38,16,0.5625,2010-09-28,2011-11-23,0.609,Declining,0,"High-Value, Reliable, Recent",Low Risk
13140,4,2,2,50.0,At Risk,398.7,3.268,1215.68,5,243.14,1.8353,130,17,0.2941,2010-08-05,2011-08-23,0.0,Declining,1,"Mid-Value, Unreliable, Recent",Medium Risk
13141,14,2,12,14.29,Likely to Exit,977.41,2.2678,7536.63,21,358.89,1.3245,106,25,0.84,2009-12-09,2011-09-16,0.0,Declining,0,"High-Value, Reliable, Recent",High Risk
13142,1,0,1,0.0,Likely to Exit,68.93,2.997,307.09,1,307.09,1.0,41,2,0.5,2011-11-20,2011-11-20,,Insufficient History,1,"Mid-Value, Unreliable, Recent",High Risk
13143,1,0,1,0.0,Likely to Exit,65.7,2.7375,399.2,2,199.6,4.3589,604,20,0.1,2010-05-04,2010-05-06,,Insufficient History,2,"Mid-Value, Unreliable, Lapsed",High Risk
13144,2,0,2,0.0,Likely to Exit,27.9,4.65,135.35,2,67.67,3.093,354,15,0.1333,2010-10-04,2011-01-11,,Insufficient History,2,"Mid-Value, Unreliable, Lapsed",High Risk
13145,7,1,6,14.29,Likely to Exit,619.26,56.2964,1419.77,8,177.47,2.0402,61,21,0.381,2010-04-19,2011-10-31,0.591,Declining,1,"Mid-Value, Unreliable, Recent",High Risk
13146,1,0,1,0.0,Likely to Exit,34.46,2.0271,228.91,1,228.91,1.0,48,2,0.5,2011-11-13,2011-11-13,,Insufficient History,1,"Mid-Value, Unreliable, Recent",High Risk
13147,3,0,3,0.0,Likely to Exit,19.8,4.95,712.8,4,178.2,1.0,32,4,1.0,2011-09-01,2011-11-29,,Insufficient History,1,"Mid-Value, Unreliable, Recent",High Risk
13148,17,11,6,64.71,Likely to Stay,3044.25,3.6198,8123.6,36,225.66,1.0006,51,25,1.44,2009-12-07,2011-11-10,0.965,Stable,0,"High-Value, Reliable, Recent",Low Risk
13149,4,0,4,0.0,Likely to Exit,247.84,2.8819,1676.06,4,419.02,1.3999,36,11,0.3636,2011-02-23,2011-11-25,0.719,Declining,1,"Mid-Value, Unreliable, Recent",High Risk
13150,2,0,2,0.0,Likely to Exit,70.42,7.8244,435.02,4,108.75,3.242,492,22,0.1818,2010-03-19,2010-08-26,,Insufficient History,2,"Mid-Value, Unreliable, Lapsed",High Risk
13151,3,2,1,66.67,Likely to Stay,974.03,5.3518,2511.69,5,502.34,3.1634,225,22,0.2273,2010-03-22,2011-05-20,,Insufficient History,1,"Mid-Value, Unreliable, Recent",Low Risk
13152,8,2,6,25.0,Likely to Exit,559.4,4.0536,2114.98,9,235.0,1.6458,439,24,0.375,2010-01-14,2010-10-18,,Insufficient History,0,"High-Value, Reliable, Recent",High Risk
13153,1,0,1,0.0,Likely to Exit,19.17,1.278,486.22,1,486.22,0.0,27,1,1.0,2011-12-04,2011-12-04,,Insufficient History,1,"Mid-Value, Unreliable, Recent",High Risk
13154,5,2,3,40.0,At Risk,929.3,9.5804,997.43,5,199.49,2.819,166,25,0.2,2009-12-04,2011-07-18,-0.0,Declining,1,"Mid-Value, Unreliable, Recent",Medium Risk
13155,6,1,5,16.67,Likely to Exit,458.64,2.7966,1750.18,6,291.7,1.856,55,17,0.3529,2010-08-05,2011-11-06,0.285,Declining,1,"Mid-Value, Unreliable, Recent",High Risk
13156,2,1,1,50.0,At Risk,345.36,3.3208,1586.54,3,528.85,3.7604,407,23,0.1304,2010-02-01,2010-11-19,,Insufficient History,2,"Mid-Value, Unreliable, Lapsed",Medium Risk
13157,8,3,5,37.5,Likely to Exit,469.41,1.8554,5667.71,10,566.77,1.7571,71,22,0.4545,2010-03-08,2011-10-21,2.313,Increasing,0,"High-Value, Reliable, Recent",Medium Risk
13158,5,0,5,0.0,Likely to Exit,202.83,2.0283,1508.18,5,301.64,1.3487,116,14,0.3571,2010-11-16,2011-09-06,0.0,Declining,1,"Mid-Value, Unreliable, Recent",High Risk
13159,3,1,2,33.33,Likely to Exit,334.74,2.7438,1379.75,5,275.95,1.0817,30,5,1.0,2011-08-16,2011-12-01,,Insufficient History,1,"Mid-Value, Unreliable, Recent",Medium Risk
13160,1,0,1,0.0,Likely to Exit,12.1,3.025,91.8,1,91.8,1.0,44,2,0.5,2011-11-17,2011-11-17,,Insufficient History,1,"Mid-Value, Unreliable, Recent",High Risk
13161,2,1,1,50.0,At Risk,190.04,5.5894,478.88,2,239.44,3.2434,335,18,0.1111,2010-07-27,2011-01-30,,Insufficient History,2,"Mid-Value, Unreliable, Lapsed",Medium Risk
13162,13,1,12,7.69,Likely to Exit,552.76,2.2747,9116.94,19,479.84,1.4334,144,25,0.76,2009-12-04,2011-08-09,0.0,Declining,0,"High-Value, Reliable, Recent",High Risk
13163,2,0,2,0.0,Likely to Exit,21.4,5.35,0.0,2,0.0,4.6904,632,23,0.087,2010-02-21,2010-04-08,,Insufficient History,3,"Low-Value, Reliable, Lapsed",High Risk
13164,2,0,2,0.0,Likely to Exit,75.44,6.2867,297.46,3,99.15,3.6293,591,23,0.1304,2010-02-10,2010-05-19,,Insufficient History,2,"Mid-Value, Unreliable, Lapsed",High Risk
13165,3,0,3,0.0,Likely to Exit,40.65,0.8296,1451.16,3,483.72,2.0924,68,15,0.2,2010-10-22,2011-10-24,,Insufficient History,1,"Mid-Value, Unreliable, Recent",High Risk
13166,2,0,2,0.0,Likely to Exit,178.71,2.553,881.68,3,293.89,2.5542,304,15,0.2,2010-10-21,2011-03-02,,Insufficient History,1,"Mid-Value, Unreliable, Recent",High Risk
13167,5,0,5,0.0,Likely to Exit,235.45,2.9068,1125.15,5,225.03,1.436,40,14,0.3571,2010-11-14,2011-11-21,0.895,Declining,1,"Mid-Value, Unreliable, Recent",High Risk
13168,5,2,3,40.0,At Risk,596.39,3.2769,1866.26,6,311.04,1.9515,58,19,0.3158,2010-06-15,2011-11-03,,Insufficient History,1,"Mid-Value, Unreliable, Recent",Medium Risk
13169,3,0,3,0.0,Likely to Exit,78.02,4.3344,840.08,3,280.03,2.8131,85,20,0.15,2010-05-26,2011-10-07,,Insufficient History,1,"Mid-Value, Unreliable, Recent",High Risk
13170,1,0,1,0.0,Likely to Exit,49.48,1.5462,116.01,1,116.01,1.0,48,2,0.5,2011-11-13,2011-11-13,,Insufficient History,1,"Mid-Value, Unreliable, Recent",High Risk
13171,4,0,4,0.0,Likely to Exit,227.65,4.7427,426.81,5,85.36,1.6688,30,11,0.4545,2011-02-13,2011-12-01,,Insufficient History,1,"Mid-Value, Unreliable, Recent",High Risk
13172,1,0,1,0.0,Likely to Exit,1.45,1.45,69.6,1,69.6,3.6056,422,14,0.0714,2010-11-04,2010-11-04,,Insufficient History,2,"Mid-Value, Unreliable, Lapsed",High Risk
13173,9,3,6,33.33,Likely to Exit,763.99,3.0317,2620.5,13,201.58,1.5056,26,25,0.52,2009-12-10,2011-12-05,,Insufficient History,0,"High-Value, Reliable, Recent",Medium Risk
13174,10,10,0,100.0,Very Loyal,3759.52,3.3211,9494.84,12,791.24,1.6248,38,25,0.48,2009-12-04,2011-11-23,,Insufficient History,0,"High-Value, Reliable, Recent",Low Risk
13175,3,1,2,33.33,Likely to Exit,207.2,4.0627,793.1,4,198.28,3.4892,576,25,0.16,2009-12-04,2010-06-03,,Insufficient History,2,"Mid-Value, Unreliable, Lapsed",Medium Risk
13176,1,1,0,100.0,Very Loyal,199.98,2.7775,492.84,1,492.84,1.4142,68,3,0.3333,2011-10-24,2011-10-24,,Insufficient History,1,"Mid-Value, Unreliable, Recent",Low Risk
13177,2,0,2,0.0,Likely to Exit,99.15,3.305,512.2,2,256.1,2.565,86,15,0.1333,2010-10-05,2011-10-06,,Insufficient History,1,"Mid-Value, Unreliable, Recent",High Risk
13178,19,4,15,21.05,Likely to Exit,1373.23,1.973,13997.89,25,559.92,0.7283,48,25,1.0,2009-12-16,2011-11-13,0.308,Declining,0,"High-Value, Reliable, Recent",High Risk
13179,1,0,1,0.0,Likely to Exit,70.84,2.0835,572.31,1,572.31,4.5826,640,22,0.0455,2010-03-31,2010-03-31,,Insufficient History,2,"Mid-Value, Unreliable, Lapsed",High Risk
13180,1,0,1,0.0,Likely to Exit,15.05,3.7625,86.1,1,86.1,4.4721,629,21,0.0476,2010-04-11,2010-04-11,,Insufficient History,2,"Mid-Value, Unreliable, Lapsed",High Risk
13181,1,0,1,0.0,Likely to Exit,53.07,2.7932,359.69,1,359.69,3.6056,403,14,0.0714,2010-11-23,2010-11-23,,Insufficient History,2,"Mid-Value, Unreliable, Lapsed",High Risk
13182,1,0,1,0.0,Likely to Exit,7.54,0.6855,121.18,1,121.18,1.4142,67,3,0.3333,2011-10-25,2011-10-25,,Insufficient History,1,"Mid-Value, Unreliable, Recent",High Risk
13183,15,0,15,0.0,Likely to Exit,299.0,1.8571,7010.88,18,389.49,0.8413,29,22,0.8182,2010-03-14,2011-12-02,0.56,Declining,0,"High-Value, Reliable, Recent",High Risk
13184,6,0,6,0.0,Likely to Exit,337.93,1.8466,1648.79,12,137.4,1.1162,36,11,1.0909,2011-02-22,2011-11-25,0.355,Declining,0,"High-Value, Reliable, Recent",High Risk
13185,1,0,1,0.0,Likely to Exit,5.95,5.95,71.4,1,71.4,3.0,289,10,0.1,2011-03-17,2011-03-17,,Insufficient History,2,"Mid-Value, Unreliable, Lapsed",High Risk
13186,3,1,2,33.33,Likely to Exit,268.89,3.2011,1539.69,5,307.94,1.1471,61,5,1.0,2011-08-03,2011-10-31,,Insufficient History,1,"Mid-Value, Unreliable, Recent",Medium Risk
13187,2,1,1,50.0,At Risk,159.28,2.4505,348.31,5,69.66,3.3016,359,22,0.2273,2010-03-25,2011-01-06,,Insufficient History,2,"Mid-Value, Unreliable, Lapsed",Medium Risk
13188,1,0,1,0.0,Likely to Exit,19.15,9.575,114.6,1,114.6,1.0,33,2,0.5,2011-11-28,2011-11-28,,Insufficient History,1,"Mid-Value, Unreliable, Recent",High Risk
13189,2,0,2,0.0,Likely to Exit,11.36,0.3917,260.68,2,130.34,1.2254,40,5,0.4,2011-08-16,2011-11-21,,Insufficient History,1,"Mid-Value, Unreliable, Recent",High Risk
13190,3,0,3,0.0,Likely to Exit,96.31,5.3506,518.76,4,129.69,2.7475,566,25,0.16,2009-12-07,2010-06-13,,Insufficient History,2,"Mid-Value, Unreliable, Lapsed",High Risk
13191,1,1,0,100.0,Very Loyal,110.83,1.8785,164.69,1,164.69,4.6904,680,23,0.0435,2010-02-19,2010-02-19,,Insufficient History,2,"Mid-Value, Unreliable, Lapsed",Low Risk
13192,7,1,6,14.29,Likely to Exit,483.52,2.9304,2544.53,8,318.07,2.0608,117,24,0.3333,2010-01-22,2011-09-05,0.0,Declining,0,"High-Value, Reliable, Recent",High Risk
13193,1,0,1,0.0,Likely to Exit,83.24,2.8703,117.88,1,117.88,1.4142,83,3,0.3333,2011-10-09,2011-10-09,,Insufficient History,1,"Mid-Value, Unreliable, Recent",High Risk
13194,2,0,2,0.0,Likely to Exit,25.53,2.553,472.78,2,236.39,3.2623,157,15,0.1333,2010-10-14,2011-07-27,0.0,Declining,1,"Mid-Value, Unreliable, Recent",High Risk
13195,1,1,0,100.0,Very Loyal,116.95,2.249,172.38,1,172.38,3.7417,436,15,0.0667,2010-10-21,2010-10-21,,Insufficient History,2,"Mid-Value, Unreliable, Lapsed",Low Risk
13196,6,3,3,50.0,At Risk,535.66,2.8193,3059.64,8,382.46,1.9193,33,21,0.381,2010-04-01,2011-11-28,0.196,Declining,0,"High-Value, Reliable, Recent",Medium Risk
13197,1,0,1,0.0,Likely to Exit,87.19,4.5889,373.01,1,373.01,4.4721,631,21,0.0476,2010-04-09,2010-04-09,,Insufficient History,2,"Mid-Value, Unreliable, Lapsed",High Risk
13198,9,3,6,33.33,Likely to Exit,903.36,2.8055,4912.28,12,409.36,1.0369,32,15,0.8,2010-10-01,2011-11-29,0.419,Declining,0,"High-Value, Reliable, Recent",Medium Risk
13199,25,1,24,4.0,Likely to Exit,514.0,2.4593,16404.98,69,237.75,0.8415,25,25,2.76,2009-12-05,2011-12-06,8.836,Increasing,0,"High-Value, Reliable, Recent",High Risk
13200,3,0,3,0.0,Likely to Exit,155.28,3.3757,870.09,4,217.52,0.83,41,5,0.8,2011-08-05,2011-11-20,,Insufficient History,1,"Mid-Value, Unreliable, Recent",High Risk
13201,3,1,2,33.33,Likely to Exit,196.83,2.2367,1240.61,4,310.15,2.6429,524,22,0.1818,2010-03-07,2010-07-25,,Insufficient History,2,"Mid-Value, Unreliable, Lapsed",Medium Risk
13202,7,1,6,14.29,Likely to Exit,351.95,5.0279,1571.35,8,196.42,1.6796,400,25,0.32,2009-12-09,2010-11-26,,Insufficient History,1,"Mid-Value, Unreliable, Recent",High Risk
13203,11,0,11,0.0,Likely to Exit,325.84,1.9167,2630.55,11,239.14,1.5406,31,25,0.44,2009-12-17,2011-11-30,3.882,Increasing,0,"High-Value, Reliable, Recent",High Risk
13204,1,1,0,100.0,Very Loyal,237.18,4.1611,966.66,1,966.66,4.899,753,25,0.04,2009-12-08,2009-12-08,,Insufficient History,2,"Mid-Value, Unreliable, Lapsed",Low Risk
13205,1,0,1,0.0,Likely to Exit,10.95,10.95,2803.2,1,2803.2,3.873,465,16,0.0625,2010-09-22,2010-09-22,,Insufficient History,2,"Mid-Value, Unreliable, Lapsed",High Risk
13206,7,4,3,57.14,At Risk,1146.68,1.9635,8280.13,15,552.01,1.988,422,25,0.6,2009-12-07,2010-11-04,,Insufficient History,0,"High-Value, Reliable, Recent",Medium Risk
13207,4,0,4,0.0,Likely to Exit,48.08,3.6985,535.86,4,133.97,2.4052,37,21,0.1905,2010-04-06,2011-11-24,0.267,Declining,1,"Mid-Value, Unreliable, Recent",High Risk
13208,8,1,7,12.5,Likely to Exit,645.87,2.5328,1970.5,10,197.05,1.677,80,25,0.4,2009-12-03,2011-10-12,2.75,Increasing,0,"High-Value, Reliable, Recent",High Risk
13209,11,2,9,18.18,Likely to Exit,916.5,2.4505,8438.06,16,527.38,1.6249,52,24,0.6667,2010-01-24,2011-11-09,0.976,Stable,0,"High-Value, Reliable, Recent",High Risk
13210,1,0,1,0.0,Likely to Exit,33.26,1.5118,353.48,1,353.48,1.7321,115,4,0.25,2011-09-07,2011-09-07,,Insufficient History,1,"Mid-Value, Unreliable, Recent",High Risk
13211,8,0,8,0.0,Likely to Exit,329.94,1.5787,2706.87,12,225.57,1.8633,32,25,0.48,2009-12-06,2011-11-29,0.401,Declining,0,"High-Value, Reliable, Recent",High Risk
13212,2,2,0,100.0,Very Loyal,539.32,3.7715,780.58,4,195.14,0.7757,31,3,1.3333,2011-10-09,2011-11-30,,Insufficient History,1,"Mid-Value, Unreliable, Recent",Low Risk
13213,8,1,7,12.5,Likely to Exit,544.07,2.6032,3834.62,14,273.9,1.7396,78,20,0.7,2010-05-20,2011-10-14,1.35,Increasing,0,"High-Value, Reliable, Recent",High Risk
13214,6,1,5,16.67,Likely to Exit,436.56,1.9064,3264.23,7,466.32,2.6501,439,22,0.3182,2010-03-03,2010-10-18,,Insufficient History,1,"Mid-Value, Unreliable, Recent",High Risk
13215,1,0,1,0.0,Likely to Exit,0.85,0.85,81.6,1,81.6,3.6056,424,14,0.0714,2010-11-02,2010-11-02,,Insufficient History,2,"Mid-Value, Unreliable, Lapsed",High Risk
13216,1,0,1,0.0,Likely to Exit,7.24,1.448,333.74,1,333.74,3.0,289,10,0.1,2011-03-17,2011-03-17,,Insufficient History,2,"Mid-Value, Unreliable, Lapsed",High Risk
13217,3,0,3,0.0,Likely to Exit,16.68,2.085,266.12,6,44.35,3.4752,144,23,0.2609,2010-02-22,2011-08-09,0.0,Declining,1,"Mid-Value, Unreliable, Recent",High Risk
13218,1,0,1,0.0,Likely to Exit,4.65,0.93,62.64,1,62.64,2.0,149,5,0.2,2011-08-04,2011-08-04,,Insufficient History,1,"Mid-Value, Unreliable, Recent",High Risk
13219,1,0,1,0.0,Likely to Exit,76.23,6.93,76.23,1,76.23,4.5826,640,22,0.0455,2010-03-31,2010-03-31,,Insufficient History,2,"Mid-Value, Unreliable, Lapsed",High Risk
13220,5,1,4,20.0,Likely to Exit,224.67,4.2391,1336.09,5,267.22,2.2405,100,20,0.25,2010-05-13,2011-09-22,0.0,Declining,1,"Mid-Value, Unreliable, Recent",High Risk
13221,2,2,0,100.0,Very Loyal,330.95,5.0144,847.41,2,423.71,2.3876,262,13,0.1538,2010-12-15,2011-04-13,,Insufficient History,1,"Mid-Value, Unreliable, Recent",Low Risk
13222,1,0,1,0.0,Likely to Exit,2.95,2.95,88.5,1,88.5,4.3589,599,20,0.05,2010-05-11,2010-05-11,,Insufficient History,2,"Mid-Value, Unreliable, Lapsed",High Risk
13223,6,0,6,0.0,Likely to Exit,21.54,1.6569,969.12,6,161.52,1.8254,222,23,0.2609,2010-02-12,2011-05-23,,Insufficient History,1,"Mid-Value, Unreliable, Recent",High Risk
13224,2,2,0,100.0,Very Loyal,250.79,2.3008,2150.85,3,716.95,1.4306,82,6,0.5,2011-07-11,2011-10-10,0.774,Declining,0,"High-Value, Reliable, Recent",Low Risk
13225,14,0,14,0.0,Likely to Exit,353.44,2.783,15879.27,17,934.07,0.9931,25,25,0.68,2009-12-17,2011-12-06,3.881,Increasing,0,"High-Value, Reliable, Recent",High Risk
13226,2,0,2,0.0,Likely to Exit,73.89,2.6389,312.46,2,156.23,2.581,295,14,0.1429,2010-11-11,2011-03-11,,Insufficient History,1,"Mid-Value, Unreliable, Recent",High Risk
13227,1,0,1,0.0,Likely to Exit,23.4,2.6,257.7,1,257.7,2.6458,223,8,0.125,2011-05-22,2011-05-22,,Insufficient History,1,"Mid-Value, Unreliable, Recent",High Risk
13228,1,0,1,0.0,Likely to Exit,3.58,1.79,358.0,1,358.0,1.7321,103,4,0.25,2011-09-19,2011-09-19,,Insufficient History,1,"Mid-Value, Unreliable, Recent",High Risk
13229,1,0,1,0.0,Likely to Exit,40.6,4.06,160.95,1,160.95,2.8284,247,9,0.1111,2011-04-28,2011-04-28,,Insufficient History,2,"Mid-Value, Unreliable, Lapsed",High Risk
13230,18,13,5,72.22,Likely to Stay,3360.03,2.5075,6317.22,31,203.78,0.9372,26,22,1.4091,2010-03-18,2011-12-05,1.464,Increasing,0,"High-Value, Reliable, Recent",Low Risk
13231,1,1,0,100.0,Very Loyal,355.2,355.2,-355.2,1,-355.2,0.0,568,19,0.0526,2010-06-11,2010-06-11,,Insufficient History,3,"Low-Value, Reliable, Lapsed",Low Risk
13232,5,3,2,60.0,Likely to Stay,678.35,3.2771,1357.6,7,193.94,1.207,34,9,0.7778,2011-04-10,2011-11-27,1.821,Increasing,0,"High-Value, Reliable, Recent",Low Risk
13233,4,0,4,0.0,Likely to Exit,107.78,1.4182,1176.46,4,294.12,2.2374,96,24,0.1667,2010-01-14,2011-09-26,0.0,Declining,1,"Mid-Value, Unreliable, Recent",High Risk
13234,2,1,1,50.0,At Risk,193.43,3.0703,356.95,2,178.47,3.5959,694,25,0.08,2009-12-07,2010-02-05,,Insufficient History,2,"Mid-Value, Unreliable, Lapsed",Medium Risk
13235,1,1,0,100.0,Very Loyal,1087.33,18.4293,101.17,2,50.59,2.6458,233,8,0.25,2011-05-11,2011-05-12,,Insufficient History,1,"Mid-Value, Unreliable, Recent",Low Risk
13236,3,1,2,33.33,Likely to Exit,157.78,4.0456,727.27,3,242.42,1.2572,46,5,0.6,2011-08-25,2011-11-15,,Insufficient History,1,"Mid-Value, Unreliable, Recent",Medium Risk
13237,1,1,0,100.0,Very Loyal,128.65,5.3604,643.0,1,643.0,3.6056,409,14,0.0714,2010-11-17,2010-11-17,,Insufficient History,2,"Mid-Value, Unreliable, Lapsed",Low Risk
13238,5,0,5,0.0,Likely to Exit,181.13,3.7735,986.73,7,140.96,2.0718,33,21,0.3333,2010-04-28,2011-11-28,,Insufficient History,1,"Mid-Value, Unreliable, Recent",High Risk
13239,4,0,4,0.0,Likely to Exit,265.41,2.7938,1579.84,6,263.31,2.0078,283,18,0.3333,2010-07-25,2011-03-23,,Insufficient History,1,"Mid-Value, Unreliable, Recent",High Risk
13240,7,2,5,28.57,Likely to Exit,601.71,2.5936,1661.17,9,184.57,1.9828,118,23,0.3913,2010-02-25,2011-09-04,0.0,Declining,0,"High-Value, Reliable, Recent",High Risk
13241,1,1,0,100.0,Very Loyal,107.12,2.5505,115.58,1,115.58,3.7417,433,15,0.0667,2010-10-24,2010-10-24,,Insufficient History,2,"Mid-Value, Unreliable, Lapsed",Low Risk
13242,6,0,6,0.0,Likely to Exit,69.94,1.9983,699.4,7,99.91,1.8495,134,23,0.3043,2010-02-09,2011-08-19,0.0,Declining,1,"Mid-Value, Unreliable, Recent",High Risk
13243,3,3,0,100.0,Very Loyal,637.15,2.8961,1278.04,5,255.61,2.6464,225,22,0.2273,2010-03-18,2011-05-20,,Insufficient History,1,"Mid-Value, Unreliable, Recent",Low Risk
13244,1,1,0,100.0,Very Loyal,101.19,3.7478,121.74,1,121.74,1.7321,114,4,0.25,2011-09-08,2011-09-08,,Insufficient History,1,"Mid-Value, Unreliable, Recent",Low Risk
13245,2,0,2,0.0,Likely to Exit,181.29,4.0287,989.22,2,494.61,2.5741,72,15,0.1333,2010-10-03,2011-10-20,,Insufficient History,1,"Mid-Value, Unreliable, Recent",High Risk
13246,9,1,8,11.11,Likely to Exit,645.74,1.6772,3277.68,14,234.12,1.2515,40,18,0.7778,2010-07-02,2011-11-21,,Insufficient History,0,"High-Value, Reliable, Recent",High Risk
13247,3,0,3,0.0,Likely to Exit,52.69,2.1076,501.12,4,125.28,0.8907,39,4,1.0,2011-09-18,2011-11-22,,Insufficient History,1,"Mid-Value, Unreliable, Recent",High Risk
13248,2,0,2,0.0,Likely to Exit,69.87,2.6873,465.68,2,232.84,2.0109,146,7,0.2857,2011-06-03,2011-08-07,0.0,Declining,1,"Mid-Value, Unreliable, Recent",High Risk
13249,8,0,8,0.0,Likely to Exit,94.74,2.7069,1608.93,9,178.77,1.6883,114,24,0.375,2010-01-24,2011-09-08,0.0,Declining,1,"Mid-Value, Unreliable, Recent",High Risk
13250,2,0,2,0.0,Likely to Exit,53.42,2.5438,248.54,3,82.85,2.8347,474,18,0.1667,2010-07-25,2010-09-13,,Insufficient History,2,"Mid-Value, Unreliable, Lapsed",High Risk
13251,1,0,1,0.0,Likely to Exit,38.29,1.5316,252.68,1,252.68,3.6056,424,14,0.0714,2010-11-02,2010-11-02,,Insufficient History,2,"Mid-Value, Unreliable, Lapsed",High Risk
13252,2,0,2,0.0,Likely to Exit,110.1,5.0045,341.3,3,113.77,3.998,416,22,0.1364,2010-03-24,2010-11-10,,Insufficient History,2,"Mid-Value, Unreliable, Lapsed",High Risk
13253,4,0,4,0.0,Likely to Exit,122.27,1.6303,2951.11,4,737.78,2.357,178,24,0.1667,2010-01-05,2011-07-06,0.0,Declining,1,"Mid-Value, Unreliable, Recent",High Risk
13254,1,0,1,0.0,Likely to Exit,10.09,2.5225,51.41,1,51.41,3.6056,398,14,0.0714,2010-11-28,2010-11-28,,Insufficient History,2,"Mid-Value, Unreliable, Lapsed",High Risk
13255,4,0,4,0.0,Likely to Exit,143.73,4.3555,895.61,4,223.9,2.4216,25,18,0.2222,2010-07-15,2011-12-06,,Insufficient History,1,"Mid-Value, Unreliable, Recent",High Risk
13256,1,0,1,0.0,Likely to Exit,0.0,0.0,0.0,1,0.0,0.0,36,2,0.5,2011-11-25,2011-11-25,,Insufficient History,3,"Low-Value, Reliable, Lapsed",High Risk
13257,2,0,2,0.0,Likely to Exit,73.15,8.1278,117.95,3,39.32,3.873,449,16,0.1875,2010-09-29,2010-10-08,,Insufficient History,2,"Mid-Value, Unreliable, Lapsed",High Risk
13258,3,0,3,0.0,Likely to Exit,156.32,3.3983,1035.18,5,207.04,2.0185,33,14,0.3571,2010-11-04,2011-11-28,,Insufficient History,1,"Mid-Value, Unreliable, Recent",High Risk
13259,6,5,1,83.33,Very Loyal,1004.53,3.1004,1433.38,9,159.26,1.8504,83,24,0.375,2010-01-10,2011-10-09,,Insufficient History,0,"High-Value, Reliable, Recent",Low Risk
13260,1,0,1,0.0,Likely to Exit,39.74,4.9675,557.62,1,557.62,1.4142,83,3,0.3333,2011-10-09,2011-10-09,,Insufficient History,1,"Mid-Value, Unreliable, Recent",High Risk
13261,2,0,2,0.0,Likely to Exit,49.4,5.4889,944.1,2,472.05,2.8169,290,11,0.1818,2011-02-27,2011-03-16,,Insufficient History,1,"Mid-Value, Unreliable, Recent",High Risk
13262,3,0,3,0.0,Likely to Exit,192.97,3.8594,573.45,3,191.15,2.5052,285,21,0.1429,2010-04-18,2011-03-21,,Insufficient History,1,"Mid-Value, Unreliable, Recent",High Risk
13263,13,9,4,69.23,Likely to Stay,4461.71,2.3238,8704.69,39,223.2,0.6089,23,15,2.6,2010-10-22,2011-12-08,1.082,Stable,0,"High-Value, Reliable, Recent",Low Risk
13264,1,1,0,100.0,Very Loyal,123.04,3.2379,722.56,1,722.56,3.873,464,16,0.0625,2010-09-23,2010-09-23,,Insufficient History,2,"Mid-Value, Unreliable, Lapsed",Low Risk
13265,5,0,5,0.0,Likely to Exit,215.91,2.3726,2107.66,5,421.53,1.2014,75,10,0.5,2011-03-11,2011-10-17,0.907,Stable,1,"Mid-Value, Unreliable, Recent",High Risk
13266,18,1,17,5.56,Likely to Exit,582.6,1.7817,5965.3,30,198.84,0.8941,33,25,1.2,2009-12-17,2011-11-28,0.939,Stable,0,"High-Value, Reliable, Recent",High Risk
13267,20,7,13,35.0,Likely to Exit,1594.55,3.52,9512.21,50,190.24,0.7937,24,25,2.0,2009-12-07,2011-12-07,1.531,Increasing,0,"High-Value, Reliable, Recent",Medium Risk
13268,6,3,3,50.0,At Risk,703.37,1.5735,3167.64,15,211.18,1.1161,39,10,1.5,2011-03-17,2011-11-22,2.316,Increasing,0,"High-Value, Reliable, Recent",Medium Risk
13269,17,3,14,17.65,Likely to Exit,1281.01,2.5467,8861.39,30,295.38,0.946,23,25,1.2,2009-12-02,2011-12-08,2.036,Increasing,0,"High-Value, Reliable, Recent",High Risk
13270,1,0,1,0.0,Likely to Exit,5.9,2.95,1180.0,1,1180.0,3.4641,388,13,0.0769,2010-12-08,2010-12-08,,Insufficient History,2,"Mid-Value, Unreliable, Lapsed",High Risk
13271,1,1,0,100.0,Very Loyal,117.29,1.1613,178.26,2,89.13,1.0,59,2,1.0,2011-11-02,2011-11-02,,Insufficient History,1,"Mid-Value, Unreliable, Recent",Low Risk
13272,2,0,2,0.0,Likely to Exit,80.09,5.3393,276.56,2,138.28,1.0004,53,4,0.5,2011-09-11,2011-11-08,,Insufficient History,1,"Mid-Value, Unreliable, Recent",High Risk
13273,1,0,1,0.0,Likely to Exit,20.77,1.2981,138.98,1,138.98,2.0,135,5,0.2,2011-08-18,2011-08-18,,Insufficient History,1,"Mid-Value, Unreliable, Recent",High Risk
13274,1,0,1,0.0,Likely to Exit,71.45,3.7605,360.85,1,360.85,3.7417,431,15,0.0667,2010-10-26,2010-10-26,,Insufficient History,2,"Mid-Value, Unreliable, Lapsed",High Risk
13275,2,0,2,0.0,Likely to Exit,105.58,2.1116,241.66,2,120.83,3.557,405,22,0.0909,2010-03-17,2010-11-21,,Insufficient History,2,"Mid-Value, Unreliable, Lapsed",High Risk
13276,5,3,2,60.0,Likely to Stay,886.52,3.532,1918.56,7,274.08,2.1523,85,22,0.3182,2010-03-07,2011-10-07,3.301,Increasing,0,"High-Value, Reliable, Recent",Low Risk
13277,6,0,6,0.0,Likely to Exit,30.55,1.3283,523.3,7,74.76,1.7739,37,19,0.3684,2010-06-18,2011-11-24,1.052,Stable,1,"Mid-Value, Unreliable, Recent",High Risk
13278,4,0,4,0.0,Likely to Exit,208.95,1.917,1428.2,5,285.64,2.1771,62,21,0.2381,2010-04-08,2011-10-30,,Insufficient History,1,"Mid-Value, Unreliable, Recent",High Risk
13279,2,0,2,0.0,Likely to Exit,30.63,2.7845,126.3,2,63.15,1.7321,86,4,0.5,2011-09-22,2011-10-06,,Insufficient History,1,"Mid-Value, Unreliable, Recent",High Risk
13280,5,3,2,60.0,Likely to Stay,645.18,3.0577,2297.13,8,287.14,2.3006,144,22,0.3636,2010-03-05,2011-08-09,0.0,Declining,0,"High-Value, Reliable, Recent",Low Risk
13281,2,0,2,0.0,Likely to Exit,64.61,2.485,306.45,3,102.15,4.4721,459,21,0.1429,2010-04-27,2010-09-28,,Insufficient History,2,"Mid-Value, Unreliable, Lapsed",High Risk
13282,5,0,5,0.0,Likely to Exit,225.67,4.1791,1228.89,7,175.56,1.7425,40,15,0.4667,2010-10-29,2011-11-21,-4.392,Declining,1,"Mid-Value, Unreliable, Recent",High Risk
13283,4,0,4,0.0,Likely to Exit,49.9,2.495,373.36,4,93.34,2.4607,81,22,0.1818,2010-03-09,2011-10-11,,Insufficient History,1,"Mid-Value, Unreliable, Recent",High Risk
13284,1,0,1,0.0,Likely to Exit,57.59,4.1136,196.15,2,98.08,3.3166,344,12,0.1667,2011-01-13,2011-01-21,,Insufficient History,2,"Mid-Value, Unreliable, Lapsed",High Risk
13285,6,1,5,16.67,Likely to Exit,539.3,2.3346,3364.59,6,560.76,1.7539,45,22,0.2727,2010-03-25,2011-11-16,0.927,Stable,0,"High-Value, Reliable, Recent",High Risk
13286,1,1,0,100.0,Very Loyal,202.81,4.139,734.91,1,734.91,4.4721,622,21,0.0476,2010-04-18,2010-04-18,,Insufficient History,2,"Mid-Value, Unreliable, Lapsed",Low Risk
13287,5,0,5,0.0,Likely to Exit,218.05,2.9466,519.67,7,74.24,2.6652,605,24,0.2917,2010-01-04,2010-05-05,,Insufficient History,2,"Mid-Value, Unreliable, Lapsed",High Risk
13288,3,0,3,0.0,Likely to Exit,70.58,5.8817,892.16,6,148.69,3.109,465,23,0.2609,2010-02-11,2010-09-22,,Insufficient History,2,"Mid-Value, Unreliable, Lapsed",High Risk
13289,1,0,1,0.0,Likely to Exit,70.25,4.3906,307.95,1,307.95,4.899,745,25,0.04,2009-12-16,2009-12-16,,Insufficient History,2,"Mid-Value, Unreliable, Lapsed",High Risk
13290,2,2,0,100.0,Very Loyal,625.89,208.63,-208.63,3,-69.54,3.873,452,16,0.1875,2010-09-27,2010-10-05,,Insufficient History,3,"Low-Value, Reliable, Lapsed",Low Risk
13291,9,5,4,55.56,At Risk,1072.69,3.2704,3320.84,11,301.89,1.4013,177,23,0.4783,2010-02-11,2011-07-07,0.0,Declining,0,"High-Value, Reliable, Recent",Medium Risk
13292,5,0,5,0.0,Likely to Exit,249.62,4.1603,987.79,6,164.63,1.8255,60,18,0.3333,2010-07-01,2011-11-01,,Insufficient History,1,"Mid-Value, Unreliable, Recent",High Risk
13293,6,1,5,16.67,Likely to Exit,245.15,3.3582,1180.34,7,168.62,2.3433,414,25,0.28,2009-12-01,2010-11-12,,Insufficient History,1,"Mid-Value, Unreliable, Recent",High Risk
13294,3,2,1,66.67,Likely to Stay,362.54,3.5543,1689.53,3,563.18,2.6655,211,22,0.1364,2010-03-03,2011-06-03,,Insufficient History,1,"Mid-Value, Unreliable, Recent",Low Risk
13295,5,0,5,0.0,Likely to Exit,177.16,2.3311,1058.02,9,117.56,2.0329,381,20,0.45,2010-05-12,2010-12-15,,Insufficient History,1,"Mid-Value, Unreliable, Recent",High Risk
13296,6,0,6,0.0,Likely to Exit,99.37,1.8749,792.51,6,132.08,1.5722,159,20,0.3,2010-05-11,2011-07-25,0.0,Declining,1,"Mid-Value, Unreliable, Recent",High Risk
13297,6,2,4,33.33,Likely to Exit,355.21,2.8646,4352.67,8,544.08,1.81,29,19,0.4211,2010-06-15,2011-12-02,,Insufficient History,0,"High-Value, Reliable, Recent",Medium Risk
13298,1,0,1,0.0,Likely to Exit,7.5,3.75,360.0,1,360.0,0.0,23,1,1.0,2011-12-08,2011-12-08,,Insufficient History,1,"Mid-Value, Unreliable, Recent",High Risk
13299,4,2,2,50.0,At Risk,315.07,4.7738,1173.3,5,234.66,2.7499,290,19,0.2632,2010-06-29,2011-03-16,,Insufficient History,1,"Mid-Value, Unreliable, Recent",Medium Risk
13300,4,1,3,25.0,Likely to Exit,229.93,3.9643,1267.21,5,253.44,2.4923,186,20,0.25,2010-05-14,2011-06-28,,Insufficient History,1,"Mid-Value, Unreliable, Recent",High Risk
13301,4,0,4,0.0,Likely to Exit,213.65,2.6377,618.09,4,154.52,1.3302,125,11,0.3636,2011-02-20,2011-08-28,0.0,Declining,1,"Mid-Value, Unreliable, Recent",High Risk
13302,2,0,2,0.0,Likely to Exit,44.45,14.8167,159.2,2,79.6,2.8908,177,18,0.1111,2010-07-01,2011-07-07,0.0,Declining,1,"Mid-Value, Unreliable, Recent",High Risk
13303,1,0,1,0.0,Likely to Exit,17.54,4.385,61.72,1,61.72,3.6056,422,14,0.0714,2010-11-04,2010-11-04,,Insufficient History,2,"Mid-Value, Unreliable, Lapsed",High Risk
13304,5,1,4,20.0,Likely to Exit,345.94,3.9763,1120.79,7,160.11,2.1796,373,23,0.3043,2010-02-08,2010-12-23,,Insufficient History,1,"Mid-Value, Unreliable, Recent",High Risk
13305,14,2,12,14.29,Likely to Exit,723.46,3.5119,3754.71,16,234.67,0.9301,26,22,0.7273,2010-03-10,2011-12-05,0.637,Declining,0,"High-Value, Reliable, Recent",High Risk
13306,1,0,1,0.0,Likely to Exit,3.81,0.9525,53.65,1,53.65,3.7417,452,15,0.0667,2010-10-05,2010-10-05,,Insufficient History,2,"Mid-Value, Unreliable, Lapsed",High Risk
13307,3,0,3,0.0,Likely to Exit,48.54,3.236,273.34,3,91.11,3.7288,142,21,0.1429,2010-04-26,2011-08-11,0.0,Declining,1,"Mid-Value, Unreliable, Recent",High Risk
13308,5,0,5,0.0,Likely to Exit,224.53,3.0342,1652.47,5,330.49,2.4155,44,21,0.2381,2010-04-22,2011-11-17,,Insufficient History,1,"Mid-Value, Unreliable, Recent",High Risk
13309,6,0,6,0.0,Likely to Exit,194.07,1.4928,1706.37,6,284.4,1.2371,29,14,0.4286,2010-11-12,2011-12-02,1.386,Increasing,1,"Mid-Value, Unreliable, Recent",High Risk
13310,5,2,3,40.0,At Risk,333.39,3.3339,1492.8,8,186.6,1.5936,30,14,0.5714,2010-11-02,2011-12-01,,Insufficient History,0,"High-Value, Reliable, Recent",Medium Risk
13311,2,1,1,50.0,At Risk,107.14,4.1208,598.57,2,299.29,1.7943,26,6,0.3333,2011-07-12,2011-12-05,0.221,Declining,1,"Mid-Value, Unreliable, Recent",Medium Risk
13312,1,0,1,0.0,Likely to Exit,17.85,3.57,124.75,1,124.75,3.873,473,16,0.0625,2010-09-14,2010-09-14,,Insufficient History,2,"Mid-Value, Unreliable, Lapsed",High Risk
13313,10,0,10,0.0,Likely to Exit,433.57,2.27,3423.27,15,228.22,1.3095,44,25,0.6,2009-12-02,2011-11-17,2.064,Increasing,0,"High-Value, Reliable, Recent",High Risk
13314,3,2,1,66.67,Likely to Stay,259.82,3.4643,578.66,4,144.67,0.9711,23,4,1.0,2011-09-27,2011-12-08,,Insufficient History,1,"Mid-Value, Unreliable, Recent",Low Risk
13315,1,0,1,0.0,Likely to Exit,43.3,1.9682,310.26,1,310.26,4.7958,711,24,0.0417,2010-01-19,2010-01-19,,Insufficient History,2,"Mid-Value, Unreliable, Lapsed",High Risk
13316,9,2,7,22.22,Likely to Exit,607.25,3.4308,12906.93,12,1075.58,1.2808,59,22,0.5455,2010-03-10,2011-11-02,0.533,Declining,0,"High-Value, Reliable, Recent",High Risk
13317,15,3,12,20.0,Likely to Exit,1489.73,3.9101,6068.53,31,195.76,1.1805,86,25,1.24,2009-12-13,2011-10-06,,Insufficient History,0,"High-Value, Reliable, Recent",High Risk
13318,2,0,2,0.0,Likely to Exit,57.14,2.857,640.76,3,213.59,0.0544,23,2,1.5,2011-11-02,2011-12-08,,Insufficient History,1,"Mid-Value, Unreliable, Recent",High Risk
13319,24,15,9,62.5,Likely to Stay,3599.9,3.6071,21706.09,78,278.28,0.6307,27,25,3.12,2009-12-06,2011-12-04,1.985,Increasing,0,"High-Value, Reliable, Recent",Low Risk
13320,5,0,5,0.0,Likely to Exit,280.74,1.8112,2160.95,9,240.11,1.5973,92,17,0.5294,2010-08-18,2011-09-30,0.0,Declining,0,"High-Value, Reliable, Recent",High Risk
13321,1,0,1,0.0,Likely to Exit,23.37,2.1245,567.36,2,283.68,1.7321,94,4,0.5,2011-09-14,2011-09-28,,Insufficient History,1,"Mid-Value, Unreliable, Recent",High Risk
13322,1,0,1,0.0,Likely to Exit,69.26,2.7704,199.48,1,199.48,1.0,39,2,0.5,2011-11-22,2011-11-22,,Insufficient History,1,"Mid-Value, Unreliable, Recent",High Risk
13323,3,0,3,0.0,Likely to Exit,95.55,4.55,787.85,5,157.57,0.8092,25,4,1.25,2011-09-16,2011-12-06,,Insufficient History,1,"Mid-Value, Unreliable, Recent",High Risk
13324,11,0,11,0.0,Likely to Exit,440.43,3.1686,10421.37,23,453.1,1.3265,54,20,1.15,2010-05-25,2011-11-07,0.253,Declining,0,"High-Value, Reliable, Recent",High Risk
13325,1,0,1,0.0,Likely to Exit,36.34,3.0283,675.3,1,675.3,1.7321,103,4,0.25,2011-09-19,2011-09-19,,Insufficient History,1,"Mid-Value, Unreliable, Recent",High Risk
13326,1,0,1,0.0,Likely to Exit,37.89,2.9146,281.76,1,281.76,3.7417,454,15,0.0667,2010-10-03,2010-10-03,,Insufficient History,2,"Mid-Value, Unreliable, Lapsed",High Risk
13327,18,3,15,16.67,Likely to Exit,1038.25,3.0007,9741.03,22,442.77,0.9015,60,25,0.88,2009-12-18,2011-11-01,1.038,Stable,0,"High-Value, Reliable, Recent",High Risk
13328,1,0,1,0.0,Likely to Exit,31.92,1.8776,1308.48,1,1308.48,3.3166,338,12,0.0833,2011-01-27,2011-01-27,,Insufficient History,2,"Mid-Value, Unreliable, Lapsed",High Risk
13329,7,1,6,14.29,Likely to Exit,343.7,2.6038,4977.02,14,355.5,2.4231,53,25,0.56,2009-12-04,2011-11-08,,Insufficient History,0,"High-Value, Reliable, Recent",High Risk
13330,6,0,6,0.0,Likely to Exit,266.12,2.2553,2806.18,6,467.7,1.7441,114,23,0.2609,2010-02-23,2011-09-08,0.0,Declining,1,"Mid-Value, Unreliable, Recent",High Risk
13331,1,1,0,100.0,Very Loyal,142.15,11.8458,262.4,1,262.4,3.6056,423,14,0.0714,2010-11-03,2010-11-03,,Insufficient History,2,"Mid-Value, Unreliable, Lapsed",Low Risk
13332,1,0,1,0.0,Likely to Exit,63.74,3.0352,350.9,1,350.9,1.0,36,2,0.5,2011-11-25,2011-11-25,,Insufficient History,1,"Mid-Value, Unreliable, Recent",High Risk
13333,3,1,2,33.33,Likely to Exit,136.98,2.4905,1015.74,3,338.58,3.3282,433,23,0.1304,2010-02-19,2010-10-24,,Insufficient History,2,"Mid-Value, Unreliable, Lapsed",Medium Risk
13334,5,5,0,100.0,Very Loyal,1428.34,2.9695,6257.0,6,1042.83,1.9706,104,23,0.2609,2010-02-25,2011-09-18,0.0,Declining,0,"High-Value, Reliable, Recent",Low Risk
13335,1,1,0,100.0,Very Loyal,955.06,955.06,-955.06,1,-955.06,0.0,562,19,0.0526,2010-06-17,2010-06-17,,Insufficient History,3,"Low-Value, Reliable, Lapsed",Low Risk
13336,1,1,0,100.0,Very Loyal,127.62,2.5024,795.12,1,795.12,1.7321,99,4,0.25,2011-09-23,2011-09-23,,Insufficient History,1,"Mid-Value, Unreliable, Recent",Low Risk
13337,2,1,1,50.0,At Risk,304.99,3.3888,1548.55,2,774.27,4.2426,540,19,0.1053,2010-06-11,2010-07-09,,Insufficient History,2,"Mid-Value, Unreliable, Lapsed",Medium Risk
13338,4,4,0,100.0,Very Loyal,882.47,6.0443,2223.62,10,222.36,2.3089,176,24,0.4167,2010-01-05,2011-07-08,0.0,Declining,0,"High-Value, Reliable, Recent",Low Risk
13339,1,1,0,100.0,Very Loyal,282.72,5.2356,860.12,1,860.12,2.6458,222,8,0.125,2011-05-23,2011-05-23,,Insufficient History,1,"Mid-Value, Unreliable, Recent",Low Risk
13340,8,4,4,50.0,At Risk,1137.61,5.2912,22100.56,12,1841.71,1.7758,67,23,0.5217,2010-02-22,2011-10-25,0.271,Declining,0,"High-Value, Reliable, Recent",Medium Risk
13341,1,1,0,100.0,Very Loyal,175.65,4.1821,775.85,1,775.85,3.0,282,10,0.1,2011-03-24,2011-03-24,,Insufficient History,2,"Mid-Value, Unreliable, Lapsed",Low Risk
13342,1,0,1,0.0,Likely to Exit,7.05,3.525,-14.1,1,-14.1,0.0,604,20,0.05,2010-05-06,2010-05-06,,Insufficient History,3,"Low-Value, Reliable, Lapsed",High Risk
13343,1,1,0,100.0,Very Loyal,141.33,6.4241,303.93,2,151.97,2.4495,194,7,0.2857,2011-06-15,2011-06-20,,Insufficient History,1,"Mid-Value, Unreliable, Recent",Low Risk
13344,2,2,0,100.0,Very Loyal,596.01,5.0085,2543.72,3,847.91,2.111,89,10,0.3,2011-03-07,2011-10-03,,Insufficient History,0,"High-Value, Reliable, Recent",Low Risk
13345,2,1,1,50.0,At Risk,124.8,5.6727,377.6,2,188.8,3.1623,298,11,0.1818,2011-02-25,2011-03-08,,Insufficient History,2,"Mid-Value, Unreliable, Lapsed",Medium Risk
13346,5,0,5,0.0,Likely to Exit,11.35,1.8917,299.4,6,49.9,1.8984,484,21,0.2857,2010-04-22,2010-09-03,,Insufficient History,1,"Mid-Value, Unreliable, Recent",High Risk
13347,1,0,1,0.0,Likely to Exit,60.16,7.52,341.36,1,341.36,1.7321,92,4,0.25,2011-09-30,2011-09-30,,Insufficient History,1,"Mid-Value, Unreliable, Recent",High Risk
13348,1,0,1,0.0,Likely to Exit,30.88,2.2057,233.76,1,233.76,1.4142,86,3,0.3333,2011-10-06,2011-10-06,,Insufficient History,1,"Mid-Value, Unreliable, Recent",High Risk
13349,1,0,1,0.0,Likely to Exit,64.42,4.0263,247.32,1,247.32,1.0,32,2,0.5,2011-11-29,2011-11-29,,Insufficient History,1,"Mid-Value, Unreliable, Recent",High Risk
13350,3,1,2,33.33,Likely to Exit,401.03,9.3263,910.72,3,303.57,1.0981,38,4,0.75,2011-09-21,2011-11-23,,Insufficient History,1,"Mid-Value, Unreliable, Recent",Medium Risk
13351,1,1,0,100.0,Very Loyal,103.97,6.4981,373.94,1,373.94,1.4142,88,3,0.3333,2011-10-04,2011-10-04,,Insufficient History,1,"Mid-Value, Unreliable, Recent",Low Risk
13352,2,0,2,0.0,Likely to Exit,95.26,3.5281,389.28,2,194.64,1.4142,29,3,0.6667,2011-10-10,2011-12-02,,Insufficient History,1,"Mid-Value, Unreliable, Recent",High Risk
13353,1,0,1,0.0,Likely to Exit,28.85,9.6167,-28.85,1,-28.85,0.0,410,14,0.0714,2010-11-16,2010-11-16,,Insufficient History,3,"Low-Value, Reliable, Lapsed",High Risk
13354,1,0,1,0.0,Likely to Exit,94.28,1.8486,743.53,1,743.53,1.7321,93,4,0.25,2011-09-29,2011-09-29,,Insufficient History,1,"Mid-Value, Unreliable, Recent",High Risk
13355,1,0,1,0.0,Likely to Exit,87.23,2.7259,674.7,1,674.7,2.0,144,5,0.2,2011-08-09,2011-08-09,,Insufficient History,1,"Mid-Value, Unreliable, Recent",High Risk
13356,1,1,0,100.0,Very Loyal,181.28,4.3162,768.24,1,768.24,1.7321,102,4,0.25,2011-09-20,2011-09-20,,Insufficient History,1,"Mid-Value, Unreliable, Recent",Low Risk
13357,4,4,0,100.0,Very Loyal,1259.3,3.1561,3838.36,5,767.67,2.306,279,22,0.2273,2010-03-22,2011-03-27,,Insufficient History,0,"High-Value, Reliable, Recent",Low Risk
13358,1,1,0,100.0,Very Loyal,145.19,5.0066,439.03,1,439.03,3.0,290,10,0.1,2011-03-16,2011-03-16,,Insufficient History,2,"Mid-Value, Unreliable, Lapsed",Low Risk
13359,2,2,0,100.0,Very Loyal,341.1,5.5918,1001.96,4,250.49,2.4846,81,14,0.2857,2010-11-01,2011-10-11,,Insufficient History,1,"Mid-Value, Unreliable, Recent",Low Risk
13360,3,1,2,33.33,Likely to Exit,305.61,4.1864,1464.1,7,209.16,2.763,450,24,0.2917,2010-01-08,2010-10-07,,Insufficient History,2,"Mid-Value, Unreliable, Lapsed",Medium Risk
13361,2,1,1,50.0,At Risk,150.9,4.4382,1450.5,2,725.25,3.1095,494,21,0.0952,2010-04-01,2010-08-24,,Insufficient History,2,"Mid-Value, Unreliable, Lapsed",Medium Risk
13362,7,5,2,71.43,Likely to Stay,1028.33,3.3827,5357.57,10,535.76,1.3322,25,15,0.6667,2010-10-10,2011-12-06,,Insufficient History,0,"High-Value, Reliable, Recent",Low Risk
13363,3,2,1,66.67,Likely to Stay,344.78,3.3802,1723.86,3,574.62,2.0743,39,15,0.2,2010-10-26,2011-11-22,,Insufficient History,1,"Mid-Value, Unreliable, Recent",Low Risk
13364,2,0,2,0.0,Likely to Exit,51.96,2.598,0.0,2,0.0,1.7321,88,4,0.5,2011-09-29,2011-10-04,,Insufficient History,3,"Low-Value, Reliable, Lapsed",High Risk
13365,4,2,2,50.0,At Risk,440.41,3.2866,2164.32,4,541.08,2.6382,30,14,0.2857,2010-11-11,2011-12-01,,Insufficient History,1,"Mid-Value, Unreliable, Recent",Medium Risk
13366,1,0,1,0.0,Likely to Exit,0.39,0.39,56.16,1,56.16,1.4142,72,3,0.3333,2011-10-20,2011-10-20,,Insufficient History,1,"Mid-Value, Unreliable, Recent",High Risk
13367,1,0,1,0.0,Likely to Exit,92.2,4.61,510.2,1,510.2,3.7417,453,15,0.0667,2010-10-04,2010-10-04,,Insufficient History,2,"Mid-Value, Unreliable, Lapsed",High Risk
13368,3,2,1,66.67,Likely to Stay,246.68,4.6543,1086.1,5,217.22,2.4692,278,15,0.3333,2010-10-12,2011-03-28,,Insufficient History,1,"Mid-Value, Unreliable, Recent",Low Risk
13369,1,1,0,100.0,Very Loyal,197.56,5.9867,572.03,2,286.01,3.4641,376,13,0.1538,2010-12-09,2010-12-20,,Insufficient History,2,"Mid-Value, Unreliable, Lapsed",Low Risk
13370,1,1,0,100.0,Very Loyal,332.38,3.777,1442.64,2,721.32,3.4641,388,13,0.1538,2010-12-03,2010-12-08,,Insufficient History,2,"Mid-Value, Unreliable, Lapsed",Low Risk
13371,2,2,0,100.0,Very Loyal,394.58,4.1535,2271.46,4,567.87,3.1644,520,22,0.1818,2010-03-17,2010-07-29,,Insufficient History,2,"Mid-Value, Unreliable, Lapsed",Low Risk
13372,1,1,0,100.0,Very Loyal,138.47,6.0204,378.64,1,378.64,1.7321,111,4,0.25,2011-09-11,2011-09-11,,Insufficient History,1,"Mid-Value, Unreliable, Recent",Low Risk
13373,6,6,0,100.0,Very Loyal,1181.73,3.3009,7587.19,6,1264.53,1.9129,82,25,0.24,2009-12-06,2011-10-10,1.177,Increasing,0,"High-Value, Reliable, Recent",Low Risk
13374,2,0,2,0.0,Likely to Exit,102.75,6.0441,422.8,2,211.4,2.897,436,16,0.125,2010-09-16,2010-10-21,,Insufficient History,2,"Mid-Value, Unreliable, Lapsed",High Risk
13375,2,2,0,100.0,Very Loyal,229.26,3.1842,1786.48,3,595.49,2.6716,103,16,0.1875,2010-09-21,2011-09-19,0.0,Declining,1,"Mid-Value, Unreliable, Recent",Low Risk
13376,3,1,2,33.33,Likely to Exit,285.13,5.3798,1019.76,3,339.92,1.4515,121,9,0.3333,2011-04-19,2011-09-01,0.0,Declining,1,"Mid-Value, Unreliable, Recent",Medium Risk
13377,2,2,0,100.0,Very Loyal,482.48,5.9565,1495.43,4,373.86,3.1666,418,22,0.1818,2010-03-04,2010-11-08,,Insufficient History,2,"Mid-Value, Unreliable, Lapsed",Low Risk
13378,1,1,0,100.0,Very Loyal,756.4,756.4,-756.4,1,-756.4,0.0,444,15,0.0667,2010-10-13,2010-10-13,,Insufficient History,3,"Low-Value, Reliable, Lapsed",Low Risk
13379,3,0,3,0.0,Likely to Exit,169.78,1.7503,572.56,3,190.85,1.1508,48,6,0.5,2011-07-26,2011-11-13,3.201,Increasing,1,"Mid-Value, Unreliable, Recent",High Risk
13380,1,0,1,0.0,Likely to Exit,3.95,1.3167,62.4,1,62.4,3.7417,454,15,0.0667,2010-10-03,2010-10-03,,Insufficient History,2,"Mid-Value, Unreliable, Lapsed",High Risk
13381,13,5,8,38.46,Likely to Exit,1075.51,2.9793,8185.02,15,545.67,1.1997,43,25,0.6,2009-12-01,2011-11-18,0.337,Declining,0,"High-Value, Reliable, Recent",Medium Risk
13382,4,0,4,0.0,Likely to Exit,208.48,2.4242,1387.58,5,277.52,2.4367,302,25,0.2,2009-12-08,2011-03-04,,Insufficient History,1,"Mid-Value, Unreliable, Recent",High Risk
13383,1,0,1,0.0,Likely to Exit,1.06,1.06,305.28,1,305.28,4.2426,565,19,0.0526,2010-06-14,2010-06-14,,Insufficient History,2,"Mid-Value, Unreliable, Lapsed",High Risk
13384,9,4,5,44.44,At Risk,857.04,3.1625,6635.09,15,442.34,1.265,52,18,0.8333,2010-07-27,2011-11-09,0.526,Declining,0,"High-Value, Reliable, Recent",Medium Risk
13385,1,1,0,100.0,Very Loyal,158.66,4.5331,534.57,1,534.57,3.3166,351,12,0.0833,2011-01-14,2011-01-14,,Insufficient History,2,"Mid-Value, Unreliable, Lapsed",Low Risk
13386,2,0,2,0.0,Likely to Exit,71.14,2.2948,835.46,2,417.73,2.7379,436,16,0.125,2010-09-28,2010-10-21,,Insufficient History,2,"Mid-Value, Unreliable, Lapsed",High Risk
13387,1,1,0,100.0,Very Loyal,140.41,1.9234,189.44,1,189.44,3.7417,439,15,0.0667,2010-10-18,2010-10-18,,Insufficient History,2,"Mid-Value, Unreliable, Lapsed",Low Risk
13388,3,2,1,66.67,Likely to Stay,335.88,4.7983,1135.7,4,283.93,3.1164,143,21,0.1905,2010-04-15,2011-08-10,0.0,Declining,1,"Mid-Value, Unreliable, Recent",Low Risk
13389,3,0,3,0.0,Likely to Exit,196.09,3.8449,797.96,3,265.99,1.4417,33,9,0.3333,2011-04-21,2011-11-28,0.676,Declining,1,"Mid-Value, Unreliable, Recent",High Risk
13390,1,0,1,0.0,Likely to Exit,39.79,3.0608,544.08,1,544.08,1.7321,96,4,0.25,2011-09-26,2011-09-26,,Insufficient History,1,"Mid-Value, Unreliable, Recent",High Risk
13391,1,0,1,0.0,Likely to Exit,14.95,14.95,59.8,1,59.8,2.6458,225,8,0.125,2011-05-20,2011-05-20,,Insufficient History,1,"Mid-Value, Unreliable, Recent",High Risk
13392,1,0,1,0.0,Likely to Exit,11.57,1.4463,91.14,1,91.14,4.7958,699,24,0.0417,2010-01-31,2010-01-31,,Insufficient History,2,"Mid-Value, Unreliable, Lapsed",High Risk
13393,4,1,3,25.0,Likely to Exit,311.99,4.2738,1105.85,6,184.31,2.8241,605,25,0.24,2009-12-07,2010-05-05,,Insufficient History,2,"Mid-Value, Unreliable, Lapsed",High Risk
13394,19,1,18,5.26,Likely to Exit,929.12,2.1965,6323.88,24,263.5,0.7126,23,25,0.96,2009-12-01,2011-12-08,0.512,Declining,0,"High-Value, Reliable, Recent",High Risk
13395,3,0,3,0.0,Likely to Exit,154.44,1.9067,1180.23,3,393.41,2.0604,207,15,0.2,2010-10-14,2011-06-07,,Insufficient History,1,"Mid-Value, Unreliable, Recent",High Risk
13396,2,1,1,50.0,At Risk,188.98,4.0209,1325.29,4,331.32,2.4727,43,12,0.3333,2011-01-24,2011-11-18,,Insufficient History,1,"Mid-Value, Unreliable, Recent",Medium Risk
13397,11,0,11,0.0,Likely to Exit,445.74,4.7929,3094.11,13,238.01,1.1982,94,24,0.5417,2010-01-20,2011-09-28,0.0,Declining,0,"High-Value, Reliable, Recent",High Risk
13398,2,0,2,0.0,Likely to Exit,157.72,4.0441,670.34,2,335.17,2.8395,214,16,0.125,2010-09-17,2011-05-31,,Insufficient History,1,"Mid-Value, Unreliable, Recent",High Risk
13399,2,0,2,0.0,Likely to Exit,54.15,3.61,275.4,3,91.8,2.9609,486,18,0.1667,2010-07-08,2010-09-01,,Insufficient History,2,"Mid-Value, Unreliable, Lapsed",High Risk
13400,1,0,1,0.0,Likely to Exit,50.25,2.0938,300.93,2,150.47,4.3589,596,20,0.1,2010-05-06,2010-05-14,,Insufficient History,2,"Mid-Value, Unreliable, Lapsed",High Risk
13401,1,1,0,100.0,Very Loyal,1834.14,1834.14,-1834.14,1,-1834.14,0.0,646,22,0.0455,2010-03-25,2010-03-25,,Insufficient History,3,"Low-Value, Reliable, Lapsed",Low Risk
13402,4,0,4,0.0,Likely to Exit,233.34,2.4306,1535.13,4,383.78,2.1485,149,20,0.2,2010-05-24,2011-08-04,0.0,Declining,1,"Mid-Value, Unreliable, Recent",High Risk
13403,3,0,3,0.0,Likely to Exit,32.8,3.6444,229.5,3,76.5,2.7086,39,25,0.12,2009-12-16,2011-11-22,,Insufficient History,1,"Mid-Value, Unreliable, Recent",High Risk
13404,2,0,2,0.0,Likely to Exit,31.91,2.9009,252.49,2,126.25,2.2593,23,8,0.25,2011-05-11,2011-12-08,,Insufficient History,1,"Mid-Value, Unreliable, Recent",High Risk
13405,6,0,6,0.0,Likely to Exit,219.32,4.7678,1196.56,9,132.95,2.2835,96,25,0.36,2009-12-15,2011-09-26,0.0,Declining,1,"Mid-Value, Unreliable, Recent",High Risk
13406,2,0,2,0.0,Likely to Exit,24.14,2.414,557.22,3,185.74,3.582,449,22,0.1364,2010-03-18,2010-10-08,,Insufficient History,2,"Mid-Value, Unreliable, Lapsed",High Risk
13407,3,1,2,33.33,Likely to Exit,243.08,2.6422,2111.89,6,351.98,3.2693,600,23,0.2609,2010-02-16,2010-05-10,,Insufficient History,2,"Mid-Value, Unreliable, Lapsed",Medium Risk
13408,25,11,14,44.0,At Risk,2632.48,3.012,50852.85,135,376.69,0.481,23,25,5.4,2009-12-04,2011-12-08,1.054,Stable,0,"High-Value, Reliable, Recent",Medium Risk
13409,1,1,0,100.0,Very Loyal,525.65,525.65,-525.65,1,-525.65,0.0,646,22,0.0455,2010-03-25,2010-03-25,,Insufficient History,3,"Low-Value, Reliable, Lapsed",Low Risk
13410,10,0,10,0.0,Likely to Exit,129.9,2.4509,2172.51,12,181.04,1.6478,30,25,0.48,2009-12-08,2011-12-01,1.449,Increasing,0,"High-Value, Reliable, Recent",High Risk
13411,1,0,1,0.0,Likely to Exit,58.75,3.2639,213.55,1,213.55,2.0,129,5,0.2,2011-08-24,2011-08-24,,Insufficient History,1,"Mid-Value, Unreliable, Recent",High Risk
13412,1,1,0,100.0,Very Loyal,163.85,4.8191,487.35,1,487.35,4.5826,642,22,0.0455,2010-03-29,2010-03-29,,Insufficient History,2,"Mid-Value, Unreliable, Lapsed",Low Risk
13413,3,0,3,0.0,Likely to Exit,89.36,1.9858,345.8,8,43.23,3.2137,661,24,0.3333,2010-01-21,2010-03-10,,Insufficient History,2,"Mid-Value, Unreliable, Lapsed",High Risk
13414,6,0,6,0.0,Likely to Exit,122.67,2.1521,2482.24,7,354.61,2.3521,155,25,0.28,2009-12-08,2011-07-29,0.0,Declining,1,"Mid-Value, Unreliable, Recent",High Risk
13415,3,2,1,66.67,Likely to Stay,285.25,2.4591,681.92,5,136.38,3.3135,494,25,0.2,2009-12-11,2010-08-24,,Insufficient History,2,"Mid-Value, Unreliable, Lapsed",Low Risk
13416,3,0,3,0.0,Likely to Exit,127.1,4.8885,940.8,3,313.6,2.831,65,25,0.12,2009-12-03,2011-10-27,1.591,Increasing,1,"Mid-Value, Unreliable, Recent",High Risk
13417,6,2,4,33.33,Likely to Exit,378.04,4.6102,1593.89,7,227.7,2.1769,26,23,0.3043,2010-02-08,2011-12-05,,Insufficient History,1,"Mid-Value, Unreliable, Recent",Medium Risk
13418,17,4,13,23.53,Likely to Exit,1682.32,2.9258,11916.16,37,322.06,1.0853,33,25,1.48,2009-12-11,2011-11-28,0.839,Declining,0,"High-Value, Reliable, Recent",High Risk
13419,1,0,1,0.0,Likely to Exit,16.19,1.0119,221.06,1,221.06,1.4142,85,3,0.3333,2011-10-07,2011-10-07,,Insufficient History,1,"Mid-Value, Unreliable, Recent",High Risk
13420,2,0,2,0.0,Likely to Exit,31.89,3.189,140.35,4,35.09,1.679,156,7,0.5714,2011-06-22,2011-07-28,0.0,Declining,1,"Mid-Value, Unreliable, Recent",High Risk
13421,6,3,3,50.0,At Risk,637.55,2.3184,4088.82,11,371.71,1.8273,62,23,0.4783,2010-02-14,2011-10-30,,Insufficient History,0,"High-Value, Reliable, Recent",Medium Risk
13422,1,1,0,100.0,Very Loyal,389.84,3.0456,2601.55,2,1300.78,1.4142,73,3,0.6667,2011-10-06,2011-10-19,,Insufficient History,0,"High-Value, Reliable, Recent",Low Risk
13423,1,0,1,0.0,Likely to Exit,26.78,2.2317,217.03,1,217.03,3.7417,450,15,0.0667,2010-10-07,2010-10-07,,Insufficient History,2,"Mid-Value, Unreliable, Lapsed",High Risk
13424,1,0,1,0.0,Likely to Exit,71.83,1.752,557.92,2,278.96,3.873,466,16,0.125,2010-09-16,2010-09-21,,Insufficient History,2,"Mid-Value, Unreliable, Lapsed",High Risk
13425,5,2,3,40.0,At Risk,469.05,2.5914,3375.93,8,421.99,1.8445,130,20,0.4,2010-05-09,2011-08-23,0.0,Declining,0,"High-Value, Reliable, Recent",Medium Risk
13426,18,0,18,0.0,Likely to Exit,708.05,2.0523,8076.76,24,336.53,0.7838,22,25,0.96,2009-12-09,2011-12-09,4.513,Increasing,0,"High-Value, Reliable, Recent",High Risk
13427,6,0,6,0.0,Likely to Exit,88.69,1.7056,1006.53,6,167.76,1.8937,41,25,0.24,2009-12-17,2011-11-20,0.47,Declining,1,"Mid-Value, Unreliable, Recent",High Risk
13428,2,2,0,100.0,Very Loyal,266.24,1.8489,499.98,3,166.66,2.8536,32,18,0.1667,2010-07-13,2011-11-29,,Insufficient History,1,"Mid-Value, Unreliable, Recent",Low Risk
13429,3,0,3,0.0,Likely to Exit,81.79,1.2207,1006.8,4,251.7,0.5815,32,4,1.0,2011-09-25,2011-11-29,,Insufficient History,1,"Mid-Value, Unreliable, Recent",High Risk
13430,2,0,2,0.0,Likely to Exit,94.13,1.7431,648.69,4,162.17,1.0001,40,4,1.0,2011-09-14,2011-11-21,,Insufficient History,1,"Mid-Value, Unreliable, Recent",High Risk
13431,8,0,8,0.0,Likely to Exit,469.34,3.6103,3289.24,9,365.47,1.733,89,23,0.3913,2010-02-18,2011-10-03,0.487,Declining,0,"High-Value, Reliable, Recent",High Risk
13432,2,1,1,50.0,At Risk,253.58,2.2845,439.1,2,219.55,3.3519,593,21,0.0952,2010-04-06,2010-05-17,,Insufficient History,2,"Mid-Value, Unreliable, Lapsed",Medium Risk
13433,4,0,4,0.0,Likely to Exit,112.42,4.4968,656.87,5,131.37,2.9,459,24,0.2083,2010-01-12,2010-09-28,,Insufficient History,2,"Mid-Value, Unreliable, Lapsed",High Risk
13434,4,0,4,0.0,Likely to Exit,69.44,1.984,1666.86,5,333.37,2.2197,96,23,0.2174,2010-02-22,2011-09-26,0.0,Declining,1,"Mid-Value, Unreliable, Recent",High Risk
13435,8,0,8,0.0,Likely to Exit,426.6,2.7701,4459.83,11,405.44,1.2399,27,18,0.6111,2010-07-27,2011-12-04,1.207,Increasing,0,"High-Value, Reliable, Recent",High Risk
13436,1,0,1,0.0,Likely to Exit,69.96,5.83,196.89,1,196.89,0.0,23,1,1.0,2011-12-08,2011-12-08,,Insufficient History,1,"Mid-Value, Unreliable, Recent",High Risk
13437,4,2,2,50.0,At Risk,816.46,4.889,3408.06,7,486.87,1.2943,36,7,1.0,2011-06-02,2011-11-25,2.412,Increasing,0,"High-Value, Reliable, Recent",Medium Risk
13438,1,0,1,0.0,Likely to Exit,4.65,4.65,46.5,1,46.5,4.2426,569,19,0.0526,2010-06-10,2010-06-10,,Insufficient History,2,"Mid-Value, Unreliable, Lapsed",High Risk
13439,3,2,1,66.67,Likely to Stay,345.4,2.0683,986.61,3,328.87,2.2855,277,18,0.1667,2010-07-01,2011-03-29,,Insufficient History,1,"Mid-Value, Unreliable, Recent",Low Risk
13440,2,1,1,50.0,At Risk,230.1,3.2871,1213.95,10,121.4,3.7948,445,16,0.625,2010-09-14,2010-10-12,,Insufficient History,2,"Mid-Value, Unreliable, Lapsed",Medium Risk
13441,2,0,2,0.0,Likely to Exit,91.05,2.3961,720.9,2,360.45,2.5952,113,15,0.1333,2010-10-04,2011-09-09,0.0,Declining,1,"Mid-Value, Unreliable, Recent",High Risk
13442,3,1,2,33.33,Likely to Exit,266.38,7.01,419.87,3,139.96,2.8398,689,25,0.12,2009-12-01,2010-02-10,,Insufficient History,2,"Mid-Value, Unreliable, Lapsed",Medium Risk
13443,4,3,1,75.0,Likely to Stay,582.58,2.8419,1247.71,7,178.24,2.4545,470,24,0.2917,2010-01-31,2010-09-17,,Insufficient History,2,"Mid-Value, Unreliable, Lapsed",Low Risk
13444,2,1,1,50.0,At Risk,136.0,2.3448,631.68,2,315.84,3.3077,396,18,0.1111,2010-07-21,2010-11-30,,Insufficient History,2,"Mid-Value, Unreliable, Lapsed",Medium Risk
13445,1,0,1,0.0,Likely to Exit,13.79,1.97,241.9,1,241.9,4.5826,648,22,0.0455,2010-03-23,2010-03-23,,Insufficient History,2,"Mid-Value, Unreliable, Lapsed",High Risk
13446,8,3,5,37.5,Likely to Exit,627.55,2.9325,3608.86,18,200.49,1.5754,442,23,0.7826,2010-02-14,2010-10-15,,Insufficient History,0,"High-Value, Reliable, Recent",Medium Risk
13447,1,1,0,100.0,Very Loyal,195.23,3.1489,1104.23,4,276.06,1.0,45,2,2.0,2011-11-04,2011-11-16,,Insufficient History,0,"High-Value, Reliable, Recent",Low Risk
13448,10,8,2,80.0,Very Loyal,2809.12,4.9807,8447.75,19,444.62,1.43,38,25,0.76,2009-12-06,2011-11-23,1.014,Stable,0,"High-Value, Reliable, Recent",Low Risk
13449,1,0,1,0.0,Likely to Exit,36.57,1.9247,291.88,1,291.88,1.0,45,2,0.5,2011-11-16,2011-11-16,,Insufficient History,1,"Mid-Value, Unreliable, Recent",High Risk
13450,11,0,11,0.0,Likely to Exit,221.94,1.4996,4117.54,14,294.11,1.106,48,21,0.6667,2010-04-15,2011-11-13,0.302,Declining,0,"High-Value, Reliable, Recent",High Risk
13451,11,11,0,100.0,Very Loyal,2164.07,2.0729,7119.97,13,547.69,1.1342,48,22,0.5909,2010-03-21,2011-11-13,0.632,Declining,0,"High-Value, Reliable, Recent",Low Risk
13452,2,1,1,50.0,At Risk,624.95,208.3167,729.8,3,243.27,3.2764,281,17,0.1765,2010-08-24,2011-03-25,,Insufficient History,2,"Mid-Value, Unreliable, Lapsed",Medium Risk
13453,3,0,3,0.0,Likely to Exit,173.47,4.1302,758.99,5,151.8,2.1435,187,14,0.3571,2010-11-02,2011-06-27,,Insufficient History,1,"Mid-Value, Unreliable, Recent",High Risk
13454,1,0,1,0.0,Likely to Exit,34.19,1.4865,219.87,1,219.87,4.5826,663,22,0.0455,2010-03-08,2010-03-08,,Insufficient History,2,"Mid-Value, Unreliable, Lapsed",High Risk
13455,10,3,7,30.0,Likely to Exit,763.94,4.6582,2773.82,11,252.17,2.5484,46,25,0.44,2009-12-09,2011-11-15,,Insufficient History,0,"High-Value, Reliable, Recent",Medium Risk
13456,5,0,5,0.0,Likely to Exit,228.95,3.5223,1737.82,7,248.26,0.8779,39,8,0.875,2011-05-16,2011-11-22,2.12,Increasing,1,"Mid-Value, Unreliable, Recent",High Risk
13457,2,0,2,0.0,Likely to Exit,17.34,1.5764,143.27,4,35.82,3.8541,710,25,0.16,2009-12-02,2010-01-20,,Insufficient History,2,"Mid-Value, Unreliable, Lapsed",High Risk
13458,13,6,7,46.15,At Risk,1268.19,2.5517,11850.62,24,493.78,0.7207,29,14,1.7143,2010-11-16,2011-12-02,1.743,Increasing,0,"High-Value, Reliable, Recent",Medium Risk
13459,2,0,2,0.0,Likely to Exit,166.6,2.2822,1160.41,2,580.2,3.3303,646,24,0.0833,2010-01-26,2010-03-25,,Insufficient History,2,"Mid-Value, Unreliable, Lapsed",High Risk
13460,2,0,2,0.0,Likely to Exit,18.02,1.06,183.44,2,91.72,0.7377,51,3,0.6667,2011-10-21,2011-11-10,,Insufficient History,1,"Mid-Value, Unreliable, Recent",High Risk
13461,7,0,7,0.0,Likely to Exit,133.83,2.0277,4138.5,8,517.31,2.1919,60,21,0.381,2010-04-21,2011-11-01,1.822,Increasing,0,"High-Value, Reliable, Recent",High Risk
13462,6,0,6,0.0,Likely to Exit,187.23,2.6004,1145.6,6,190.93,2.3343,205,25,0.24,2009-12-14,2011-06-09,,Insufficient History,1,"Mid-Value, Unreliable, Recent",High Risk
13463,1,1,0,100.0,Very Loyal,158.65,158.65,-158.65,1,-158.65,0.0,442,15,0.0667,2010-10-15,2010-10-15,,Insufficient History,3,"Low-Value, Reliable, Lapsed",Low Risk
13464,5,3,2,60.0,Likely to Stay,565.72,3.7218,3083.89,7,440.56,2.0778,80,22,0.3182,2010-03-19,2011-10-12,,Insufficient History,0,"High-Value, Reliable, Recent",Low Risk
13465,2,0,2,0.0,Likely to Exit,78.73,2.3156,931.12,2,465.56,3.1595,468,20,0.1,2010-05-02,2010-09-19,,Insufficient History,2,"Mid-Value, Unreliable, Lapsed",High Risk
13466,6,0,6,0.0,Likely to Exit,178.08,3.0183,952.25,7,136.04,2.1668,122,22,0.3182,2010-03-21,2011-08-31,-0.0,Declining,1,"Mid-Value, Unreliable, Recent",High Risk
13467,1,1,0,100.0,Very Loyal,270.45,2.7318,1083.71,2,541.86,1.0,32,2,1.0,2011-11-03,2011-11-29,,Insufficient History,1,"Mid-Value, Unreliable, Recent",Low Risk
13468,25,12,13,48.0,At Risk,3172.54,4.2301,13091.61,87,150.48,0.5309,23,25,3.48,2009-12-03,2011-12-08,0.727,Declining,0,"High-Value, Reliable, Recent",Medium Risk
13469,1,0,1,0.0,Likely to Exit,16.2,2.7,82.4,1,82.4,4.6904,675,23,0.0435,2010-02-24,2010-02-24,,Insufficient History,2,"Mid-Value, Unreliable, Lapsed",High Risk
13470,2,0,2,0.0,Likely to Exit,16.5,1.65,165.0,2,82.5,1.3784,121,5,0.4,2011-08-16,2011-09-01,,Insufficient History,1,"Mid-Value, Unreliable, Recent",High Risk
13471,3,2,1,66.67,Likely to Stay,651.96,2.5075,2531.58,4,632.89,0.2015,23,3,1.3333,2011-10-23,2011-12-08,,Insufficient History,0,"High-Value, Reliable, Recent",Low Risk
13472,2,0,2,0.0,Likely to Exit,73.55,2.6268,592.24,2,296.12,2.9368,485,19,0.1053,2010-06-02,2010-09-02,,Insufficient History,2,"Mid-Value, Unreliable, Lapsed",High Risk
13473,6,1,5,16.67,Likely to Exit,305.3,4.2403,2410.98,10,241.1,2.2457,82,25,0.4,2009-12-15,2011-10-10,,Insufficient History,0,"High-Value, Reliable, Recent",High Risk
13474,3,2,1,66.67,Likely to Stay,366.54,2.8195,663.79,3,221.26,2.5219,258,17,0.1765,2010-08-01,2011-04-17,,Insufficient History,1,"Mid-Value, Unreliable, Recent",Low Risk
13475,4,0,4,0.0,Likely to Exit,248.42,2.8886,1431.78,4,357.95,1.5074,213,11,0.3636,2011-02-14,2011-06-01,,Insufficient History,1,"Mid-Value, Unreliable, Recent",High Risk
13476,5,2,3,40.0,At Risk,886.94,8.1371,1915.77,7,273.68,2.0666,200,22,0.3182,2010-03-05,2011-06-14,,Insufficient History,1,"Mid-Value, Unreliable, Recent",Medium Risk
13477,11,1,10,9.09,Likely to Exit,407.22,2.5451,2821.12,13,217.01,1.3674,59,24,0.5417,2010-01-25,2011-11-02,4.149,Increasing,0,"High-Value, Reliable, Recent",High Risk
13478,6,1,5,16.67,Likely to Exit,532.78,4.067,2068.03,7,295.43,2.9017,491,24,0.2917,2010-01-31,2010-08-27,,Insufficient History,2,"Mid-Value, Unreliable, Lapsed",High Risk
13479,4,0,4,0.0,Likely to Exit,169.21,2.9174,808.5,7,115.5,2.051,220,17,0.4118,2010-08-19,2011-05-25,,Insufficient History,1,"Mid-Value, Unreliable, Recent",High Risk
13480,2,1,1,50.0,At Risk,147.18,3.5898,627.82,2,313.91,3.8661,438,24,0.0833,2010-01-29,2010-10-19,,Insufficient History,2,"Mid-Value, Unreliable, Lapsed",Medium Risk
13481,12,2,10,16.67,Likely to Exit,679.77,2.9814,3798.84,14,271.35,1.3872,67,25,0.56,2009-12-04,2011-10-25,1.207,Increasing,0,"High-Value, Reliable, Recent",High Risk
13482,2,0,2,0.0,Likely to Exit,54.38,2.719,336.09,2,168.05,3.1792,254,22,0.0909,2010-03-22,2011-04-21,,Insufficient History,2,"Mid-Value, Unreliable, Lapsed",High Risk
13483,1,0,1,0.0,Likely to Exit,10.56,1.056,140.34,1,140.34,1.4142,87,3,0.3333,2011-10-05,2011-10-05,,Insufficient History,1,"Mid-Value, Unreliable, Recent",High Risk
13484,4,1,3,25.0,Likely to Exit,199.85,4.9962,767.32,4,191.83,2.615,263,22,0.1818,2010-03-10,2011-04-12,,Insufficient History,1,"Mid-Value, Unreliable, Recent",High Risk
13485,8,2,6,25.0,Likely to Exit,585.39,3.6135,2957.92,15,197.19,1.7353,255,25,0.6,2009-12-03,2011-04-20,,Insufficient History,0,"High-Value, Reliable, Recent",High Risk
13486,3,1,2,33.33,Likely to Exit,200.79,2.91,1122.41,3,374.14,1.2029,100,6,0.5,2011-07-07,2011-09-22,0.0,Declining,1,"Mid-Value, Unreliable, Recent",Medium Risk
13487,5,0,5,0.0,Likely to Exit,221.61,4.5227,846.87,5,169.37,2.0601,79,25,0.2,2009-12-05,2011-10-13,,Insufficient History,1,"Mid-Value, Unreliable, Recent",High Risk
13488,18,12,6,66.67,Likely to Stay,2570.96,3.517,15513.73,29,534.96,1.0054,39,24,1.2083,2010-01-25,2011-11-22,0.874,Declining,0,"High-Value, Reliable, Recent",Low Risk
13489,3,0,3,0.0,Likely to Exit,19.84,1.4171,449.52,4,112.38,1.8985,127,11,0.3636,2011-02-18,2011-08-26,0.0,Declining,1,"Mid-Value, Unreliable, Recent",High Risk
13490,1,0,1,0.0,Likely to Exit,75.25,9.4062,154.25,1,154.25,4.6904,676,23,0.0435,2010-02-23,2010-02-23,,Insufficient History,2,"Mid-Value, Unreliable, Lapsed",High Risk
13491,19,1,18,5.26,Likely to Exit,955.03,3.5635,4566.56,27,169.13,0.9805,73,25,1.08,2009-12-07,2011-10-19,2.242,Increasing,0,"High-Value, Reliable, Recent",High Risk
13492,2,1,1,50.0,At Risk,225.08,4.5016,1269.84,3,423.28,2.0034,158,8,0.375,2011-05-09,2011-07-26,0.0,Declining,1,"Mid-Value, Unreliable, Recent",Medium Risk
13493,2,0,2,0.0,Likely to Exit,103.17,12.8963,618.63,2,309.31,2.339,297,11,0.1818,2011-02-25,2011-03-09,,Insufficient History,1,"Mid-Value, Unreliable, Recent",High Risk
13494,1,0,1,0.0,Likely to Exit,65.97,3.665,316.26,1,316.26,3.1623,333,11,0.0909,2011-02-01,2011-02-01,,Insufficient History,2,"Mid-Value, Unreliable, Lapsed",High Risk
13495,8,1,7,12.5,Likely to Exit,366.25,2.3035,5246.61,13,403.59,1.7407,29,25,0.52,2009-12-07,2011-12-02,,Insufficient History,0,"High-Value, Reliable, Recent",High Risk
13496,2,0,2,0.0,Likely to Exit,111.74,3.1039,617.93,3,205.98,2.7114,32,13,0.2308,2010-12-15,2011-11-29,,Insufficient History,1,"Mid-Value, Unreliable, Recent",High Risk
13497,5,0,5,0.0,Likely to Exit,224.78,3.2577,1266.33,7,180.9,1.9653,304,23,0.3043,2010-02-08,2011-03-02,,Insufficient History,1,"Mid-Value, Unreliable, Recent",High Risk
13498,1,0,1,0.0,Likely to Exit,38.51,2.2653,327.38,1,327.38,4.899,752,25,0.04,2009-12-09,2009-12-09,,Insufficient History,2,"Mid-Value, Unreliable, Lapsed",High Risk
13499,6,0,6,0.0,Likely to Exit,95.83,2.1296,1146.96,7,163.85,1.5039,39,10,0.7,2011-03-15,2011-11-22,3.614,Increasing,1,"Mid-Value, Unreliable, Recent",High Risk
13500,3,1,2,33.33,Likely to Exit,304.93,3.5049,1436.3,5,287.26,2.2083,45,14,0.3571,2010-11-03,2011-11-16,2.483,Increasing,1,"Mid-Value, Unreliable, Recent",Medium Risk
13501,4,3,1,75.0,Likely to Stay,431.65,3.7211,2840.26,5,568.05,2.5168,264,20,0.25,2010-05-18,2011-04-11,,Insufficient History,0,"High-Value, Reliable, Recent",Low Risk
13502,5,0,5,0.0,Likely to Exit,81.36,2.3929,774.6,6,129.1,1.9715,38,19,0.3158,2010-06-09,2011-11-23,,Insufficient History,1,"Mid-Value, Unreliable, Recent",High Risk
13503,5,2,3,40.0,At Risk,694.02,3.3049,1793.54,12,149.46,2.5088,93,23,0.5217,2010-02-16,2011-09-29,0.0,Declining,0,"High-Value, Reliable, Recent",Medium Risk
13504,1,0,1,0.0,Likely to Exit,81.44,3.7018,295.93,1,295.93,1.4142,86,3,0.3333,2011-10-06,2011-10-06,,Insufficient History,1,"Mid-Value, Unreliable, Recent",High Risk
13505,6,4,2,66.67,Likely to Stay,770.46,3.3941,4282.88,8,535.36,1.2626,89,9,0.8889,2011-04-21,2011-10-03,-0.009,Declining,0,"High-Value, Reliable, Recent",Low Risk
13506,5,0,5,0.0,Likely to Exit,289.28,2.8085,1609.65,8,201.21,1.7331,334,16,0.5,2010-09-05,2011-01-31,,Insufficient History,1,"Mid-Value, Unreliable, Recent",High Risk
13507,4,2,2,50.0,At Risk,543.38,3.3542,2479.16,4,619.79,1.0037,25,6,0.6667,2011-07-17,2011-12-06,0.226,Declining,0,"High-Value, Reliable, Recent",Medium Risk
13508,2,0,2,0.0,Likely to Exit,107.53,3.8404,287.05,2,143.52,3.2505,265,22,0.0909,2010-03-07,2011-04-10,,Insufficient History,2,"Mid-Value, Unreliable, Lapsed",High Risk
13509,7,0,7,0.0,Likely to Exit,66.28,1.3527,1114.72,8,139.34,1.8247,30,18,0.4444,2010-07-20,2011-12-01,4.995,Increasing,1,"Mid-Value, Unreliable, Recent",High Risk
13510,12,5,7,41.67,At Risk,949.43,3.1438,4488.39,17,264.02,1.2944,23,25,0.68,2009-12-14,2011-12-08,2.92,Increasing,0,"High-Value, Reliable, Recent",Medium Risk
13511,2,0,2,0.0,Likely to Exit,70.44,11.74,244.61,2,122.3,4.6904,505,23,0.087,2010-02-01,2010-08-13,,Insufficient History,2,"Mid-Value, Unreliable, Lapsed",High Risk
13512,4,0,4,0.0,Likely to Exit,121.69,3.1203,713.39,4,178.35,2.09,282,20,0.2,2010-05-05,2011-03-24,,Insufficient History,1,"Mid-Value, Unreliable, Recent",High Risk
13513,4,0,4,0.0,Likely to Exit,118.26,2.8157,796.99,4,199.25,2.6307,148,23,0.1739,2010-02-22,2011-08-05,0.0,Declining,1,"Mid-Value, Unreliable, Recent",High Risk
13514,4,0,4,0.0,Likely to Exit,102.85,4.8976,815.9,4,203.97,2.5456,95,24,0.1667,2010-01-26,2011-09-27,0.0,Declining,1,"Mid-Value, Unreliable, Recent",High Risk
13515,6,0,6,0.0,Likely to Exit,198.02,2.6055,1265.82,6,210.97,1.7635,94,22,0.2727,2010-03-05,2011-09-28,0.0,Declining,1,"Mid-Value, Unreliable, Recent",High Risk
13516,4,0,4,0.0,Likely to Exit,218.0,3.5738,1685.26,4,421.32,1.9715,43,15,0.2667,2010-10-18,2011-11-18,1.621,Increasing,1,"Mid-Value, Unreliable, Recent",High Risk
13517,3,2,1,66.67,Likely to Stay,417.65,2.9206,2109.07,5,421.81,1.3001,81,7,0.7143,2011-06-13,2011-10-11,1.043,Stable,0,"High-Value, Reliable, Recent",Low Risk
13518,1,1,0,100.0,Very Loyal,104.57,2.7518,659.44,1,659.44,1.7321,107,4,0.25,2011-09-15,2011-09-15,,Insufficient History,1,"Mid-Value, Unreliable, Recent",Low Risk
13519,3,0,3,0.0,Likely to Exit,94.74,4.737,331.26,3,110.42,2.7656,72,16,0.1875,2010-09-23,2011-10-20,-0.097,Declining,1,"Mid-Value, Unreliable, Recent",High Risk
13520,12,2,10,16.67,Likely to Exit,966.76,4.5602,6680.65,15,445.38,1.1619,80,25,0.6,2009-12-17,2011-10-12,0.94,Stable,0,"High-Value, Reliable, Recent",High Risk
13521,2,2,0,100.0,Very Loyal,790.98,1.8142,1093.65,3,364.55,0.4735,23,2,1.5,2011-11-29,2011-12-08,,Insufficient History,0,"High-Value, Reliable, Recent",Low Risk
13522,1,0,1,0.0,Likely to Exit,16.35,3.27,125.8,1,125.8,1.0,52,2,0.5,2011-11-09,2011-11-09,,Insufficient History,1,"Mid-Value, Unreliable, Recent",High Risk
13523,6,5,1,83.33,Very Loyal,1494.38,6.3321,4892.02,7,698.86,1.5276,55,14,0.5,2010-11-02,2011-11-06,,Insufficient History,0,"High-Value, Reliable, Recent",Low Risk
13524,5,0,5,0.0,Likely to Exit,93.56,3.4652,680.18,5,136.04,0.8869,62,8,0.625,2011-05-04,2011-10-30,0.831,Declining,1,"Mid-Value, Unreliable, Recent",High Risk
13525,2,0,2,0.0,Likely to Exit,23.41,3.9017,628.78,2,314.39,1.8829,36,9,0.2222,2011-04-05,2011-11-25,,Insufficient History,1,"Mid-Value, Unreliable, Recent",High Risk
13526,1,0,1,0.0,Likely to Exit,55.2,1.0222,942.6,4,235.65,4.899,760,25,0.16,2009-12-01,2009-12-01,,Insufficient History,2,"Mid-Value, Unreliable, Lapsed",High Risk
13527,9,8,1,88.89,Very Loyal,1383.66,3.0145,4650.04,14,332.15,1.4204,55,24,0.5833,2010-01-21,2011-11-06,0.341,Declining,0,"High-Value, Reliable, Recent",Low Risk
13528,1,0,1,0.0,Likely to Exit,2.5,2.5,-40.0,1,-40.0,0.0,704,24,0.0417,2010-01-26,2010-01-26,,Insufficient History,3,"Low-Value, Reliable, Lapsed",High Risk
13529,2,0,2,0.0,Likely to Exit,83.98,5.5987,307.76,2,153.88,1.7678,100,8,0.25,2011-05-19,2011-09-22,0.0,Declining,1,"Mid-Value, Unreliable, Recent",High Risk
13530,1,0,1,0.0,Likely to Exit,36.13,2.0072,402.98,1,402.98,4.5826,656,22,0.0455,2010-03-15,2010-03-15,,Insufficient History,2,"Mid-Value, Unreliable, Lapsed",High Risk
13531,5,2,3,40.0,At Risk,412.28,4.5809,1738.52,6,289.75,2.2008,227,25,0.24,2009-12-03,2011-05-18,,Insufficient History,1,"Mid-Value, Unreliable, Recent",Medium Risk
13532,1,1,0,100.0,Very Loyal,146.73,2.2232,210.31,1,210.31,1.0,55,2,0.5,2011-11-06,2011-11-06,,Insufficient History,1,"Mid-Value, Unreliable, Recent",Low Risk
13533,2,0,2,0.0,Likely to Exit,146.93,1.9333,270.79,3,90.26,2.0086,204,10,0.3,2011-03-17,2011-06-10,,Insufficient History,1,"Mid-Value, Unreliable, Recent",High Risk
13534,17,3,14,17.65,Likely to Exit,1296.16,2.8116,7324.5,60,122.08,0.5658,24,18,3.3333,2010-07-07,2011-12-07,1.071,Stable,0,"High-Value, Reliable, Recent",High Risk
13535,1,0,1,0.0,Likely to Exit,8.95,8.95,89.5,1,89.5,3.6056,424,14,0.0714,2010-11-02,2010-11-02,,Insufficient History,2,"Mid-Value, Unreliable, Lapsed",High Risk
13536,4,2,2,50.0,At Risk,576.07,3.2183,3448.29,7,492.61,0.5787,23,4,1.75,2011-09-25,2011-12-08,,Insufficient History,0,"High-Value, Reliable, Recent",Medium Risk
13537,2,0,2,0.0,Likely to Exit,136.1,3.2405,717.85,2,358.92,2.6835,447,16,0.125,2010-09-14,2010-10-10,,Insufficient History,2,"Mid-Value, Unreliable, Lapsed",High Risk
13538,11,2,9,18.18,Likely to Exit,621.88,4.3186,3112.73,12,259.39,1.6057,65,23,0.5217,2010-02-02,2011-10-27,0.781,Declining,0,"High-Value, Reliable, Recent",High Risk
13539,7,1,6,14.29,Likely to Exit,356.47,4.0508,1531.26,9,170.14,1.8396,107,21,0.4286,2010-04-28,2011-09-15,0.0,Declining,1,"Mid-Value, Unreliable, Recent",High Risk
13540,2,1,1,50.0,At Risk,177.52,5.5475,632.39,3,210.8,3.29,489,23,0.1304,2010-02-22,2010-08-29,,Insufficient History,2,"Mid-Value, Unreliable, Lapsed",Medium Risk
13541,2,0,2,0.0,Likely to Exit,47.92,3.9933,717.9,3,239.3,3.0723,445,20,0.15,2010-05-18,2010-10-12,,Insufficient History,2,"Mid-Value, Unreliable, Lapsed",High Risk
13542,12,11,1,91.67,Very Loyal,1899.18,5.5858,3970.77,18,220.6,1.1307,398,25,0.72,2009-12-10,2010-11-28,,Insufficient History,0,"High-Value, Reliable, Recent",Low Risk
13543,2,1,1,50.0,At Risk,216.19,4.5998,1439.61,2,719.8,3.3763,656,24,0.0833,2010-01-21,2010-03-15,,Insufficient History,2,"Mid-Value, Unreliable, Lapsed",Medium Risk
13544,5,5,0,100.0,Very Loyal,678.46,2.6195,820.5,7,117.21,1.8688,61,22,0.3182,2010-03-05,2011-10-31,,Insufficient History,0,"High-Value, Reliable, Recent",Low Risk
13545,3,1,2,33.33,Likely to Exit,152.69,2.588,347.35,3,115.78,3.5947,412,25,0.12,2009-12-01,2010-11-14,,Insufficient History,2,"Mid-Value, Unreliable, Lapsed",Medium Risk
13546,5,0,5,0.0,Likely to Exit,345.03,2.2551,1092.14,5,218.43,1.4353,34,15,0.3333,2010-10-11,2011-11-27,,Insufficient History,1,"Mid-Value, Unreliable, Recent",High Risk
13547,1,1,0,100.0,Very Loyal,136.24,2.8987,175.53,1,175.53,3.7417,430,15,0.0667,2010-10-27,2010-10-27,,Insufficient History,2,"Mid-Value, Unreliable, Lapsed",Low Risk
13548,3,3,0,100.0,Very Loyal,517.02,2.7648,908.99,3,303.0,2.2352,118,17,0.1765,2010-08-25,2011-09-04,0.0,Declining,1,"Mid-Value, Unreliable, Recent",Low Risk
13549,6,0,6,0.0,Likely to Exit,189.52,3.1587,1003.72,9,111.52,1.45,47,14,0.6429,2010-11-17,2011-11-14,0.626,Declining,1,"Mid-Value, Unreliable, Recent",High Risk
13550,1,0,1,0.0,Likely to Exit,73.72,1.6755,349.51,1,349.51,3.6056,405,14,0.0714,2010-11-21,2010-11-21,,Insufficient History,2,"Mid-Value, Unreliable, Lapsed",High Risk
13551,2,0,2,0.0,Likely to Exit,36.95,7.39,244.2,2,122.1,3.3479,341,23,0.087,2010-02-11,2011-01-24,,Insufficient History,2,"Mid-Value, Unreliable, Lapsed",High Risk
13552,14,3,11,21.43,Likely to Exit,893.37,3.9356,6618.63,32,206.83,0.9887,88,23,1.3913,2010-02-19,2011-10-04,0.423,Declining,0,"High-Value, Reliable, Recent",High Risk
13553,1,1,0,100.0,Very Loyal,330.65,3.5176,517.8,1,517.8,4.6904,696,23,0.0435,2010-02-03,2010-02-03,,Insufficient History,2,"Mid-Value, Unreliable, Lapsed",Low Risk
13554,3,3,0,100.0,Very Loyal,871.49,4.1303,1556.39,10,155.64,2.0821,402,16,0.625,2010-09-19,2010-11-24,,Insufficient History,0,"High-Value, Reliable, Recent",Low Risk
13555,10,4,6,40.0,At Risk,1141.15,2.7631,8906.34,16,556.65,1.6623,95,24,0.6667,2010-01-19,2011-09-27,0.0,Declining,0,"High-Value, Reliable, Recent",Medium Risk
13556,2,0,2,0.0,Likely to Exit,18.59,2.0656,200.82,2,100.41,2.6527,451,16,0.125,2010-09-30,2010-10-06,,Insufficient History,2,"Mid-Value, Unreliable, Lapsed",High Risk
13557,9,0,9,0.0,Likely to Exit,379.34,2.0729,2980.08,16,186.25,1.5888,50,25,0.64,2009-12-08,2011-11-11,,Insufficient History,0,"High-Value, Reliable, Recent",High Risk
13558,3,2,1,66.67,Likely to Stay,386.66,2.2095,605.06,4,151.26,0.4325,27,3,1.3333,2011-10-02,2011-12-04,,Insufficient History,1,"Mid-Value, Unreliable, Recent",Low Risk
13559,2,0,2,0.0,Likely to Exit,5.5,2.75,990.0,2,495.0,3.0912,534,19,0.1053,2010-06-14,2010-07-15,,Insufficient History,2,"Mid-Value, Unreliable, Lapsed",High Risk
13560,1,0,1,0.0,Likely to Exit,98.52,2.9855,174.37,1,174.37,0.0,29,1,1.0,2011-12-02,2011-12-02,,Insufficient History,1,"Mid-Value, Unreliable, Recent",High Risk
13561,9,0,9,0.0,Likely to Exit,544.05,2.335,1820.72,11,165.52,1.327,237,23,0.4783,2010-02-28,2011-05-08,,Insufficient History,0,"High-Value, Reliable, Recent",High Risk
13562,7,5,2,71.43,Likely to Stay,832.33,4.2466,4838.18,8,604.77,1.5886,103,24,0.3333,2010-01-14,2011-09-19,0.0,Declining,0,"High-Value, Reliable, Recent",Low Risk
13563,2,2,0,100.0,Very Loyal,417.13,8.5129,777.53,2,388.76,1.4562,106,6,0.3333,2011-07-22,2011-09-16,0.0,Declining,1,"Mid-Value, Unreliable, Recent",Low Risk
13564,14,14,0,100.0,Very Loyal,5773.69,4.3806,15786.72,54,292.35,1.0402,166,25,2.16,2009-12-02,2011-07-18,-0.0,Declining,0,"High-Value, Reliable, Recent",Low Risk
13565,3,0,3,0.0,Likely to Exit,116.14,1.9357,414.8,3,138.27,2.0469,41,15,0.2,2010-10-24,2011-11-20,,Insufficient History,1,"Mid-Value, Unreliable, Recent",High Risk
13566,5,5,0,100.0,Very Loyal,666.81,1.7829,1708.12,5,341.62,1.9907,62,22,0.2273,2010-03-10,2011-10-30,0.495,Declining,0,"High-Value, Reliable, Recent",Low Risk
13567,3,3,0,100.0,Very Loyal,526.18,2.5793,1078.59,5,215.72,2.349,450,19,0.2632,2010-06-16,2010-10-07,,Insufficient History,2,"Mid-Value, Unreliable, Lapsed",Low Risk
13568,1,1,0,100.0,Very Loyal,132.05,3.0011,192.85,1,192.85,2.4495,195,7,0.1429,2011-06-19,2011-06-19,,Insufficient History,1,"Mid-Value, Unreliable, Recent",Low Risk
13569,4,4,0,100.0,Very Loyal,589.15,2.753,893.78,4,223.44,1.6867,39,15,0.2667,2010-10-07,2011-11-22,,Insufficient History,1,"Mid-Value, Unreliable, Recent",Low Risk
13570,1,0,1,0.0,Likely to Exit,56.77,2.1026,239.49,1,239.49,2.8284,265,9,0.1111,2011-04-10,2011-04-10,,Insufficient History,2,"Mid-Value, Unreliable, Lapsed",High Risk
13571,19,3,16,15.79,Likely to Exit,1294.48,1.9149,4546.54,26,174.87,0.9001,34,25,1.04,2009-12-08,2011-11-27,1.749,Increasing,0,"High-Value, Reliable, Recent",High Risk
13572,1,1,0,100.0,Very Loyal,148.58,4.5024,1384.25,1,1384.25,2.6458,227,8,0.125,2011-05-18,2011-05-18,,Insufficient History,1,"Mid-Value, Unreliable, Recent",Low Risk
13573,5,1,4,20.0,Likely to Exit,263.78,2.9638,916.47,6,152.75,2.6863,72,22,0.2727,2010-03-12,2011-10-20,,Insufficient History,1,"Mid-Value, Unreliable, Recent",High Risk
13574,1,1,0,100.0,Very Loyal,214.6,2.0835,421.25,1,421.25,3.7417,433,15,0.0667,2010-10-24,2010-10-24,,Insufficient History,2,"Mid-Value, Unreliable, Lapsed",Low Risk
13575,5,0,5,0.0,Likely to Exit,98.8,2.1478,732.07,5,146.41,0.7943,45,7,0.7143,2011-06-16,2011-11-16,0.656,Declining,1,"Mid-Value, Unreliable, Recent",High Risk
13576,21,2,19,9.52,Likely to Exit,1013.64,3.4953,11516.15,32,359.88,0.6472,32,25,1.28,2009-12-08,2011-11-29,0.738,Declining,0,"High-Value, Reliable, Recent",High Risk
13577,9,0,9,0.0,Likely to Exit,574.8,3.3034,3346.62,14,239.04,1.4525,47,25,0.56,2009-12-14,2011-11-14,0.611,Declining,0,"High-Value, Reliable, Recent",High Risk
13578,1,0,1,0.0,Likely to Exit,17.73,1.97,147.66,1,147.66,3.7417,431,15,0.0667,2010-10-26,2010-10-26,,Insufficient History,2,"Mid-Value, Unreliable, Lapsed",High Risk
13579,5,0,5,0.0,Likely to Exit,332.55,3.6147,1535.84,6,255.97,1.9437,36,23,0.2609,2010-02-18,2011-11-25,,Insufficient History,1,"Mid-Value, Unreliable, Recent",High Risk
13580,1,0,1,0.0,Likely to Exit,46.15,9.23,107.75,1,107.75,3.7417,428,15,0.0667,2010-10-29,2010-10-29,,Insufficient History,2,"Mid-Value, Unreliable, Lapsed",High Risk
13581,2,0,2,0.0,Likely to Exit,93.19,2.8239,280.53,2,140.27,2.5863,331,15,0.1333,2010-10-21,2011-02-03,,Insufficient History,2,"Mid-Value, Unreliable, Lapsed",High Risk
13582,2,0,2,0.0,Likely to Exit,31.49,2.8627,241.68,2,120.84,3.294,411,21,0.0952,2010-04-01,2010-11-15,,Insufficient History,2,"Mid-Value, Unreliable, Lapsed",High Risk
13583,2,2,0,100.0,Very Loyal,228.72,2.3825,1445.03,2,722.52,3.3285,177,24,0.0833,2010-01-29,2011-07-07,0.0,Declining,1,"Mid-Value, Unreliable, Recent",Low Risk
13584,3,1,2,33.33,Likely to Exit,203.52,2.3127,347.15,5,69.43,3.3569,328,23,0.2174,2010-02-02,2011-02-06,,Insufficient History,2,"Mid-Value, Unreliable, Lapsed",Medium Risk
13585,3,0,3,0.0,Likely to Exit,58.95,1.4738,674.46,4,168.61,3.3287,552,25,0.16,2009-12-01,2010-06-27,,Insufficient History,2,"Mid-Value, Unreliable, Lapsed",High Risk
13586,1,0,1,0.0,Likely to Exit,81.04,3.859,131.53,1,131.53,4.2426,563,19,0.0526,2010-06-16,2010-06-16,,Insufficient History,2,"Mid-Value, Unreliable, Lapsed",High Risk
13587,4,0,4,0.0,Likely to Exit,157.64,4.777,1308.1,6,218.02,2.6622,53,23,0.2609,2010-02-14,2011-11-08,,Insufficient History,1,"Mid-Value, Unreliable, Recent",High Risk
13588,6,0,6,0.0,Likely to Exit,249.35,1.3853,2445.12,13,188.09,0.9235,37,10,1.3,2011-03-29,2011-11-24,0.586,Declining,0,"High-Value, Reliable, Recent",High Risk
13589,6,1,5,16.67,Likely to Exit,368.07,7.0783,1120.74,6,186.79,1.9,36,25,0.24,2009-12-06,2011-11-25,,Insufficient History,1,"Mid-Value, Unreliable, Recent",High Risk
13590,14,3,11,21.43,Likely to Exit,975.99,2.3518,6298.29,21,299.92,1.2937,33,25,0.84,2009-12-01,2011-11-28,4.359,Increasing,0,"High-Value, Reliable, Recent",High Risk
13591,7,2,5,28.57,Likely to Exit,442.23,4.3356,2081.19,8,260.15,1.875,86,25,0.32,2009-12-14,2011-10-06,,Insufficient History,0,"High-Value, Reliable, Recent",High Risk
13592,3,0,3,0.0,Likely to Exit,100.16,6.26,247.96,4,61.99,1.717,57,10,0.4,2011-03-20,2011-11-04,,Insufficient History,1,"Mid-Value, Unreliable, Recent",High Risk
13593,11,9,2,81.82,Very Loyal,1604.21,3.8937,5475.21,16,342.2,1.1173,130,22,0.7273,2010-03-02,2011-08-23,0.0,Declining,0,"High-Value, Reliable, Recent",Low Risk
13594,3,0,3,0.0,Likely to Exit,107.33,3.0666,508.42,3,169.47,3.7237,74,24,0.125,2010-01-07,2011-10-18,,Insufficient History,1,"Mid-Value, Unreliable, Recent",High Risk
13595,3,1,2,33.33,Likely to Exit,465.05,3.0595,818.22,3,272.74,3.2114,538,22,0.1364,2010-03-03,2010-07-11,,Insufficient History,2,"Mid-Value, Unreliable, Lapsed",Medium Risk
13596,2,1,1,50.0,At Risk,378.97,2.283,697.04,2,348.52,0.181,27,2,1.0,2011-11-27,2011-12-04,,Insufficient History,1,"Mid-Value, Unreliable, Recent",Medium Risk
13597,1,0,1,0.0,Likely to Exit,44.86,2.3611,372.21,3,124.07,3.6056,410,14,0.2143,2010-11-02,2010-11-16,,Insufficient History,2,"Mid-Value, Unreliable, Lapsed",High Risk
13598,4,1,3,25.0,Likely to Exit,296.63,2.9663,776.84,6,129.47,2.273,69,23,0.2609,2010-02-26,2011-10-23,,Insufficient History,1,"Mid-Value, Unreliable, Recent",High Risk
13599,19,1,18,5.26,Likely to Exit,1142.95,2.5859,9790.34,52,188.28,1.13,23,25,2.08,2009-12-01,2011-12-08,2.809,Increasing,0,"High-Value, Reliable, Recent",High Risk
13600,2,0,2,0.0,Likely to Exit,114.67,2.7968,518.42,2,259.21,3.2028,334,22,0.0909,2010-03-15,2011-01-31,,Insufficient History,2,"Mid-Value, Unreliable, Lapsed",High Risk
13601,4,2,2,50.0,At Risk,424.61,2.1775,1185.14,4,296.29,1.9865,67,19,0.2105,2010-06-11,2011-10-25,,Insufficient History,1,"Mid-Value, Unreliable, Recent",Medium Risk
13602,4,0,4,0.0,Likely to Exit,167.92,2.8952,1025.17,4,256.29,2.2358,86,20,0.2,2010-05-28,2011-10-06,,Insufficient History,1,"Mid-Value, Unreliable, Recent",High Risk
13603,1,0,1,0.0,Likely to Exit,57.02,2.1119,164.34,1,164.34,1.0,48,2,0.5,2011-11-13,2011-11-13,,Insufficient History,1,"Mid-Value, Unreliable, Recent",High Risk
13604,1,1,0,100.0,Very Loyal,118.55,5.1543,713.39,2,356.69,4.6904,674,23,0.087,2010-02-19,2010-02-25,,Insufficient History,2,"Mid-Value, Unreliable, Lapsed",Low Risk
13605,2,0,2,0.0,Likely to Exit,102.19,1.9281,522.67,2,261.33,3.1976,409,20,0.1,2010-05-17,2010-11-17,,Insufficient History,2,"Mid-Value, Unreliable, Lapsed",High Risk
13606,3,0,3,0.0,Likely to Exit,97.56,2.2688,280.54,3,93.51,2.0882,51,11,0.2727,2011-02-01,2011-11-10,,Insufficient History,1,"Mid-Value, Unreliable, Recent",High Risk
13607,2,2,0,100.0,Very Loyal,409.05,3.3256,1060.61,3,353.54,2.5425,62,14,0.2143,2010-11-02,2011-10-30,,Insufficient History,1,"Mid-Value, Unreliable, Recent",Low Risk
13608,1,0,1,0.0,Likely to Exit,79.95,2.2208,236.2,1,236.2,4.2426,562,19,0.0526,2010-06-17,2010-06-17,,Insufficient History,2,"Mid-Value, Unreliable, Lapsed",High Risk
13609,1,0,1,0.0,Likely to Exit,92.35,13.1929,167.35,1,167.35,4.4721,615,21,0.0476,2010-04-25,2010-04-25,,Insufficient History,2,"Mid-Value, Unreliable, Lapsed",High Risk
13610,13,4,9,30.77,Likely to Exit,1324.09,3.1601,2144.13,17,126.13,1.2056,34,24,0.7083,2010-01-05,2011-11-27,1.15,Increasing,0,"High-Value, Reliable, Recent",Medium Risk
13611,9,2,7,22.22,Likely to Exit,628.29,2.6622,3281.03,14,234.36,1.4792,111,25,0.56,2009-12-03,2011-09-11,0.0,Declining,0,"High-Value, Reliable, Recent",High Risk
13612,2,1,1,50.0,At Risk,183.48,3.5285,777.79,2,388.89,4.5826,540,22,0.0909,2010-03-17,2010-07-09,,Insufficient History,2,"Mid-Value, Unreliable, Lapsed",Medium Risk
13613,3,1,2,33.33,Likely to Exit,234.35,3.972,1039.85,5,207.97,2.7958,474,23,0.2174,2010-02-17,2010-09-13,,Insufficient History,2,"Mid-Value, Unreliable, Lapsed",Medium Risk
13614,6,5,1,83.33,Very Loyal,1072.39,3.9572,2359.19,6,393.2,1.5908,46,19,0.3158,2010-06-06,2011-11-15,1.699,Increasing,0,"High-Value, Reliable, Recent",Low Risk
13615,9,4,5,44.44,At Risk,1721.39,4.5782,6212.23,12,517.69,1.8371,334,24,0.5,2010-01-28,2011-01-31,,Insufficient History,0,"High-Value, Reliable, Recent",Medium Risk
13616,2,0,2,0.0,Likely to Exit,110.5,2.9865,288.1,2,144.05,3.4415,590,24,0.0833,2010-01-17,2010-05-20,,Insufficient History,2,"Mid-Value, Unreliable, Lapsed",High Risk
13617,6,2,4,33.33,Likely to Exit,386.76,3.5811,1263.8,9,140.42,1.5203,62,17,0.5294,2010-08-01,2011-10-30,0.761,Declining,0,"High-Value, Reliable, Recent",Medium Risk
13618,1,0,1,0.0,Likely to Exit,13.46,1.0354,177.34,1,177.34,2.4495,195,7,0.1429,2011-06-19,2011-06-19,,Insufficient History,1,"Mid-Value, Unreliable, Recent",High Risk
13619,2,0,2,0.0,Likely to Exit,154.99,3.1631,231.69,2,115.85,3.263,566,23,0.087,2010-02-03,2010-06-13,,Insufficient History,2,"Mid-Value, Unreliable, Lapsed",High Risk
13620,1,0,1,0.0,Likely to Exit,12.52,2.504,112.34,1,112.34,4.2426,550,19,0.0526,2010-06-29,2010-06-29,,Insufficient History,2,"Mid-Value, Unreliable, Lapsed",High Risk
13621,1,0,1,0.0,Likely to Exit,21.45,1.1289,213.85,1,213.85,2.0,138,5,0.2,2011-08-15,2011-08-15,,Insufficient History,1,"Mid-Value, Unreliable, Recent",High Risk
13622,1,1,0,100.0,Very Loyal,118.23,3.4774,651.45,2,325.73,4.7958,710,24,0.0833,2010-01-12,2010-01-20,,Insufficient History,2,"Mid-Value, Unreliable, Lapsed",Low Risk
13623,10,5,5,50.0,At Risk,1082.5,3.5726,2446.36,15,163.09,1.5722,52,25,0.6,2009-12-02,2011-11-09,,Insufficient History,0,"High-Value, Reliable, Recent",Medium Risk
13624,1,0,1,0.0,Likely to Exit,75.03,3.1263,427.18,2,213.59,3.6056,403,14,0.1429,2010-11-16,2010-11-23,,Insufficient History,2,"Mid-Value, Unreliable, Lapsed",High Risk
13625,1,1,0,100.0,Very Loyal,113.71,5.4148,301.26,1,301.26,4.4721,618,21,0.0476,2010-04-22,2010-04-22,,Insufficient History,2,"Mid-Value, Unreliable, Lapsed",Low Risk
13626,2,1,1,50.0,At Risk,173.61,3.7741,689.49,3,229.83,2.5533,274,14,0.2143,2010-11-25,2011-04-01,,Insufficient History,1,"Mid-Value, Unreliable, Recent",Medium Risk
13627,8,0,8,0.0,Likely to Exit,408.1,3.0917,2217.55,10,221.76,1.4814,81,22,0.4545,2010-03-09,2011-10-11,1.039,Stable,0,"High-Value, Reliable, Recent",High Risk
13628,1,0,1,0.0,Likely to Exit,66.17,4.1356,310.14,1,310.14,4.6904,698,23,0.0435,2010-02-01,2010-02-01,,Insufficient History,2,"Mid-Value, Unreliable, Lapsed",High Risk
13629,16,0,16,0.0,Likely to Exit,184.27,2.118,13370.86,19,703.73,0.8489,45,23,0.8261,2010-02-11,2011-11-16,1.011,Stable,0,"High-Value, Reliable, Recent",High Risk
13630,7,0,7,0.0,Likely to Exit,168.67,2.1084,1995.68,11,181.43,0.9598,27,11,1.0,2011-02-27,2011-12-04,0.316,Declining,0,"High-Value, Reliable, Recent",High Risk
13631,5,0,5,0.0,Likely to Exit,74.72,6.2267,3021.77,12,251.81,1.4856,121,10,1.2,2011-03-17,2011-09-01,0.0,Declining,0,"High-Value, Reliable, Recent",High Risk
13632,7,2,5,28.57,Likely to Exit,753.73,3.3649,3634.7,10,363.47,1.5555,46,21,0.4762,2010-04-07,2011-11-15,,Insufficient History,0,"High-Value, Reliable, Recent",High Risk
13633,1,1,0,100.0,Very Loyal,306.66,306.66,-306.66,1,-306.66,0.0,625,21,0.0476,2010-04-15,2010-04-15,,Insufficient History,3,"Low-Value, Reliable, Lapsed",Low Risk
13634,11,8,3,72.73,Likely to Stay,1755.4,3.6724,4519.55,17,265.86,1.4023,55,24,0.7083,2010-01-10,2011-11-06,0.272,Declining,0,"High-Value, Reliable, Recent",Low Risk
13635,3,2,1,66.67,Likely to Stay,389.73,2.3337,2948.22,6,491.37,2.7403,89,25,0.24,2009-12-01,2011-10-03,,Insufficient History,0,"High-Value, Reliable, Recent",Low Risk
13636,5,0,5,0.0,Likely to Exit,239.73,3.7458,941.62,6,156.94,1.2391,58,11,0.5455,2011-02-27,2011-11-03,2.879,Increasing,1,"Mid-Value, Unreliable, Recent",High Risk
13637,3,1,2,33.33,Likely to Exit,238.95,2.3658,810.5,3,270.17,1.6141,74,9,0.3333,2011-04-27,2011-10-18,,Insufficient History,1,"Mid-Value, Unreliable, Recent",Medium Risk
13638,1,0,1,0.0,Likely to Exit,23.94,2.9925,122.64,1,122.64,1.0,37,2,0.5,2011-11-24,2011-11-24,,Insufficient History,1,"Mid-Value, Unreliable, Recent",High Risk
13639,2,0,2,0.0,Likely to Exit,94.19,1.5964,1346.27,2,673.13,3.0481,96,16,0.125,2010-09-29,2011-09-26,0.0,Declining,1,"Mid-Value, Unreliable, Recent",High Risk
13640,1,0,1,0.0,Likely to Exit,15.0,3.75,405.0,1,405.0,4.4721,633,21,0.0476,2010-04-07,2010-04-07,,Insufficient History,2,"Mid-Value, Unreliable, Lapsed",High Risk
13641,2,1,1,50.0,At Risk,193.67,3.8734,921.82,7,131.69,3.8889,662,25,0.28,2009-12-05,2010-03-09,,Insufficient History,2,"Mid-Value, Unreliable, Lapsed",Medium Risk
13642,2,2,0,100.0,Very Loyal,343.62,2.988,501.97,5,100.39,2.7523,237,15,0.3333,2010-10-03,2011-05-08,,Insufficient History,1,"Mid-Value, Unreliable, Recent",Low Risk
13643,9,1,8,11.11,Likely to Exit,423.91,3.9618,2112.17,15,140.81,1.7553,53,25,0.6,2009-12-08,2011-11-08,1.516,Increasing,0,"High-Value, Reliable, Recent",High Risk
13644,5,3,2,60.0,Likely to Stay,469.57,3.1728,2597.52,5,519.5,0.5735,30,5,1.0,2011-08-26,2011-12-01,,Insufficient History,0,"High-Value, Reliable, Recent",Low Risk
13645,1,0,1,0.0,Likely to Exit,16.85,3.37,252.1,1,252.1,2.0,142,5,0.2,2011-08-11,2011-08-11,,Insufficient History,1,"Mid-Value, Unreliable, Recent",High Risk
13646,1,1,0,100.0,Very Loyal,258.5,4.3814,323.3,3,107.77,3.6056,421,14,0.2143,2010-11-05,2010-11-05,,Insufficient History,2,"Mid-Value, Unreliable, Lapsed",Low Risk
13647,8,1,7,12.5,Likely to Exit,468.35,3.3216,3063.78,9,340.42,1.4473,31,21,0.4286,2010-04-15,2011-11-30,0.835,Declining,0,"High-Value, Reliable, Recent",High Risk
13648,7,0,7,0.0,Likely to Exit,350.08,3.0981,1679.01,11,152.64,1.9798,422,25,0.44,2009-12-01,2010-11-04,,Insufficient History,1,"Mid-Value, Unreliable, Recent",High Risk
13649,6,2,4,33.33,Likely to Exit,457.97,3.6347,1678.88,6,279.81,1.6381,278,19,0.3158,2010-06-30,2011-03-28,,Insufficient History,1,"Mid-Value, Unreliable, Recent",Medium Risk
13650,12,0,12,0.0,Likely to Exit,593.14,3.2236,3098.5,16,193.66,1.447,38,24,0.6667,2010-01-26,2011-11-23,2.431,Increasing,0,"High-Value, Reliable, Recent",High Risk
13651,3,0,3,0.0,Likely to Exit,115.75,7.7167,208.95,4,52.24,2.3568,57,14,0.2857,2010-11-23,2011-11-04,,Insufficient History,1,"Mid-Value, Unreliable, Recent",High Risk
13652,5,2,3,40.0,At Risk,441.61,2.7774,2570.85,5,514.17,2.0127,67,23,0.2174,2010-02-25,2011-10-25,,Insufficient History,0,"High-Value, Reliable, Recent",Medium Risk
13653,1,0,1,0.0,Likely to Exit,25.05,2.7833,152.2,1,152.2,4.0,509,17,0.0588,2010-08-09,2010-08-09,,Insufficient History,2,"Mid-Value, Unreliable, Lapsed",High Risk
13654,10,3,7,30.0,Likely to Exit,754.08,2.292,6308.0,11,573.45,1.756,65,25,0.44,2009-12-02,2011-10-27,1.834,Increasing,0,"High-Value, Reliable, Recent",Medium Risk
13655,6,1,5,16.67,Likely to Exit,410.27,3.3355,2259.3,8,282.41,1.854,136,21,0.381,2010-04-27,2011-08-17,0.0,Declining,0,"High-Value, Reliable, Recent",High Risk
13656,6,0,6,0.0,Likely to Exit,219.64,2.4404,1053.35,7,150.48,2.1814,186,21,0.3333,2010-04-23,2011-06-28,,Insufficient History,1,"Mid-Value, Unreliable, Recent",High Risk
13657,2,0,2,0.0,Likely to Exit,47.89,2.9931,382.14,2,191.07,1.7789,32,8,0.25,2011-05-22,2011-11-29,,Insufficient History,1,"Mid-Value, Unreliable, Recent",High Risk
13658,9,5,4,55.56,At Risk,1091.32,4.4544,5772.07,13,444.01,1.5627,31,23,0.5652,2010-02-05,2011-11-30,0.466,Declining,0,"High-Value, Reliable, Recent",Medium Risk
13659,10,5,5,50.0,At Risk,1198.84,4.1482,4716.63,17,277.45,1.4795,219,23,0.7391,2010-02-17,2011-05-26,,Insufficient History,0,"High-Value, Reliable, Recent",Medium Risk
13660,1,1,0,100.0,Very Loyal,210.62,5.0148,303.69,2,151.84,3.6056,417,14,0.1429,2010-11-04,2010-11-09,,Insufficient History,2,"Mid-Value, Unreliable, Lapsed",Low Risk
13661,1,0,1,0.0,Likely to Exit,68.77,4.0453,325.24,1,325.24,4.4721,625,21,0.0476,2010-04-15,2010-04-15,,Insufficient History,2,"Mid-Value, Unreliable, Lapsed",High Risk
13662,9,1,8,11.11,Likely to Exit,579.31,3.9143,2183.13,17,128.42,1.5796,107,23,0.7391,2010-02-19,2011-09-15,0.0,Declining,0,"High-Value, Reliable, Recent",High Risk
13663,4,1,3,25.0,Likely to Exit,413.38,4.0929,2013.61,6,335.6,2.8717,201,22,0.2727,2010-03-03,2011-06-13,,Insufficient History,1,"Mid-Value, Unreliable, Recent",High Risk
13664,1,0,1,0.0,Likely to Exit,13.14,13.14,-13.14,1,-13.14,0.0,704,24,0.0417,2010-01-26,2010-01-26,,Insufficient History,3,"Low-Value, Reliable, Lapsed",High Risk
13665,3,0,3,0.0,Likely to Exit,215.0,2.0283,1711.66,3,570.55,2.262,408,18,0.1667,2010-07-23,2010-11-18,,Insufficient History,1,"Mid-Value, Unreliable, Recent",High Risk
13666,4,0,4,0.0,Likely to Exit,74.15,3.9026,127.9,5,25.58,2.7132,82,25,0.2,2009-12-04,2011-10-10,,Insufficient History,1,"Mid-Value, Unreliable, Recent",High Risk
13667,1,1,0,100.0,Very Loyal,211.83,2.4348,305.02,1,305.02,2.2361,171,6,0.1667,2011-07-13,2011-07-13,0.0,Declining,1,"Mid-Value, Unreliable, Recent",Low Risk
13668,22,7,15,31.82,Likely to Exit,2761.86,3.4013,12749.14,47,271.26,0.7968,24,25,1.88,2009-12-11,2011-12-07,2.021,Increasing,0,"High-Value, Reliable, Recent",Medium Risk
13669,3,0,3,0.0,Likely to Exit,31.01,2.215,413.55,3,137.85,2.255,72,15,0.2,2010-10-28,2011-10-20,3.539,Increasing,1,"Mid-Value, Unreliable, Recent",High Risk
13670,1,0,1,0.0,Likely to Exit,46.92,1.8768,349.7,1,349.7,1.7321,97,4,0.25,2011-09-25,2011-09-25,,Insufficient History,1,"Mid-Value, Unreliable, Recent",High Risk
13671,1,1,0,100.0,Very Loyal,146.0,1.9211,194.95,1,194.95,3.6056,416,14,0.0714,2010-11-10,2010-11-10,,Insufficient History,2,"Mid-Value, Unreliable, Lapsed",Low Risk
13672,3,1,2,33.33,Likely to Exit,179.3,6.4036,162.07,7,23.15,3.0771,323,25,0.28,2009-12-09,2011-02-11,,Insufficient History,2,"Mid-Value, Unreliable, Lapsed",Medium Risk
13673,1,1,0,100.0,Very Loyal,214.62,3.3018,396.92,2,198.46,1.0,40,2,1.0,2011-11-07,2011-11-21,,Insufficient History,1,"Mid-Value, Unreliable, Recent",Low Risk
13674,1,0,1,0.0,Likely to Exit,73.39,4.5869,215.88,2,107.94,3.7417,451,15,0.1333,2010-10-03,2010-10-06,,Insufficient History,2,"Mid-Value, Unreliable, Lapsed",High Risk
13675,2,0,2,0.0,Likely to Exit,47.57,1.9028,486.82,2,243.41,2.2119,173,11,0.1818,2011-02-28,2011-07-11,0.0,Declining,1,"Mid-Value, Unreliable, Recent",High Risk
13676,2,0,2,0.0,Likely to Exit,63.85,4.2567,153.15,3,51.05,3.167,561,22,0.1364,2010-03-30,2010-06-18,,Insufficient History,2,"Mid-Value, Unreliable, Lapsed",High Risk
13677,2,2,0,100.0,Very Loyal,375.02,3.5049,556.19,2,278.1,2.8288,426,18,0.1111,2010-07-07,2010-10-31,,Insufficient History,2,"Mid-Value, Unreliable, Lapsed",Low Risk
13678,1,0,1,0.0,Likely to Exit,6.3,0.3937,232.6,1,232.6,2.2361,173,6,0.1667,2011-07-11,2011-07-11,0.0,Declining,1,"Mid-Value, Unreliable, Recent",High Risk
13679,3,0,3,0.0,Likely to Exit,148.02,2.9604,281.26,3,93.75,2.8688,515,25,0.12,2009-12-04,2010-08-03,,Insufficient History,2,"Mid-Value, Unreliable, Lapsed",High Risk
13680,9,8,1,88.89,Very Loyal,1807.19,2.6853,9915.56,13,762.74,1.5743,23,25,0.52,2009-12-04,2011-12-08,,Insufficient History,0,"High-Value, Reliable, Recent",Low Risk
13681,3,0,3,0.0,Likely to Exit,165.44,2.9025,827.83,4,206.96,1.0359,39,6,0.6667,2011-07-07,2011-11-22,3.069,Increasing,1,"Mid-Value, Unreliable, Recent",High Risk
13682,1,0,1,0.0,Likely to Exit,21.25,7.0833,59.5,1,59.5,2.4495,209,7,0.1429,2011-06-05,2011-06-05,,Insufficient History,1,"Mid-Value, Unreliable, Recent",High Risk
13683,1,0,1,0.0,Likely to Exit,17.3,1.73,258.6,1,258.6,3.873,479,16,0.0625,2010-09-08,2010-09-08,,Insufficient History,2,"Mid-Value, Unreliable, Lapsed",High Risk
13684,4,1,3,25.0,Likely to Exit,261.73,2.3162,546.52,6,91.09,2.2888,307,22,0.2727,2010-03-28,2011-02-27,,Insufficient History,1,"Mid-Value, Unreliable, Recent",High Risk
13685,2,0,2,0.0,Likely to Exit,27.33,0.7008,3119.44,7,445.63,0.7659,24,3,2.3333,2011-10-10,2011-12-07,,Insufficient History,0,"High-Value, Reliable, Recent",High Risk
13686,2,0,2,0.0,Likely to Exit,50.43,1.4832,409.04,3,136.35,2.9898,204,14,0.2143,2010-11-03,2011-06-10,,Insufficient History,1,"Mid-Value, Unreliable, Recent",High Risk
13687,1,0,1,0.0,Likely to Exit,6.81,0.1513,11880.84,1,11880.84,3.873,460,16,0.0625,2010-09-27,2010-09-27,,Insufficient History,2,"Mid-Value, Unreliable, Lapsed",High Risk
13688,1,0,1,0.0,Likely to Exit,22.75,4.55,375.5,1,375.5,4.5826,657,22,0.0455,2010-03-14,2010-03-14,,Insufficient History,2,"Mid-Value, Unreliable, Lapsed",High Risk
13689,2,0,2,0.0,Likely to Exit,15.45,1.7167,1259.5,2,629.75,2.9299,85,16,0.125,2010-09-21,2011-10-07,,Insufficient History,1,"Mid-Value, Unreliable, Recent",High Risk
13690,1,0,1,0.0,Likely to Exit,53.75,5.9722,172.25,1,172.25,1.4142,81,3,0.3333,2011-10-11,2011-10-11,,Insufficient History,1,"Mid-Value, Unreliable, Recent",High Risk
13691,1,1,0,100.0,Very Loyal,113.61,2.1039,212.78,1,212.78,3.6056,418,14,0.0714,2010-11-08,2010-11-08,,Insufficient History,2,"Mid-Value, Unreliable, Lapsed",Low Risk
13692,5,0,5,0.0,Likely to Exit,256.56,2.5915,3016.45,8,377.06,2.1937,46,15,0.5333,2010-10-15,2011-11-15,,Insufficient History,0,"High-Value, Reliable, Recent",High Risk
13693,7,2,5,28.57,Likely to Exit,489.8,4.3732,1948.32,13,149.87,2.1999,347,25,0.52,2009-12-07,2011-01-18,,Insufficient History,0,"High-Value, Reliable, Recent",High Risk
13694,25,8,17,32.0,Likely to Exit,2962.19,1.9013,190825.52,164,1163.57,0.7991,25,25,6.56,2009-12-04,2011-12-06,0.784,Declining,0,"High-Value, Reliable, Recent",Medium Risk
13695,10,0,10,0.0,Likely to Exit,245.66,2.559,2770.73,16,173.17,1.4041,53,20,0.8,2010-05-11,2011-11-08,0.302,Declining,0,"High-Value, Reliable, Recent",High Risk
13696,4,0,4,0.0,Likely to Exit,113.21,4.5284,2008.7,4,502.18,2.9624,443,24,0.1667,2010-01-13,2010-10-14,,Insufficient History,2,"Mid-Value, Unreliable, Lapsed",High Risk
13697,1,0,1,0.0,Likely to Exit,16.72,1.3933,151.3,1,151.3,1.0,60,2,0.5,2011-11-01,2011-11-01,,Insufficient History,1,"Mid-Value, Unreliable, Recent",High Risk
13698,2,0,2,0.0,Likely to Exit,138.32,3.458,465.53,2,232.77,3.3941,618,24,0.0833,2010-01-27,2010-04-22,,Insufficient History,2,"Mid-Value, Unreliable, Lapsed",High Risk
13699,2,1,1,50.0,At Risk,238.6,5.965,711.4,3,237.13,2.9751,177,19,0.1579,2010-06-07,2011-07-07,0.0,Declining,1,"Mid-Value, Unreliable, Recent",Medium Risk
13700,9,1,8,11.11,Likely to Exit,390.68,1.5817,2586.21,14,184.73,1.3936,48,23,0.6087,2010-02-07,2011-11-13,1.514,Increasing,0,"High-Value, Reliable, Recent",High Risk
13701,1,0,1,0.0,Likely to Exit,21.9,2.19,159.55,2,79.78,3.873,459,16,0.125,2010-09-19,2010-09-28,,Insufficient History,2,"Mid-Value, Unreliable, Lapsed",High Risk
13702,1,0,1,0.0,Likely to Exit,11.89,2.378,135.18,1,135.18,3.873,467,16,0.0625,2010-09-20,2010-09-20,,Insufficient History,2,"Mid-Value, Unreliable, Lapsed",High Risk
13703,2,1,1,50.0,At Risk,243.87,3.3407,99.5,3,33.17,2.937,340,15,0.2,2010-10-20,2011-01-25,,Insufficient History,2,"Mid-Value, Unreliable, Lapsed",Medium Risk
13704,4,2,2,50.0,At Risk,450.31,3.3356,2295.31,10,229.53,0.7724,27,4,2.5,2011-09-12,2011-12-04,,Insufficient History,0,"High-Value, Reliable, Recent",Medium Risk
13705,7,1,6,14.29,Likely to Exit,504.39,6.0046,2035.33,7,290.76,1.7251,29,22,0.3182,2010-03-25,2011-12-02,0.925,Stable,1,"Mid-Value, Unreliable, Recent",High Risk
13706,2,1,1,50.0,At Risk,167.17,4.3992,631.17,2,315.59,3.1663,324,22,0.0909,2010-03-23,2011-02-10,,Insufficient History,2,"Mid-Value, Unreliable, Lapsed",Medium Risk
13707,4,2,2,50.0,At Risk,455.96,2.9417,3365.86,5,673.17,2.4893,289,19,0.2632,2010-06-21,2011-03-17,,Insufficient History,0,"High-Value, Reliable, Recent",Medium Risk
13708,1,1,0,100.0,Very Loyal,104.93,2.0575,296.88,1,296.88,3.0,293,10,0.1,2011-03-13,2011-03-13,,Insufficient History,2,"Mid-Value, Unreliable, Lapsed",Low Risk
13709,11,4,7,36.36,Likely to Exit,1506.95,3.6051,7512.81,22,341.49,1.5776,25,24,0.9167,2010-01-11,2011-12-06,2.517,Increasing,0,"High-Value, Reliable, Recent",Medium Risk
13710,3,0,3,0.0,Likely to Exit,24.72,1.648,509.52,3,169.84,2.5818,53,21,0.1429,2010-04-06,2011-11-08,,Insufficient History,1,"Mid-Value, Unreliable, Recent",High Risk
13711,6,1,5,16.67,Likely to Exit,469.02,4.5536,1632.61,15,108.84,2.5563,240,25,0.6,2009-12-01,2011-05-05,,Insufficient History,0,"High-Value, Reliable, Recent",High Risk
13712,2,0,2,0.0,Likely to Exit,91.79,2.7815,766.42,2,383.21,3.3472,268,21,0.0952,2010-04-08,2011-04-07,,Insufficient History,2,"Mid-Value, Unreliable, Lapsed",High Risk
13713,3,1,2,33.33,Likely to Exit,233.81,2.8513,743.26,3,247.75,2.512,430,20,0.15,2010-05-05,2010-10-27,,Insufficient History,2,"Mid-Value, Unreliable, Lapsed",Medium Risk
13714,1,1,0,100.0,Very Loyal,109.05,3.635,161.35,1,161.35,4.0,487,17,0.0588,2010-08-31,2010-08-31,,Insufficient History,2,"Mid-Value, Unreliable, Lapsed",Low Risk
13715,11,5,6,45.45,At Risk,1277.06,2.3649,8438.34,21,401.83,1.269,303,22,0.9545,2010-03-11,2011-03-03,,Insufficient History,0,"High-Value, Reliable, Recent",Medium Risk
13716,1,0,1,0.0,Likely to Exit,29.81,1.4195,138.28,1,138.28,3.0,291,10,0.1,2011-03-15,2011-03-15,,Insufficient History,2,"Mid-Value, Unreliable, Lapsed",High Risk
13717,8,0,8,0.0,Likely to Exit,303.18,2.3872,1748.05,11,158.91,1.1269,54,17,0.6471,2010-08-11,2011-11-07,2.424,Increasing,0,"High-Value, Reliable, Recent",High Risk
13718,2,0,2,0.0,Likely to Exit,66.35,5.5292,306.55,2,153.28,2.2046,268,11,0.1818,2011-02-17,2011-04-07,,Insufficient History,1,"Mid-Value, Unreliable, Recent",High Risk
13719,9,3,6,33.33,Likely to Exit,781.87,3.115,2815.25,11,255.93,1.3455,37,20,0.55,2010-05-17,2011-11-24,,Insufficient History,0,"High-Value, Reliable, Recent",Medium Risk
13720,4,0,4,0.0,Likely to Exit,136.7,3.1791,799.9,4,199.97,1.3117,138,10,0.4,2011-03-30,2011-08-15,0.0,Declining,1,"Mid-Value, Unreliable, Recent",High Risk
13721,2,0,2,0.0,Likely to Exit,95.63,2.2769,741.54,2,370.77,2.6829,58,14,0.1429,2010-11-09,2011-11-03,,Insufficient History,1,"Mid-Value, Unreliable, Recent",High Risk
13722,7,4,3,57.14,At Risk,634.77,3.3409,5629.16,11,511.74,1.7646,142,22,0.5,2010-03-03,2011-08-11,0.0,Declining,0,"High-Value, Reliable, Recent",Medium Risk
13723,5,0,5,0.0,Likely to Exit,197.93,3.3547,1209.2,6,201.53,2.0439,239,21,0.2857,2010-04-07,2011-05-06,,Insufficient History,1,"Mid-Value, Unreliable, Recent",High Risk
13724,1,0,1,0.0,Likely to Exit,90.18,2.1471,213.01,1,213.01,4.5826,659,22,0.0455,2010-03-12,2010-03-12,,Insufficient History,2,"Mid-Value, Unreliable, Lapsed",High Risk
13725,6,1,5,16.67,Likely to Exit,495.55,4.1996,1809.81,11,164.53,2.2608,71,11,1.0,2011-02-04,2011-10-21,-0.863,Declining,0,"High-Value, Reliable, Recent",High Risk
13726,2,0,2,0.0,Likely to Exit,45.2,1.0762,1079.66,2,539.83,1.4227,60,5,0.4,2011-08-31,2011-11-01,,Insufficient History,1,"Mid-Value, Unreliable, Recent",High Risk
13727,5,2,3,40.0,At Risk,500.88,5.8927,1067.3,9,118.59,2.371,50,25,0.36,2009-12-09,2011-11-11,,Insufficient History,1,"Mid-Value, Unreliable, Recent",Medium Risk
13728,16,0,16,0.0,Likely to Exit,816.14,4.9765,2855.17,16,178.45,0.7794,58,25,0.64,2009-12-09,2011-11-03,0.723,Declining,0,"High-Value, Reliable, Recent",High Risk
13729,2,0,2,0.0,Likely to Exit,162.17,3.6857,676.43,5,135.29,3.3169,457,24,0.2083,2010-01-24,2010-09-30,,Insufficient History,2,"Mid-Value, Unreliable, Lapsed",High Risk
13730,1,1,0,100.0,Very Loyal,139.24,3.2381,752.6,2,376.3,2.2361,157,6,0.3333,2011-07-01,2011-07-27,0.0,Declining,1,"Mid-Value, Unreliable, Recent",Low Risk
13731,2,0,2,0.0,Likely to Exit,163.0,4.2895,610.59,2,305.3,1.8709,241,9,0.2222,2011-04-07,2011-05-04,,Insufficient History,1,"Mid-Value, Unreliable, Recent",High Risk
13732,1,0,1,0.0,Likely to Exit,52.14,1.58,491.86,1,491.86,1.0,50,2,0.5,2011-11-11,2011-11-11,,Insufficient History,1,"Mid-Value, Unreliable, Recent",High Risk
13733,2,0,2,0.0,Likely to Exit,82.97,2.7657,484.53,3,161.51,3.6577,432,25,0.12,2009-12-04,2010-10-25,,Insufficient History,2,"Mid-Value, Unreliable, Lapsed",High Risk
13734,2,1,1,50.0,At Risk,280.33,9.3443,3451.29,6,575.22,4.2803,530,21,0.2857,2010-04-16,2010-07-19,,Insufficient History,2,"Mid-Value, Unreliable, Lapsed",Medium Risk
13735,11,11,0,100.0,Very Loyal,2369.38,3.4691,9472.81,22,430.58,1.7303,46,25,0.88,2009-12-13,2011-11-15,,Insufficient History,0,"High-Value, Reliable, Recent",Low Risk
13736,6,5,1,83.33,Very Loyal,1443.18,2.5408,2715.01,12,226.25,1.9237,27,25,0.48,2009-12-06,2011-12-04,,Insufficient History,0,"High-Value, Reliable, Recent",Low Risk
13737,1,1,0,100.0,Very Loyal,115.46,3.8487,339.6,1,339.6,2.6458,222,8,0.125,2011-05-23,2011-05-23,,Insufficient History,1,"Mid-Value, Unreliable, Recent",Low Risk
13738,1,1,0,100.0,Very Loyal,240.6,2.6152,440.93,1,440.93,3.6056,418,14,0.0714,2010-11-08,2010-11-08,,Insufficient History,2,"Mid-Value, Unreliable, Lapsed",Low Risk
13739,2,0,2,0.0,Likely to Exit,26.5,4.4167,292.2,2,146.1,3.2758,40,19,0.1053,2010-06-30,2011-11-21,,Insufficient History,1,"Mid-Value, Unreliable, Recent",High Risk
13740,5,0,5,0.0,Likely to Exit,319.61,3.3643,1597.77,5,319.55,2.003,262,25,0.2,2009-12-02,2011-04-13,,Insufficient History,1,"Mid-Value, Unreliable, Recent",High Risk
13741,3,0,3,0.0,Likely to Exit,179.77,5.1363,666.33,4,166.58,1.3645,93,8,0.5,2011-05-06,2011-09-29,0.0,Declining,1,"Mid-Value, Unreliable, Recent",High Risk
13742,7,4,3,57.14,At Risk,1328.64,4.1134,3102.42,14,221.6,1.1933,38,12,1.1667,2011-01-23,2011-11-23,2.375,Increasing,0,"High-Value, Reliable, Recent",Medium Risk
13743,6,0,6,0.0,Likely to Exit,47.38,1.1281,1340.15,8,167.52,0.8842,24,10,0.8,2011-03-25,2011-12-07,0.388,Declining,1,"Mid-Value, Unreliable, Recent",High Risk
13744,2,0,2,0.0,Likely to Exit,122.92,1.7072,1156.36,2,578.18,2.4764,117,11,0.1818,2011-02-20,2011-09-05,0.0,Declining,1,"Mid-Value, Unreliable, Recent",High Risk
13745,3,0,3,0.0,Likely to Exit,52.07,0.8825,761.27,4,190.32,2.999,173,19,0.2105,2010-06-11,2011-07-11,-0.0,Declining,1,"Mid-Value, Unreliable, Recent",High Risk
13746,1,0,1,0.0,Likely to Exit,31.17,3.4633,176.69,1,176.69,3.7417,435,15,0.0667,2010-10-22,2010-10-22,,Insufficient History,2,"Mid-Value, Unreliable, Lapsed",High Risk
13747,2,0,2,0.0,Likely to Exit,33.4,5.5667,249.4,2,124.7,2.6597,395,15,0.1333,2010-10-11,2010-12-01,,Insufficient History,2,"Mid-Value, Unreliable, Lapsed",High Risk
13748,6,0,6,0.0,Likely to Exit,186.37,3.1588,2268.35,9,252.04,1.871,117,25,0.36,2009-12-01,2011-09-05,0.0,Declining,0,"High-Value, Reliable, Recent",High Risk
13749,1,0,1,0.0,Likely to Exit,4.3,2.15,-10.25,1,-10.25,0.0,723,24,0.0417,2010-01-07,2010-01-07,,Insufficient History,3,"Low-Value, Reliable, Lapsed",High Risk
13750,10,0,10,0.0,Likely to Exit,313.11,4.0664,3563.6,13,274.12,1.1404,75,21,0.619,2010-04-01,2011-10-17,1.016,Stable,0,"High-Value, Reliable, Recent",High Risk
13751,1,0,1,0.0,Likely to Exit,31.77,3.53,296.25,1,296.25,3.1623,310,11,0.0909,2011-02-24,2011-02-24,,Insufficient History,2,"Mid-Value, Unreliable, Lapsed",High Risk
13752,6,1,5,16.67,Likely to Exit,329.53,3.4687,1590.73,7,227.25,1.7004,146,19,0.3684,2010-06-30,2011-08-07,0.0,Declining,1,"Mid-Value, Unreliable, Recent",High Risk
13753,4,0,4,0.0,Likely to Exit,150.73,1.8841,2094.57,4,523.64,2.4345,309,25,0.16,2009-12-03,2011-02-25,,Insufficient History,1,"Mid-Value, Unreliable, Recent",High Risk
13754,3,0,3,0.0,Likely to Exit,58.9,2.8048,447.05,3,149.02,2.0968,173,16,0.1875,2010-09-28,2011-07-11,0.0,Declining,1,"Mid-Value, Unreliable, Recent",High Risk
13755,3,2,1,66.67,Likely to Stay,1051.22,3.0648,2154.68,10,215.47,0.5612,25,3,3.3333,2011-10-07,2011-12-06,,Insufficient History,0,"High-Value, Reliable, Recent",Low Risk
13756,17,1,16,5.88,Likely to Exit,993.3,2.838,9147.2,25,365.89,1.1253,24,25,1.0,2009-12-15,2011-12-07,1.724,Increasing,0,"High-Value, Reliable, Recent",High Risk
13757,1,0,1,0.0,Likely to Exit,27.77,3.4712,195.55,1,195.55,4.6904,696,23,0.0435,2010-02-03,2010-02-03,,Insufficient History,2,"Mid-Value, Unreliable, Lapsed",High Risk
13758,13,6,7,46.15,At Risk,1173.63,3.7258,9263.14,19,487.53,1.4068,33,25,0.76,2009-12-01,2011-11-28,,Insufficient History,0,"High-Value, Reliable, Recent",Medium Risk
13759,2,0,2,0.0,Likely to Exit,84.07,3.3628,659.41,2,329.7,1.4069,55,4,0.5,2011-09-29,2011-11-06,,Insufficient History,1,"Mid-Value, Unreliable, Recent",High Risk
13760,6,0,6,0.0,Likely to Exit,322.74,2.6895,1358.64,6,226.44,1.9742,76,21,0.2857,2010-04-25,2011-10-16,,Insufficient History,1,"Mid-Value, Unreliable, Recent",High Risk
13761,5,1,4,20.0,Likely to Exit,348.89,2.8598,1952.17,6,325.36,2.0122,72,23,0.2609,2010-02-21,2011-10-20,,Insufficient History,1,"Mid-Value, Unreliable, Recent",High Risk
13762,4,0,4,0.0,Likely to Exit,50.99,1.214,2165.76,6,360.96,2.4908,226,24,0.25,2010-01-10,2011-05-19,,Insufficient History,1,"Mid-Value, Unreliable, Recent",High Risk
13763,6,0,6,0.0,Likely to Exit,150.48,2.8392,5181.99,6,863.67,2.6056,85,16,0.375,2010-09-30,2011-10-07,-201.76,Declining,0,"High-Value, Reliable, Recent",High Risk
13764,5,5,0,100.0,Very Loyal,976.41,2.5968,2953.26,6,492.21,1.959,92,22,0.2727,2010-03-07,2011-09-30,0.0,Declining,0,"High-Value, Reliable, Recent",Low Risk
13765,1,0,1,0.0,Likely to Exit,67.68,3.9812,352.82,1,352.82,4.6904,675,23,0.0435,2010-02-24,2010-02-24,,Insufficient History,2,"Mid-Value, Unreliable, Lapsed",High Risk
13766,1,0,1,0.0,Likely to Exit,35.26,2.0741,190.35,1,190.35,4.0,517,17,0.0588,2010-08-01,2010-08-01,,Insufficient History,2,"Mid-Value, Unreliable, Lapsed",High Risk
13767,25,12,13,48.0,At Risk,3143.27,3.7375,35115.68,96,365.79,0.7954,24,25,3.84,2009-12-01,2011-12-07,0.727,Declining,0,"High-Value, Reliable, Recent",Medium Risk
13768,3,1,2,33.33,Likely to Exit,198.34,4.6126,758.07,8,94.76,4.899,585,25,0.32,2009-12-01,2010-05-25,,Insufficient History,2,"Mid-Value, Unreliable, Lapsed",Medium Risk
13769,18,1,17,5.56,Likely to Exit,1007.73,3.393,5766.63,29,198.85,0.8663,24,25,1.16,2009-12-16,2011-12-07,0.866,Declining,0,"High-Value, Reliable, Recent",High Risk
13770,4,1,3,25.0,Likely to Exit,165.66,3.4512,785.37,4,196.34,2.5728,444,25,0.16,2009-12-09,2010-10-13,,Insufficient History,2,"Mid-Value, Unreliable, Lapsed",High Risk
13771,7,3,4,42.86,At Risk,617.7,2.8465,5726.07,10,572.61,1.7523,86,23,0.4348,2010-02-25,2011-10-06,,Insufficient History,0,"High-Value, Reliable, Recent",Medium Risk
13772,7,6,1,85.71,Very Loyal,1682.21,2.9154,3094.72,9,343.86,1.744,55,23,0.3913,2010-02-23,2011-11-06,0.974,Stable,0,"High-Value, Reliable, Recent",Low Risk
13773,2,0,2,0.0,Likely to Exit,50.12,2.6379,301.54,2,150.77,3.5047,418,23,0.087,2010-02-18,2010-11-08,,Insufficient History,2,"Mid-Value, Unreliable, Lapsed",High Risk
13774,1,0,1,0.0,Likely to Exit,72.4,3.2909,345.0,1,345.0,1.7321,103,4,0.25,2011-09-19,2011-09-19,,Insufficient History,1,"Mid-Value, Unreliable, Recent",High Risk
13775,1,1,0,100.0,Very Loyal,196.88,3.1251,1049.66,1,1049.66,4.4721,612,21,0.0476,2010-04-28,2010-04-28,,Insufficient History,2,"Mid-Value, Unreliable, Lapsed",Low Risk
13776,2,1,1,50.0,At Risk,1588.13,198.5162,-340.17,8,-42.52,4.7958,450,24,0.3333,2010-01-26,2010-10-07,,Insufficient History,3,"Low-Value, Reliable, Lapsed",Medium Risk
13777,24,0,24,0.0,Likely to Exit,1022.63,2.3563,56016.57,73,767.35,1.4188,22,25,2.92,2009-12-02,2011-12-09,10.274,Increasing,0,"High-Value, Reliable, Recent",High Risk
13778,4,0,4,0.0,Likely to Exit,177.63,3.9473,1116.54,5,223.31,2.2879,125,20,0.25,2010-05-23,2011-08-28,0.0,Declining,1,"Mid-Value, Unreliable, Recent",High Risk
13779,1,1,0,100.0,Very Loyal,108.75,4.0278,161.13,1,161.13,4.1231,537,18,0.0556,2010-07-12,2010-07-12,,Insufficient History,2,"Mid-Value, Unreliable, Lapsed",Low Risk
13780,3,2,1,66.67,Likely to Stay,254.3,2.543,735.82,3,245.27,2.2211,29,15,0.2,2010-10-28,2011-12-02,,Insufficient History,1,"Mid-Value, Unreliable, Recent",Low Risk
13781,3,0,3,0.0,Likely to Exit,226.76,3.9097,770.88,4,192.72,2.9012,272,25,0.16,2009-12-18,2011-04-03,,Insufficient History,1,"Mid-Value, Unreliable, Recent",High Risk
13782,12,3,9,25.0,Likely to Exit,920.98,3.7591,1785.77,14,127.55,1.1415,34,25,0.56,2009-12-06,2011-11-27,3.349,Increasing,0,"High-Value, Reliable, Recent",High Risk
13783,4,0,4,0.0,Likely to Exit,5.59,0.559,1542.09,4,385.52,2.3008,509,23,0.1739,2010-02-04,2010-08-09,,Insufficient History,2,"Mid-Value, Unreliable, Lapsed",High Risk
13784,11,0,11,0.0,Likely to Exit,139.76,3.1058,2897.18,15,193.15,1.2174,31,16,0.9375,2010-09-15,2011-11-30,0.689,Declining,0,"High-Value, Reliable, Recent",High Risk
13785,2,0,2,0.0,Likely to Exit,168.92,5.6307,542.49,4,135.62,2.6796,450,16,0.25,2010-09-05,2010-10-07,,Insufficient History,2,"Mid-Value, Unreliable, Lapsed",High Risk
13786,6,2,4,33.33,Likely to Exit,924.63,7.3383,2736.41,8,342.05,2.0476,389,25,0.32,2009-12-03,2010-12-07,,Insufficient History,0,"High-Value, Reliable, Recent",Medium Risk
13787,6,0,6,0.0,Likely to Exit,297.03,3.1599,1173.7,9,130.41,2.0074,97,24,0.375,2010-01-14,2011-09-25,0.0,Declining,1,"Mid-Value, Unreliable, Recent",High Risk
13788,1,0,1,0.0,Likely to Exit,3.75,3.75,3.75,1,3.75,4.1231,527,18,0.0556,2010-07-22,2010-07-22,,Insufficient History,3,"Low-Value, Reliable, Lapsed",High Risk
13789,1,0,1,0.0,Likely to Exit,18.64,1.0356,239.46,1,239.46,3.6056,410,14,0.0714,2010-11-16,2010-11-16,,Insufficient History,2,"Mid-Value, Unreliable, Lapsed",High Risk
13790,1,0,1,0.0,Likely to Exit,34.73,0.7718,348.8,1,348.8,0.0,26,1,1.0,2011-12-05,2011-12-05,,Insufficient History,1,"Mid-Value, Unreliable, Recent",High Risk
13791,3,0,3,0.0,Likely to Exit,21.29,1.2524,1047.68,3,349.23,1.6417,65,7,0.4286,2011-06-24,2011-10-27,-0.809,Declining,1,"Mid-Value, Unreliable, Recent",High Risk
13792,3,0,3,0.0,Likely to Exit,93.55,4.0674,383.95,3,127.98,2.1602,88,15,0.2,2010-10-13,2011-10-04,,Insufficient History,1,"Mid-Value, Unreliable, Recent",High Risk
13793,1,0,1,0.0,Likely to Exit,13.55,1.9357,96.0,1,96.0,4.5826,668,22,0.0455,2010-03-03,2010-03-03,,Insufficient History,2,"Mid-Value, Unreliable, Lapsed",High Risk
13794,1,0,1,0.0,Likely to Exit,32.99,3.6656,126.03,1,126.03,4.2426,568,19,0.0526,2010-06-11,2010-06-11,,Insufficient History,2,"Mid-Value, Unreliable, Lapsed",High Risk
13795,4,0,4,0.0,Likely to Exit,52.96,1.8262,836.3,4,209.07,2.1257,410,22,0.1818,2010-03-12,2010-11-16,,Insufficient History,1,"Mid-Value, Unreliable, Recent",High Risk
13796,1,0,1,0.0,Likely to Exit,50.55,2.2977,289.7,1,289.7,4.1231,521,18,0.0556,2010-07-28,2010-07-28,,Insufficient History,2,"Mid-Value, Unreliable, Lapsed",High Risk
13797,3,2,1,66.67,Likely to Stay,298.55,3.7319,1168.45,4,292.11,2.5857,458,22,0.1818,2010-03-02,2010-09-29,,Insufficient History,2,"Mid-Value, Unreliable, Lapsed",Low Risk
13798,25,6,19,24.0,Likely to Exit,2072.22,2.2672,73573.47,125,588.59,0.3805,23,25,5.0,2009-12-08,2011-12-08,1.178,Increasing,0,"High-Value, Reliable, Recent",High Risk
13799,8,1,7,12.5,Likely to Exit,316.77,2.7308,2039.82,13,156.91,1.4349,138,22,0.5909,2010-03-05,2011-08-15,0.0,Declining,0,"High-Value, Reliable, Recent",High Risk
13800,3,0,3,0.0,Likely to Exit,195.12,2.6729,1679.56,3,559.85,2.7299,331,25,0.12,2009-12-03,2011-02-03,,Insufficient History,1,"Mid-Value, Unreliable, Recent",High Risk
13801,1,0,1,0.0,Likely to Exit,90.95,3.9543,324.8,1,324.8,1.4142,88,3,0.3333,2011-10-04,2011-10-04,,Insufficient History,1,"Mid-Value, Unreliable, Recent",High Risk
13802,14,5,9,35.71,Likely to Exit,1339.05,2.9301,25491.56,24,1062.15,1.1201,160,23,1.0435,2010-02-16,2011-07-24,0.0,Declining,0,"High-Value, Reliable, Recent",Medium Risk
13803,4,0,4,0.0,Likely to Exit,215.62,2.7294,1319.11,4,329.78,2.6633,277,22,0.1818,2010-03-31,2011-03-29,,Insufficient History,1,"Mid-Value, Unreliable, Recent",High Risk
13804,5,3,2,60.0,Likely to Stay,504.68,2.9863,3208.52,9,356.5,1.5732,52,16,0.5625,2010-09-29,2011-11-09,0.226,Declining,0,"High-Value, Reliable, Recent",Low Risk
13805,2,0,2,0.0,Likely to Exit,7.71,0.5931,924.6,2,462.3,1.2316,74,5,0.4,2011-08-02,2011-10-18,,Insufficient History,1,"Mid-Value, Unreliable, Recent",High Risk
13806,1,0,1,0.0,Likely to Exit,52.33,5.233,256.38,1,256.38,1.4142,85,3,0.3333,2011-10-07,2011-10-07,,Insufficient History,1,"Mid-Value, Unreliable, Recent",High Risk
13807,3,1,2,33.33,Likely to Exit,235.7,6.9324,509.9,4,127.48,2.8295,389,25,0.16,2009-12-04,2010-12-07,,Insufficient History,2,"Mid-Value, Unreliable, Lapsed",Medium Risk
13808,3,2,1,66.67,Likely to Stay,285.24,3.7532,1747.66,5,349.53,0.7629,27,4,1.25,2011-09-04,2011-12-04,,Insufficient History,0,"High-Value, Reliable, Recent",Low Risk
13809,3,0,3,0.0,Likely to Exit,149.7,5.988,679.7,3,226.57,2.4221,327,16,0.1875,2010-09-05,2011-02-07,,Insufficient History,1,"Mid-Value, Unreliable, Recent",High Risk
13810,2,1,1,50.0,At Risk,1344.23,37.3397,899.51,4,224.88,1.0849,50,3,1.3333,2011-10-14,2011-11-11,,Insufficient History,1,"Mid-Value, Unreliable, Recent",Medium Risk
13811,2,1,1,50.0,At Risk,564.0,40.2857,591.75,4,147.94,1.9104,205,9,0.4444,2011-04-14,2011-06-09,,Insufficient History,1,"Mid-Value, Unreliable, Recent",Medium Risk
13812,2,0,2,0.0,Likely to Exit,129.1,3.5861,539.0,3,179.67,1.2259,64,5,0.6,2011-08-26,2011-10-28,,Insufficient History,1,"Mid-Value, Unreliable, Recent",High Risk
13813,9,2,7,22.22,Likely to Exit,638.51,4.1733,2686.42,12,223.87,1.6679,61,25,0.48,2009-12-06,2011-10-31,0.431,Declining,0,"High-Value, Reliable, Recent",High Risk
13814,5,1,4,20.0,Likely to Exit,256.38,3.1652,2239.07,5,447.81,2.3632,78,19,0.2632,2010-06-30,2011-10-14,-0.011,Declining,1,"Mid-Value, Unreliable, Recent",High Risk
13815,9,5,4,55.56,At Risk,1013.27,2.8068,7285.79,10,728.58,1.6778,44,23,0.4348,2010-02-12,2011-11-17,-84.306,Declining,0,"High-Value, Reliable, Recent",Medium Risk
13816,2,0,2,0.0,Likely to Exit,141.55,4.2894,555.04,4,138.76,0.7971,45,3,1.3333,2011-10-06,2011-11-16,,Insufficient History,1,"Mid-Value, Unreliable, Recent",High Risk
13817,2,0,2,0.0,Likely to Exit,77.27,3.2196,382.98,2,191.49,2.4898,51,13,0.1538,2010-12-23,2011-11-10,,Insufficient History,1,"Mid-Value, Unreliable, Recent",High Risk
13818,1,0,1,0.0,Likely to Exit,6.72,1.344,61.28,1,61.28,3.7417,451,15,0.0667,2010-10-06,2010-10-06,,Insufficient History,2,"Mid-Value, Unreliable, Lapsed",High Risk
13819,4,1,3,25.0,Likely to Exit,218.04,2.0965,2631.1,7,375.87,2.5182,323,25,0.28,2009-12-01,2011-02-11,,Insufficient History,1,"Mid-Value, Unreliable, Recent",High Risk
13820,3,2,1,66.67,Likely to Stay,277.24,2.9811,640.4,5,128.08,2.7079,440,24,0.2083,2010-01-28,2010-10-17,,Insufficient History,2,"Mid-Value, Unreliable, Lapsed",Low Risk
13821,4,3,1,75.0,Likely to Stay,748.66,3.565,1387.03,7,198.15,2.675,166,24,0.2917,2010-01-04,2011-07-18,0.0,Declining,1,"Mid-Value, Unreliable, Recent",Low Risk
13822,2,1,1,50.0,At Risk,171.89,1.7905,632.0,2,316.0,0.9213,27,3,0.6667,2011-10-30,2011-12-04,,Insufficient History,1,"Mid-Value, Unreliable, Recent",Medium Risk
13823,7,5,2,71.43,Likely to Stay,802.69,4.8355,3358.55,8,419.82,1.7007,40,25,0.32,2009-12-15,2011-11-21,0.472,Declining,0,"High-Value, Reliable, Recent",Low Risk
13824,12,0,12,0.0,Likely to Exit,307.98,2.9613,3273.36,14,233.81,1.194,54,22,0.6364,2010-03-12,2011-11-07,1.367,Increasing,0,"High-Value, Reliable, Recent",High Risk
13825,2,0,2,0.0,Likely to Exit,110.3,2.7575,255.59,2,127.8,3.4184,643,25,0.08,2009-12-09,2010-03-28,,Insufficient History,2,"Mid-Value, Unreliable, Lapsed",High Risk
13826,2,0,2,0.0,Likely to Exit,72.15,6.0125,174.65,2,87.33,2.4495,180,7,0.2857,2011-06-16,2011-07-04,-0.0,Declining,1,"Mid-Value, Unreliable, Recent",High Risk
13827,2,1,1,50.0,At Risk,348.21,3.7442,412.05,3,137.35,1.6231,79,6,0.5,2011-07-19,2011-10-13,0.37,Declining,1,"Mid-Value, Unreliable, Recent",Medium Risk
13828,1,0,1,0.0,Likely to Exit,28.57,1.9047,209.49,1,209.49,1.0,44,2,0.5,2011-11-17,2011-11-17,,Insufficient History,1,"Mid-Value, Unreliable, Recent",High Risk
13829,2,0,2,0.0,Likely to Exit,17.0,8.5,0.0,2,0.0,3.7417,381,15,0.1333,2010-10-14,2010-12-15,,Insufficient History,3,"Low-Value, Reliable, Lapsed",High Risk
13830,1,0,1,0.0,Likely to Exit,99.85,7.6808,135.95,2,67.98,4.3589,596,20,0.1,2010-05-07,2010-05-14,,Insufficient History,2,"Mid-Value, Unreliable, Lapsed",High Risk
13831,13,4,9,30.77,Likely to Exit,854.48,4.4737,7009.18,20,350.46,1.2884,38,25,0.8,2009-12-10,2011-11-23,0.584,Declining,0,"High-Value, Reliable, Recent",Medium Risk
13832,2,1,1,50.0,At Risk,152.24,2.6248,602.44,3,200.81,3.4154,39,15,0.2,2010-10-13,2011-11-22,,Insufficient History,1,"Mid-Value, Unreliable, Recent",Medium Risk
13833,2,1,1,50.0,At Risk,207.34,4.6076,701.36,2,350.68,2.5634,181,15,0.1333,2010-10-31,2011-07-03,0.0,Declining,1,"Mid-Value, Unreliable, Recent",Medium Risk
13834,3,0,3,0.0,Likely to Exit,153.19,7.2948,247.89,3,82.63,3.5035,598,25,0.12,2009-12-17,2010-05-12,,Insufficient History,2,"Mid-Value, Unreliable, Lapsed",High Risk
13835,7,0,7,0.0,Likely to Exit,283.33,3.8812,1044.82,8,130.6,1.8537,47,22,0.3636,2010-03-04,2011-11-14,1.423,Increasing,1,"Mid-Value, Unreliable, Recent",High Risk
13836,2,0,2,0.0,Likely to Exit,140.36,4.2533,602.52,3,200.84,2.5513,421,15,0.2,2010-10-21,2010-11-05,,Insufficient History,2,"Mid-Value, Unreliable, Lapsed",High Risk
13837,2,0,2,0.0,Likely to Exit,41.76,2.1979,271.24,2,135.62,2.2708,233,12,0.1667,2011-01-26,2011-05-12,,Insufficient History,1,"Mid-Value, Unreliable, Recent",High Risk
13838,5,5,0,100.0,Very Loyal,1474.55,3.124,1966.09,10,196.61,2.0697,27,20,0.5,2010-05-09,2011-12-04,0.878,Declining,0,"High-Value, Reliable, Recent",Low Risk
13839,1,0,1,0.0,Likely to Exit,39.45,5.6357,139.95,1,139.95,4.0,508,17,0.0588,2010-08-10,2010-08-10,,Insufficient History,2,"Mid-Value, Unreliable, Lapsed",High Risk
13840,1,1,0,100.0,Very Loyal,114.98,2.8745,651.4,1,651.4,3.7417,438,15,0.0667,2010-10-19,2010-10-19,,Insufficient History,2,"Mid-Value, Unreliable, Lapsed",Low Risk
13841,1,0,1,0.0,Likely to Exit,0.85,0.85,85.0,1,85.0,2.8284,274,9,0.1111,2011-04-01,2011-04-01,,Insufficient History,2,"Mid-Value, Unreliable, Lapsed",High Risk
13842,15,6,9,40.0,At Risk,1481.26,4.1376,5604.96,19,295.0,0.9061,80,23,0.8261,2010-02-16,2011-10-12,0.596,Declining,0,"High-Value, Reliable, Recent",Medium Risk
13843,1,0,1,0.0,Likely to Exit,70.5,3.9167,319.75,1,319.75,3.6056,403,14,0.0714,2010-11-23,2010-11-23,,Insufficient History,2,"Mid-Value, Unreliable, Lapsed",High Risk
13844,1,0,1,0.0,Likely to Exit,49.21,2.4605,361.62,1,361.62,1.0,33,2,0.5,2011-11-28,2011-11-28,,Insufficient History,1,"Mid-Value, Unreliable, Recent",High Risk
13845,1,0,1,0.0,Likely to Exit,17.59,1.9544,312.98,1,312.98,1.4142,86,3,0.3333,2011-10-06,2011-10-06,,Insufficient History,1,"Mid-Value, Unreliable, Recent",High Risk
13846,4,0,4,0.0,Likely to Exit,269.19,3.2046,1290.34,5,258.07,1.6861,46,14,0.3571,2010-11-05,2011-11-15,,Insufficient History,1,"Mid-Value, Unreliable, Recent",High Risk
13847,1,1,0,100.0,Very Loyal,112.69,5.9311,310.72,1,310.72,4.899,741,25,0.04,2009-12-20,2009-12-20,,Insufficient History,2,"Mid-Value, Unreliable, Lapsed",Low Risk
13848,8,0,8,0.0,Likely to Exit,4.23,0.3845,3335.0,8,416.88,1.5619,114,25,0.32,2009-12-09,2011-09-08,0.0,Declining,0,"High-Value, Reliable, Recent",High Risk
13849,5,3,2,60.0,Likely to Stay,816.93,3.6965,3443.8,6,573.97,1.9369,73,22,0.2727,2010-03-25,2011-10-19,,Insufficient History,0,"High-Value, Reliable, Recent",Low Risk
13850,2,1,1,50.0,At Risk,227.82,2.4236,1586.81,2,793.41,2.0,110,5,0.4,2011-08-02,2011-09-12,,Insufficient History,1,"Mid-Value, Unreliable, Recent",Medium Risk
13851,6,1,5,16.67,Likely to Exit,388.1,2.7525,4516.76,9,501.86,2.1771,117,24,0.375,2010-01-29,2011-09-05,0.0,Declining,0,"High-Value, Reliable, Recent",High Risk
13852,1,0,1,0.0,Likely to Exit,48.35,3.7192,170.45,2,85.23,4.4721,628,21,0.0952,2010-04-08,2010-04-12,,Insufficient History,2,"Mid-Value, Unreliable, Lapsed",High Risk
13853,2,1,1,50.0,At Risk,108.71,4.5296,1056.94,2,528.47,1.4142,30,3,0.6667,2011-10-13,2011-12-01,,Insufficient History,1,"Mid-Value, Unreliable, Recent",Medium Risk
13854,22,0,22,0.0,Likely to Exit,818.61,4.3776,12158.21,45,270.18,0.6238,30,24,1.875,2010-01-08,2011-12-01,0.83,Declining,0,"High-Value, Reliable, Recent",High Risk
13855,4,1,3,25.0,Likely to Exit,243.74,3.1655,1253.94,5,250.79,3.3105,522,25,0.2,2009-12-08,2010-07-27,,Insufficient History,2,"Mid-Value, Unreliable, Lapsed",High Risk
13856,8,0,8,0.0,Likely to Exit,231.82,3.739,1058.88,15,70.59,1.5712,190,22,0.6818,2010-03-30,2011-06-24,,Insufficient History,1,"Mid-Value, Unreliable, Recent",High Risk
13857,5,0,5,0.0,Likely to Exit,276.84,2.146,997.11,7,142.44,1.782,415,20,0.35,2010-05-17,2010-11-11,,Insufficient History,1,"Mid-Value, Unreliable, Recent",High Risk
13858,1,0,1,0.0,Likely to Exit,47.69,4.3355,216.17,1,216.17,1.4142,79,3,0.3333,2011-10-13,2011-10-13,,Insufficient History,1,"Mid-Value, Unreliable, Recent",High Risk
13859,2,0,2,0.0,Likely to Exit,156.76,4.3544,515.86,2,257.93,2.9934,348,19,0.1053,2010-06-28,2011-01-17,,Insufficient History,2,"Mid-Value, Unreliable, Lapsed",High Risk
13860,4,0,4,0.0,Likely to Exit,270.06,3.5073,1240.0,6,206.67,0.2206,23,4,1.5,2011-09-14,2011-12-08,,Insufficient History,1,"Mid-Value, Unreliable, Recent",High Risk
13861,3,0,3,0.0,Likely to Exit,68.34,2.9713,251.31,3,83.77,2.9213,451,19,0.1579,2010-06-27,2010-10-06,,Insufficient History,2,"Mid-Value, Unreliable, Lapsed",High Risk
13862,9,0,9,0.0,Likely to Exit,288.46,1.7697,2534.04,11,230.37,0.8362,40,14,0.7857,2010-11-15,2011-11-21,0.128,Declining,0,"High-Value, Reliable, Recent",High Risk
13863,5,1,4,20.0,Likely to Exit,324.84,4.3897,1217.63,6,202.94,2.063,267,21,0.2857,2010-04-25,2011-04-08,,Insufficient History,1,"Mid-Value, Unreliable, Recent",High Risk
13864,1,0,1,0.0,Likely to Exit,3.45,3.45,662.4,1,662.4,3.6056,408,14,0.0714,2010-11-18,2010-11-18,,Insufficient History,2,"Mid-Value, Unreliable, Lapsed",High Risk
13865,4,0,4,0.0,Likely to Exit,117.07,3.9023,501.56,4,125.39,1.3524,80,11,0.3636,2011-02-23,2011-10-12,1.173,Increasing,1,"Mid-Value, Unreliable, Recent",High Risk
13866,1,0,1,0.0,Likely to Exit,23.63,3.3757,145.67,1,145.67,1.7321,96,4,0.25,2011-09-26,2011-09-26,,Insufficient History,1,"Mid-Value, Unreliable, Recent",High Risk
13867,3,1,2,33.33,Likely to Exit,240.59,3.9441,1015.29,3,338.43,1.4609,53,8,0.375,2011-05-05,2011-11-08,0.931,Stable,1,"Mid-Value, Unreliable, Recent",Medium Risk
13868,2,0,2,0.0,Likely to Exit,61.19,1.8542,3192.54,2,1596.27,0.682,29,2,1.0,2011-11-01,2011-12-02,,Insufficient History,1,"Mid-Value, Unreliable, Recent",High Risk
13869,10,8,2,80.0,Very Loyal,2569.21,2.9875,8111.57,10,811.16,1.388,145,24,0.4167,2010-01-17,2011-08-08,0.0,Declining,0,"High-Value, Reliable, Recent",Low Risk
13870,13,0,13,0.0,Likely to Exit,600.55,2.4512,5689.84,18,316.1,1.0779,24,23,0.7826,2010-02-08,2011-12-07,0.459,Declining,0,"High-Value, Reliable, Recent",High Risk
13871,15,8,7,53.33,At Risk,1501.7,3.6716,7804.95,21,371.66,1.0479,44,25,0.84,2009-12-20,2011-11-17,1.127,Increasing,0,"High-Value, Reliable, Recent",Medium Risk
13872,4,1,3,25.0,Likely to Exit,265.99,4.3605,891.32,6,148.55,2.7422,535,25,0.24,2009-12-08,2010-07-14,,Insufficient History,2,"Mid-Value, Unreliable, Lapsed",High Risk
13873,7,0,7,0.0,Likely to Exit,280.28,4.5948,1031.02,9,114.56,1.5839,141,22,0.4091,2010-03-03,2011-08-12,0.0,Declining,1,"Mid-Value, Unreliable, Recent",High Risk
13874,7,0,7,0.0,Likely to Exit,277.63,3.8032,1989.2,10,198.92,2.0184,380,25,0.4,2009-12-11,2010-12-16,,Insufficient History,1,"Mid-Value, Unreliable, Recent",High Risk
13875,13,1,12,7.69,Likely to Exit,904.31,3.3493,4814.37,14,343.88,1.0395,75,25,0.56,2009-12-17,2011-10-17,1.014,Stable,0,"High-Value, Reliable, Recent",High Risk
13876,1,0,1,0.0,Likely to Exit,35.8,5.1143,122.7,1,122.7,1.4142,85,3,0.3333,2011-10-07,2011-10-07,,Insufficient History,1,"Mid-Value, Unreliable, Recent",High Risk
13877,5,0,5,0.0,Likely to Exit,58.71,2.3484,446.33,5,89.27,2.6871,108,24,0.2083,2010-01-19,2011-09-14,0.0,Declining,1,"Mid-Value, Unreliable, Recent",High Risk
13878,4,3,1,75.0,Likely to Stay,473.63,4.4264,2473.06,4,618.27,2.5768,76,21,0.1905,2010-04-14,2011-10-16,,Insufficient History,0,"High-Value, Reliable, Recent",Low Risk
13879,1,0,1,0.0,Likely to Exit,81.81,3.2724,395.5,1,395.5,4.5826,667,22,0.0455,2010-03-04,2010-03-04,,Insufficient History,2,"Mid-Value, Unreliable, Lapsed",High Risk
13880,14,0,14,0.0,Likely to Exit,579.4,2.5301,4391.66,17,258.33,0.8978,43,20,0.85,2010-05-26,2011-11-18,0.619,Declining,0,"High-Value, Reliable, Recent",High Risk
13881,20,6,14,30.0,Likely to Exit,1316.38,2.8188,44392.5,51,870.44,0.8811,25,22,2.3182,2010-03-04,2011-12-06,1.628,Increasing,0,"High-Value, Reliable, Recent",Medium Risk
13882,3,1,2,33.33,Likely to Exit,239.77,3.6329,1131.28,6,188.55,0.5249,24,3,2.0,2011-10-06,2011-12-07,,Insufficient History,1,"Mid-Value, Unreliable, Recent",Medium Risk
13883,14,4,10,28.57,Likely to Exit,1102.68,3.2818,6342.74,26,243.95,1.6253,23,25,1.04,2009-12-08,2011-12-08,,Insufficient History,0,"High-Value, Reliable, Recent",High Risk
13884,5,3,2,60.0,Likely to Stay,679.72,3.5037,1852.38,14,132.31,1.94,29,17,0.8235,2010-08-26,2011-12-02,0.718,Declining,0,"High-Value, Reliable, Recent",Low Risk
13885,2,0,2,0.0,Likely to Exit,110.9,3.9607,506.8,2,253.4,2.0793,211,8,0.25,2011-05-23,2011-06-03,,Insufficient History,1,"Mid-Value, Unreliable, Recent",High Risk
13886,1,0,1,0.0,Likely to Exit,60.88,3.805,243.56,1,243.56,1.7321,93,4,0.25,2011-09-29,2011-09-29,,Insufficient History,1,"Mid-Value, Unreliable, Recent",High Risk
13887,1,0,1,0.0,Likely to Exit,73.23,3.8542,349.55,1,349.55,2.6458,226,8,0.125,2011-05-19,2011-05-19,,Insufficient History,1,"Mid-Value, Unreliable, Recent",High Risk
13888,5,3,2,60.0,Likely to Stay,744.13,4.0442,2169.05,7,309.86,1.9339,141,20,0.35,2010-05-13,2011-08-12,0.0,Declining,0,"High-Value, Reliable, Recent",Low Risk
13889,7,0,7,0.0,Likely to Exit,280.57,3.1174,1855.73,8,231.97,1.8584,114,24,0.3333,2010-01-22,2011-09-08,0.0,Declining,1,"Mid-Value, Unreliable, Recent",High Risk
13890,11,1,10,9.09,Likely to Exit,599.88,3.278,2858.73,22,129.94,1.6479,23,25,0.88,2009-12-06,2011-12-08,4.392,Increasing,0,"High-Value, Reliable, Recent",High Risk
13891,3,2,1,66.67,Likely to Stay,256.75,2.5675,863.56,3,287.85,2.6668,400,20,0.15,2010-05-06,2010-11-26,,Insufficient History,2,"Mid-Value, Unreliable, Lapsed",Low Risk
13892,5,0,5,0.0,Likely to Exit,34.88,0.9689,1267.65,6,211.28,2.4487,48,20,0.3,2010-05-13,2011-11-13,,Insufficient History,1,"Mid-Value, Unreliable, Recent",High Risk
13893,1,1,0,100.0,Very Loyal,130.2,6.2,821.1,1,821.1,3.1623,319,11,0.0909,2011-02-15,2011-02-15,,Insufficient History,2,"Mid-Value, Unreliable, Lapsed",Low Risk
13894,2,0,2,0.0,Likely to Exit,78.76,2.6253,535.97,5,107.19,2.3491,44,11,0.4545,2011-02-02,2011-11-17,,Insufficient History,1,"Mid-Value, Unreliable, Recent",High Risk
13895,6,4,2,66.67,Likely to Stay,794.18,4.2244,3923.62,8,490.45,1.8739,43,25,0.32,2009-12-03,2011-11-18,2.975,Increasing,0,"High-Value, Reliable, Recent",Low Risk
13896,1,0,1,0.0,Likely to Exit,68.15,3.2452,388.55,1,388.55,4.5826,647,22,0.0455,2010-03-24,2010-03-24,,Insufficient History,2,"Mid-Value, Unreliable, Lapsed",High Risk
13897,3,0,3,0.0,Likely to Exit,131.81,2.2341,1160.72,3,386.91,2.6968,72,24,0.125,2010-01-31,2011-10-20,,Insufficient History,1,"Mid-Value, Unreliable, Recent",High Risk
13898,2,0,2,0.0,Likely to Exit,93.38,2.03,686.4,2,343.2,2.9552,347,15,0.1333,2010-10-24,2011-01-18,,Insufficient History,2,"Mid-Value, Unreliable, Lapsed",High Risk
13899,2,0,2,0.0,Likely to Exit,57.59,3.0311,388.52,2,194.26,2.3323,38,10,0.2,2011-03-10,2011-11-23,,Insufficient History,1,"Mid-Value, Unreliable, Recent",High Risk
13900,6,0,6,0.0,Likely to Exit,277.89,2.8947,1608.09,7,229.73,1.8524,205,22,0.3182,2010-03-25,2011-06-09,,Insufficient History,1,"Mid-Value, Unreliable, Recent",High Risk
13901,13,5,8,38.46,Likely to Exit,1196.33,3.762,5599.34,20,279.97,1.4439,94,24,0.8333,2010-01-05,2011-09-28,0.0,Declining,0,"High-Value, Reliable, Recent",Medium Risk
13902,4,0,4,0.0,Likely to Exit,81.25,1.2127,30411.26,8,3801.41,3.0835,654,25,0.32,2009-12-08,2010-03-17,,Insufficient History,0,"High-Value, Reliable, Recent",High Risk
13903,1,0,1,0.0,Likely to Exit,31.8,3.18,165.45,1,165.45,3.6056,422,14,0.0714,2010-11-04,2010-11-04,,Insufficient History,2,"Mid-Value, Unreliable, Lapsed",High Risk
13904,2,0,2,0.0,Likely to Exit,34.42,1.3238,332.64,2,166.32,2.1773,59,11,0.1818,2011-02-18,2011-11-02,,Insufficient History,1,"Mid-Value, Unreliable, Recent",High Risk
13905,3,0,3,0.0,Likely to Exit,78.7,5.2467,244.45,3,81.48,4.899,593,25,0.12,2009-12-07,2010-05-17,,Insufficient History,2,"Mid-Value, Unreliable, Lapsed",High Risk
13906,1,0,1,0.0,Likely to Exit,0.42,0.42,42.0,1,42.0,3.7417,431,15,0.0667,2010-10-26,2010-10-26,,Insufficient History,2,"Mid-Value, Unreliable, Lapsed",High Risk
13907,1,0,1,0.0,Likely to Exit,8.45,2.1125,136.8,1,136.8,4.7958,713,24,0.0417,2010-01-17,2010-01-17,,Insufficient History,2,"Mid-Value, Unreliable, Lapsed",High Risk
13908,4,2,2,50.0,At Risk,360.74,2.863,2347.05,5,469.41,1.347,101,10,0.5,2011-03-08,2011-09-21,0.0,Declining,0,"High-Value, Reliable, Recent",Medium Risk
13909,2,0,2,0.0,Likely to Exit,136.73,3.5059,286.6,2,143.3,2.9012,445,18,0.1111,2010-07-06,2010-10-12,,Insufficient History,2,"Mid-Value, Unreliable, Lapsed",High Risk
13910,1,1,0,100.0,Very Loyal,127.66,127.66,-127.66,1,-127.66,0.0,465,16,0.0625,2010-09-22,2010-09-22,,Insufficient History,3,"Low-Value, Reliable, Lapsed",Low Risk
13911,12,0,12,0.0,Likely to Exit,556.13,2.2981,4200.04,22,190.91,1.167,79,22,1.0,2010-03-01,2011-10-13,0.195,Declining,0,"High-Value, Reliable, Recent",High Risk
13912,1,0,1,0.0,Likely to Exit,34.65,4.95,124.95,1,124.95,3.7417,445,15,0.0667,2010-10-12,2010-10-12,,Insufficient History,2,"Mid-Value, Unreliable, Lapsed",High Risk
13913,1,0,1,0.0,Likely to Exit,30.39,10.13,42.22,1,42.22,4.1231,528,18,0.0556,2010-07-21,2010-07-21,,Insufficient History,2,"Mid-Value, Unreliable, Lapsed",High Risk
13914,2,0,2,0.0,Likely to Exit,96.72,2.8447,613.95,3,204.65,1.0,25,2,1.5,2011-11-03,2011-12-06,,Insufficient History,1,"Mid-Value, Unreliable, Recent",High Risk
13915,2,0,2,0.0,Likely to Exit,15.8,3.95,31.2,2,15.6,4.899,416,25,0.08,2009-12-08,2010-11-10,,Insufficient History,2,"Mid-Value, Unreliable, Lapsed",High Risk
13916,4,1,3,25.0,Likely to Exit,384.87,5.1316,1260.51,5,252.1,2.789,485,25,0.2,2009-12-01,2010-09-02,,Insufficient History,2,"Mid-Value, Unreliable, Lapsed",High Risk
13917,2,0,2,0.0,Likely to Exit,36.4,2.0222,272.04,2,136.02,1.8558,71,7,0.2857,2011-06-01,2011-10-21,,Insufficient History,1,"Mid-Value, Unreliable, Recent",High Risk
13918,2,0,2,0.0,Likely to Exit,65.56,2.1853,1212.84,2,606.42,2.5031,71,10,0.2,2011-03-31,2011-10-21,,Insufficient History,1,"Mid-Value, Unreliable, Recent",High Risk
13919,4,0,4,0.0,Likely to Exit,231.5,2.8232,1326.03,5,265.21,2.2357,75,19,0.2632,2010-06-17,2011-10-17,0.643,Declining,1,"Mid-Value, Unreliable, Recent",High Risk
13920,5,0,5,0.0,Likely to Exit,239.59,2.7226,1734.88,5,346.98,2.0545,453,20,0.25,2010-05-26,2010-10-04,,Insufficient History,1,"Mid-Value, Unreliable, Recent",High Risk
13921,4,0,4,0.0,Likely to Exit,247.1,5.4911,720.75,5,144.15,2.3972,421,25,0.2,2009-12-18,2010-11-05,,Insufficient History,1,"Mid-Value, Unreliable, Recent",High Risk
13922,4,0,4,0.0,Likely to Exit,104.22,3.1582,824.7,5,164.94,2.3224,373,17,0.2941,2010-08-29,2010-12-23,,Insufficient History,1,"Mid-Value, Unreliable, Recent",High Risk
13923,1,0,1,0.0,Likely to Exit,59.49,2.9745,351.13,1,351.13,1.4142,75,3,0.3333,2011-10-17,2011-10-17,,Insufficient History,1,"Mid-Value, Unreliable, Recent",High Risk
13924,4,3,1,75.0,Likely to Stay,386.22,2.8191,1682.08,11,152.92,0.3491,23,4,2.75,2011-09-28,2011-12-08,,Insufficient History,0,"High-Value, Reliable, Recent",Low Risk
13925,4,2,2,50.0,At Risk,304.09,6.7576,616.65,6,102.77,1.2218,58,6,1.0,2011-07-28,2011-11-03,-0.02,Declining,1,"Mid-Value, Unreliable, Recent",Medium Risk
13926,1,0,1,0.0,Likely to Exit,71.87,6.5336,223.85,1,223.85,1.0,45,2,0.5,2011-11-16,2011-11-16,,Insufficient History,1,"Mid-Value, Unreliable, Recent",High Risk
13927,3,0,3,0.0,Likely to Exit,121.8,2.7682,689.96,3,229.99,2.6461,96,16,0.1875,2010-09-28,2011-09-26,0.0,Declining,1,"Mid-Value, Unreliable, Recent",High Risk
13928,3,0,3,0.0,Likely to Exit,155.72,5.7674,464.57,4,116.14,1.1402,32,6,0.6667,2011-07-29,2011-11-29,1.061,Stable,1,"Mid-Value, Unreliable, Recent",High Risk
13929,9,0,9,0.0,Likely to Exit,238.55,3.9758,3318.1,14,237.01,1.4754,191,24,0.5833,2010-01-14,2011-06-23,,Insufficient History,0,"High-Value, Reliable, Recent",High Risk
13930,2,0,2,0.0,Likely to Exit,27.89,1.6406,337.34,2,168.67,1.4765,79,6,0.3333,2011-07-26,2011-10-13,0.606,Declining,1,"Mid-Value, Unreliable, Recent",High Risk
13931,7,2,5,28.57,Likely to Exit,645.69,2.3739,5250.78,12,437.56,1.921,107,25,0.48,2009-12-03,2011-09-15,0.0,Declining,0,"High-Value, Reliable, Recent",High Risk
13932,1,0,1,0.0,Likely to Exit,97.65,6.1031,307.4,1,307.4,3.1623,316,11,0.0909,2011-02-18,2011-02-18,,Insufficient History,2,"Mid-Value, Unreliable, Lapsed",High Risk
13933,2,0,2,0.0,Likely to Exit,79.59,3.4604,608.79,2,304.39,1.4143,131,6,0.3333,2011-07-14,2011-08-22,0.0,Declining,1,"Mid-Value, Unreliable, Recent",High Risk
13934,1,0,1,0.0,Likely to Exit,98.8,3.1871,922.1,1,922.1,3.0,285,10,0.1,2011-03-21,2011-03-21,,Insufficient History,2,"Mid-Value, Unreliable, Lapsed",High Risk
13935,3,2,1,66.67,Likely to Stay,315.14,3.9392,6116.92,3,2038.97,3.0691,618,23,0.1304,2010-02-25,2010-04-22,,Insufficient History,2,"Mid-Value, Unreliable, Lapsed",Low Risk
13936,3,0,3,0.0,Likely to Exit,138.1,2.3017,924.36,4,231.09,2.1557,193,15,0.2667,2010-10-21,2011-06-21,,Insufficient History,1,"Mid-Value, Unreliable, Recent",High Risk
13937,2,1,1,50.0,At Risk,145.71,2.6493,867.38,3,289.13,2.9763,191,14,0.2143,2010-11-02,2011-06-23,,Insufficient History,1,"Mid-Value, Unreliable, Recent",Medium Risk
13938,1,0,1,0.0,Likely to Exit,7.09,1.0129,71.66,1,71.66,1.0,57,2,0.5,2011-11-04,2011-11-04,,Insufficient History,1,"Mid-Value, Unreliable, Recent",High Risk
13939,6,0,6,0.0,Likely to Exit,207.66,1.8377,1533.66,10,153.37,1.8465,45,21,0.4762,2010-04-06,2011-11-16,0.867,Declining,1,"Mid-Value, Unreliable, Recent",High Risk
13940,4,0,4,0.0,Likely to Exit,152.95,3.1214,839.14,4,209.78,0.7184,39,6,0.6667,2011-07-18,2011-11-22,1.146,Increasing,1,"Mid-Value, Unreliable, Recent",High Risk
13941,13,0,13,0.0,Likely to Exit,353.38,3.272,10846.15,17,638.01,1.2832,43,25,0.68,2009-12-16,2011-11-18,1.388,Increasing,0,"High-Value, Reliable, Recent",High Risk
13942,1,0,1,0.0,Likely to Exit,0.32,0.32,320.0,1,320.0,4.2426,556,19,0.0526,2010-06-23,2010-06-23,,Insufficient History,2,"Mid-Value, Unreliable, Lapsed",High Risk
13943,1,0,1,0.0,Likely to Exit,66.08,4.4053,246.54,1,246.54,4.3589,599,20,0.05,2010-05-11,2010-05-11,,Insufficient History,2,"Mid-Value, Unreliable, Lapsed",High Risk
13944,1,0,1,0.0,Likely to Exit,63.68,1.8194,200.43,1,200.43,4.6904,675,23,0.0435,2010-02-24,2010-02-24,,Insufficient History,2,"Mid-Value, Unreliable, Lapsed",High Risk
13945,2,0,2,0.0,Likely to Exit,171.85,3.3696,854.15,2,427.07,2.8046,416,17,0.1176,2010-08-17,2010-11-10,,Insufficient History,2,"Mid-Value, Unreliable, Lapsed",High Risk
13946,7,0,7,0.0,Likely to Exit,113.98,1.9996,1745.43,7,249.35,2.0667,101,25,0.28,2009-12-04,2011-09-21,0.0,Declining,1,"Mid-Value, Unreliable, Recent",High Risk
13947,1,0,1,0.0,Likely to Exit,14.65,2.93,90.6,1,90.6,1.4142,87,3,0.3333,2011-10-05,2011-10-05,,Insufficient History,1,"Mid-Value, Unreliable, Recent",High Risk
13948,4,0,4,0.0,Likely to Exit,90.39,3.6156,536.86,5,107.37,2.3757,382,25,0.2,2009-12-04,2010-12-14,,Insufficient History,1,"Mid-Value, Unreliable, Recent",High Risk
13949,4,0,4,0.0,Likely to Exit,233.06,1.4566,2427.32,6,404.55,0.3669,24,4,1.5,2011-09-06,2011-12-07,,Insufficient History,0,"High-Value, Reliable, Recent",High Risk
13950,3,0,3,0.0,Likely to Exit,168.89,4.6914,728.56,5,145.71,1.6547,33,9,0.5556,2011-04-07,2011-11-28,2.805,Increasing,1,"Mid-Value, Unreliable, Recent",High Risk
13951,3,0,3,0.0,Likely to Exit,136.08,3.4892,674.45,3,224.82,1.7107,198,11,0.2727,2011-02-18,2011-06-16,,Insufficient History,1,"Mid-Value, Unreliable, Recent",High Risk
13952,11,9,2,81.82,Very Loyal,1555.67,3.7668,12790.89,17,752.41,1.3893,233,25,0.68,2009-12-16,2011-05-12,,Insufficient History,0,"High-Value, Reliable, Recent",Low Risk
13953,12,0,12,0.0,Likely to Exit,52.11,2.0844,6640.68,12,553.39,1.1254,29,25,0.48,2009-12-11,2011-12-02,2.572,Increasing,0,"High-Value, Reliable, Recent",High Risk
13954,3,0,3,0.0,Likely to Exit,181.86,6.062,378.59,3,126.2,1.0011,23,4,0.75,2011-09-30,2011-12-08,,Insufficient History,1,"Mid-Value, Unreliable, Recent",High Risk
13955,3,1,2,33.33,Likely to Exit,256.16,2.9444,545.17,3,181.72,1.9904,176,14,0.2143,2010-11-29,2011-07-08,0.0,Declining,1,"Mid-Value, Unreliable, Recent",Medium Risk
13956,5,1,4,20.0,Likely to Exit,520.25,3.4227,1026.42,5,205.28,1.1899,27,10,0.5,2011-03-13,2011-12-04,0.895,Declining,1,"Mid-Value, Unreliable, Recent",High Risk
13957,3,0,3,0.0,Likely to Exit,141.5,5.2407,458.25,3,152.75,2.6793,439,23,0.1304,2010-02-19,2010-10-18,,Insufficient History,2,"Mid-Value, Unreliable, Lapsed",High Risk
13958,6,5,1,83.33,Very Loyal,1084.59,4.3384,4402.33,12,366.86,2.3772,394,25,0.48,2009-12-05,2010-12-02,,Insufficient History,0,"High-Value, Reliable, Recent",Low Risk
13959,6,1,5,16.67,Likely to Exit,390.11,2.3933,1076.18,6,179.36,1.6455,101,18,0.3333,2010-07-16,2011-09-21,0.0,Declining,1,"Mid-Value, Unreliable, Recent",High Risk
13960,2,0,2,0.0,Likely to Exit,25.26,2.105,230.22,2,115.11,1.0127,43,4,0.5,2011-09-29,2011-11-18,,Insufficient History,1,"Mid-Value, Unreliable, Recent",High Risk
13961,1,0,1,0.0,Likely to Exit,76.15,3.6262,498.7,2,249.35,3.6056,407,14,0.1429,2010-11-12,2010-11-19,,Insufficient History,2,"Mid-Value, Unreliable, Lapsed",High Risk
13962,3,0,3,0.0,Likely to Exit,136.06,5.9157,362.8,3,120.93,2.3556,43,16,0.1875,2010-09-30,2011-11-18,,Insufficient History,1,"Mid-Value, Unreliable, Recent",High Risk
13963,11,1,10,9.09,Likely to Exit,676.2,3.842,2899.62,18,161.09,1.1171,330,21,0.8571,2010-04-21,2011-02-04,,Insufficient History,0,"High-Value, Reliable, Recent",High Risk
13964,2,0,2,0.0,Likely to Exit,77.68,3.1072,421.9,3,140.63,2.7672,409,15,0.2,2010-10-05,2010-11-17,,Insufficient History,2,"Mid-Value, Unreliable, Lapsed",High Risk
13965,4,0,4,0.0,Likely to Exit,120.01,4.2861,777.66,5,155.53,3.0626,477,24,0.2083,2010-01-05,2010-09-10,,Insufficient History,2,"Mid-Value, Unreliable, Lapsed",High Risk
13966,1,0,1,0.0,Likely to Exit,34.17,1.5532,390.86,1,390.86,3.873,457,16,0.0625,2010-09-30,2010-09-30,,Insufficient History,2,"Mid-Value, Unreliable, Lapsed",High Risk
13967,2,0,2,0.0,Likely to Exit,28.1,4.6833,166.3,2,83.15,2.4507,167,14,0.1429,2010-11-08,2011-07-17,0.0,Declining,1,"Mid-Value, Unreliable, Recent",High Risk
13968,1,0,1,0.0,Likely to Exit,8.01,1.0012,123.66,1,123.66,3.7417,445,15,0.0667,2010-10-12,2010-10-12,,Insufficient History,2,"Mid-Value, Unreliable, Lapsed",High Risk
13969,20,7,13,35.0,Likely to Exit,3049.57,2.735,13212.77,39,338.79,0.9077,29,22,1.7727,2010-03-25,2011-12-02,3.729,Increasing,0,"High-Value, Reliable, Recent",Medium Risk
13970,2,0,2,0.0,Likely to Exit,42.33,3.2562,846.55,2,423.27,2.7947,408,16,0.125,2010-09-28,2010-11-18,,Insufficient History,2,"Mid-Value, Unreliable, Lapsed",High Risk
13971,14,0,14,0.0,Likely to Exit,629.31,2.3748,4593.83,18,255.21,1.0034,30,24,0.75,2010-01-26,2011-12-01,1.084,Stable,0,"High-Value, Reliable, Recent",High Risk
13972,2,0,2,0.0,Likely to Exit,38.19,2.546,190.25,2,95.13,2.0346,92,8,0.25,2011-05-22,2011-09-30,0.0,Declining,1,"Mid-Value, Unreliable, Recent",High Risk
13973,1,0,1,0.0,Likely to Exit,41.32,3.7564,264.7,1,264.7,3.1623,309,11,0.0909,2011-02-25,2011-02-25,,Insufficient History,2,"Mid-Value, Unreliable, Lapsed",High Risk
13974,2,0,2,0.0,Likely to Exit,129.85,2.8856,663.52,4,165.88,3.08,71,20,0.2,2010-05-06,2011-10-21,,Insufficient History,1,"Mid-Value, Unreliable, Recent",High Risk
13975,10,7,3,70.0,Likely to Stay,1520.91,2.0145,5327.29,14,380.52,1.3466,53,23,0.6087,2010-02-02,2011-11-08,1.919,Increasing,0,"High-Value, Reliable, Recent",Low Risk
13976,4,0,4,0.0,Likely to Exit,260.8,4.6571,1192.36,4,298.09,2.2008,228,23,0.1739,2010-02-09,2011-05-17,,Insufficient History,1,"Mid-Value, Unreliable, Recent",High Risk
13977,1,0,1,0.0,Likely to Exit,32.66,2.5123,519.81,1,519.81,3.7417,433,15,0.0667,2010-10-24,2010-10-24,,Insufficient History,2,"Mid-Value, Unreliable, Lapsed",High Risk
13978,2,0,2,0.0,Likely to Exit,18.16,1.2107,196.79,2,98.39,1.0339,36,3,0.6667,2011-10-25,2011-11-25,,Insufficient History,1,"Mid-Value, Unreliable, Recent",High Risk
13979,5,2,3,40.0,At Risk,1063.97,2.5825,3326.83,11,302.44,2.3113,95,25,0.44,2009-12-03,2011-09-27,0.0,Declining,0,"High-Value, Reliable, Recent",Medium Risk
13980,5,1,4,20.0,Likely to Exit,274.91,3.9842,753.12,9,83.68,2.3529,82,23,0.3913,2010-02-21,2011-10-10,,Insufficient History,1,"Mid-Value, Unreliable, Recent",High Risk
13981,2,0,2,0.0,Likely to Exit,78.45,3.4109,327.39,2,163.69,3.7417,422,15,0.1333,2010-10-20,2010-11-04,,Insufficient History,2,"Mid-Value, Unreliable, Lapsed",High Risk
13982,9,2,7,22.22,Likely to Exit,603.31,2.2766,4418.79,13,339.91,1.4798,61,24,0.5417,2010-01-20,2011-10-31,,Insufficient History,0,"High-Value, Reliable, Recent",High Risk
13983,17,4,13,23.53,Likely to Exit,1244.2,3.4657,6993.41,30,233.11,0.9634,51,25,1.2,2009-12-09,2011-11-10,1.378,Increasing,0,"High-Value, Reliable, Recent",High Risk
13984,11,0,11,0.0,Likely to Exit,184.48,1.9626,1616.12,13,124.32,1.5032,48,25,0.52,2009-12-07,2011-11-13,-0.306,Declining,0,"High-Value, Reliable, Recent",High Risk
13985,14,2,12,14.29,Likely to Exit,1202.5,2.4794,9982.31,24,415.93,1.1822,26,23,1.0435,2010-02-09,2011-12-05,1.245,Increasing,0,"High-Value, Reliable, Recent",High Risk
13986,1,0,1,0.0,Likely to Exit,24.2,1.8615,320.46,1,320.46,1.0,39,2,0.5,2011-11-22,2011-11-22,,Insufficient History,1,"Mid-Value, Unreliable, Recent",High Risk
13987,1,0,1,0.0,Likely to Exit,88.33,1.9202,682.54,2,341.27,3.6056,401,14,0.1429,2010-11-04,2010-11-25,,Insufficient History,2,"Mid-Value, Unreliable, Lapsed",High Risk
13988,8,5,3,62.5,Likely to Stay,898.43,2.9948,4708.64,11,428.06,1.546,41,22,0.5,2010-03-24,2011-11-20,0.729,Declining,0,"High-Value, Reliable, Recent",Low Risk
13989,5,0,5,0.0,Likely to Exit,158.11,1.8385,2026.06,5,405.21,2.1934,87,20,0.25,2010-05-25,2011-10-05,,Insufficient History,1,"Mid-Value, Unreliable, Recent",High Risk
13990,1,0,1,0.0,Likely to Exit,42.56,2.66,311.3,1,311.3,2.6458,235,8,0.125,2011-05-10,2011-05-10,,Insufficient History,1,"Mid-Value, Unreliable, Recent",High Risk
13991,4,0,4,0.0,Likely to Exit,130.71,1.5199,850.63,7,121.52,0.8058,34,6,1.1667,2011-07-19,2011-11-27,1.5,Increasing,1,"Mid-Value, Unreliable, Recent",High Risk
13992,3,0,3,0.0,Likely to Exit,21.45,1.95,219.5,3,73.17,2.0865,52,16,0.1875,2010-09-02,2011-11-09,,Insufficient History,1,"Mid-Value, Unreliable, Recent",High Risk
13993,17,5,12,29.41,Likely to Exit,1318.07,4.9366,6690.36,24,278.77,0.9269,54,25,0.96,2009-12-03,2011-11-07,0.721,Declining,0,"High-Value, Reliable, Recent",High Risk
13994,5,1,4,20.0,Likely to Exit,590.83,3.8118,2313.14,6,385.52,1.2344,25,6,1.0,2011-07-14,2011-12-06,1.963,Increasing,0,"High-Value, Reliable, Recent",High Risk
13995,14,0,14,0.0,Likely to Exit,570.15,2.3956,3836.26,18,213.13,1.0518,37,25,0.72,2009-12-18,2011-11-24,0.929,Stable,0,"High-Value, Reliable, Recent",High Risk
13996,1,1,0,100.0,Very Loyal,119.25,3.6136,895.76,2,447.88,3.6056,408,14,0.1429,2010-11-05,2010-11-18,,Insufficient History,2,"Mid-Value, Unreliable, Lapsed",Low Risk
13997,2,1,1,50.0,At Risk,203.74,4.4291,382.31,3,127.44,3.0148,541,19,0.1579,2010-06-07,2010-07-08,,Insufficient History,2,"Mid-Value, Unreliable, Lapsed",Medium Risk
13998,3,0,3,0.0,Likely to Exit,148.85,4.8016,566.7,3,188.9,2.9179,468,20,0.15,2010-05-12,2010-09-19,,Insufficient History,2,"Mid-Value, Unreliable, Lapsed",High Risk
13999,21,3,18,14.29,Likely to Exit,1235.35,2.6007,9438.01,36,262.17,0.6076,32,25,1.44,2009-12-05,2011-11-29,0.808,Declining,0,"High-Value, Reliable, Recent",High Risk
14000,6,0,6,0.0,Likely to Exit,115.06,2.2127,1877.59,8,234.7,2.3093,228,25,0.32,2009-12-02,2011-05-17,,Insufficient History,1,"Mid-Value, Unreliable, Recent",High Risk
14001,8,0,8,0.0,Likely to Exit,380.46,3.3669,4517.34,10,451.73,1.3072,67,17,0.5882,2010-08-03,2011-10-25,,Insufficient History,0,"High-Value, Reliable, Recent",High Risk
14002,1,1,0,100.0,Very Loyal,113.34,2.4115,529.73,2,264.86,2.2361,156,6,0.3333,2011-07-06,2011-07-28,0.0,Declining,1,"Mid-Value, Unreliable, Recent",Low Risk
14003,1,0,1,0.0,Likely to Exit,47.15,2.9469,209.41,1,209.41,4.899,754,25,0.04,2009-12-07,2009-12-07,,Insufficient History,2,"Mid-Value, Unreliable, Lapsed",High Risk
14004,7,4,3,57.14,At Risk,747.8,3.1029,6258.45,11,568.95,1.2147,65,16,0.6875,2010-09-30,2011-10-27,0.355,Declining,0,"High-Value, Reliable, Recent",Medium Risk
14005,5,0,5,0.0,Likely to Exit,185.24,2.2052,2874.72,5,574.94,1.6563,31,8,0.625,2011-05-08,2011-11-30,2.936,Increasing,1,"Mid-Value, Unreliable, Recent",High Risk
14006,7,0,7,0.0,Likely to Exit,143.5,1.8636,2196.67,7,313.81,1.5659,137,23,0.3043,2010-02-25,2011-08-16,0.0,Declining,1,"Mid-Value, Unreliable, Recent",High Risk
14007,1,0,1,0.0,Likely to Exit,31.79,6.358,79.48,1,79.48,4.1231,534,18,0.0556,2010-07-15,2010-07-15,,Insufficient History,2,"Mid-Value, Unreliable, Lapsed",High Risk
14008,2,0,2,0.0,Likely to Exit,70.71,2.1427,493.74,2,246.87,3.7417,397,15,0.1333,2010-10-03,2010-11-29,,Insufficient History,2,"Mid-Value, Unreliable, Lapsed",High Risk
14009,2,1,1,50.0,At Risk,173.25,2.2796,1090.23,4,272.56,2.7498,220,16,0.25,2010-09-03,2011-05-25,,Insufficient History,1,"Mid-Value, Unreliable, Recent",Medium Risk
14010,1,0,1,0.0,Likely to Exit,86.9,3.1036,288.1,3,96.03,4.3589,587,20,0.15,2010-05-23,2010-05-23,,Insufficient History,2,"Mid-Value, Unreliable, Lapsed",High Risk
14011,2,0,2,0.0,Likely to Exit,44.01,1.3336,451.92,3,150.64,3.2103,502,21,0.1429,2010-04-11,2010-08-16,,Insufficient History,2,"Mid-Value, Unreliable, Lapsed",High Risk
14012,1,0,1,0.0,Likely to Exit,31.15,2.8318,328.8,1,328.8,3.0,299,10,0.1,2011-03-07,2011-03-07,,Insufficient History,2,"Mid-Value, Unreliable, Lapsed",High Risk
14013,6,0,6,0.0,Likely to Exit,238.33,3.3101,1006.22,6,167.7,2.3162,132,25,0.24,2009-12-07,2011-08-21,0.0,Declining,1,"Mid-Value, Unreliable, Recent",High Risk
14014,3,0,3,0.0,Likely to Exit,159.18,2.0945,1948.21,3,649.4,2.8137,99,20,0.15,2010-05-12,2011-09-23,0.0,Declining,1,"Mid-Value, Unreliable, Recent",High Risk
14015,1,0,1,0.0,Likely to Exit,62.14,3.107,917.34,1,917.34,1.4142,74,3,0.3333,2011-10-18,2011-10-18,,Insufficient History,1,"Mid-Value, Unreliable, Recent",High Risk
14016,11,11,0,100.0,Very Loyal,1595.68,3.546,11379.71,13,875.36,1.1316,176,24,0.5417,2010-01-08,2011-07-08,0.0,Declining,0,"High-Value, Reliable, Recent",Low Risk
14017,1,0,1,0.0,Likely to Exit,65.15,4.6536,229.75,1,229.75,4.3589,593,20,0.05,2010-05-17,2010-05-17,,Insufficient History,2,"Mid-Value, Unreliable, Lapsed",High Risk
14018,1,0,1,0.0,Likely to Exit,34.17,2.6285,367.15,1,367.15,4.5826,667,22,0.0455,2010-03-04,2010-03-04,,Insufficient History,2,"Mid-Value, Unreliable, Lapsed",High Risk
14019,3,0,3,0.0,Likely to Exit,177.08,2.6041,1398.96,4,349.74,1.0479,68,6,0.6667,2011-07-24,2011-10-24,0.798,Declining,1,"Mid-Value, Unreliable, Recent",High Risk
14020,5,0,5,0.0,Likely to Exit,293.64,3.8637,1213.26,5,242.65,1.9382,38,19,0.2632,2010-06-28,2011-11-23,0.941,Stable,1,"Mid-Value, Unreliable, Recent",High Risk
14021,7,1,6,14.29,Likely to Exit,344.15,3.8239,1716.58,7,245.23,1.7103,177,21,0.3333,2010-04-26,2011-07-07,0.0,Declining,1,"Mid-Value, Unreliable, Recent",High Risk
14022,2,0,2,0.0,Likely to Exit,83.79,1.7828,792.15,2,396.07,2.7576,247,17,0.1176,2010-08-10,2011-04-28,,Insufficient History,1,"Mid-Value, Unreliable, Recent",High Risk
14023,2,0,2,0.0,Likely to Exit,89.0,2.871,584.07,2,292.03,1.8759,29,9,0.2222,2011-04-03,2011-12-02,,Insufficient History,1,"Mid-Value, Unreliable, Recent",High Risk
14024,2,1,1,50.0,At Risk,161.91,4.7621,645.74,3,215.25,2.4498,143,14,0.2143,2010-11-14,2011-08-10,0.0,Declining,1,"Mid-Value, Unreliable, Recent",Medium Risk
14025,5,1,4,20.0,Likely to Exit,422.51,4.1423,3969.1,10,396.91,2.3947,486,20,0.5,2010-05-05,2010-09-01,,Insufficient History,0,"High-Value, Reliable, Recent",High Risk
14026,2,0,2,0.0,Likely to Exit,119.68,2.3936,713.11,2,356.56,3.1745,492,22,0.0909,2010-03-24,2010-08-26,,Insufficient History,2,"Mid-Value, Unreliable, Lapsed",High Risk
14027,1,0,1,0.0,Likely to Exit,12.86,2.1433,104.82,1,104.82,1.4142,82,3,0.3333,2011-10-10,2011-10-10,,Insufficient History,1,"Mid-Value, Unreliable, Recent",High Risk
14028,2,1,1,50.0,At Risk,3627.9,279.0692,3175.5,5,635.1,4.2426,520,19,0.2632,2010-06-07,2010-07-29,,Insufficient History,2,"Mid-Value, Unreliable, Lapsed",Medium Risk
14029,2,0,2,0.0,Likely to Exit,65.49,4.366,467.66,2,233.83,1.5028,85,6,0.3333,2011-07-18,2011-10-07,1.831,Increasing,1,"Mid-Value, Unreliable, Recent",High Risk
14030,12,8,4,66.67,Likely to Stay,3448.8,3.9641,8145.59,22,370.25,1.3321,40,25,0.88,2009-12-01,2011-11-21,1.423,Increasing,0,"High-Value, Reliable, Recent",Low Risk
14031,24,16,8,66.67,Likely to Stay,3618.9,4.4955,38025.97,55,691.38,0.669,29,25,2.2,2009-12-03,2011-12-02,1.937,Increasing,0,"High-Value, Reliable, Recent",Low Risk
14032,12,1,11,8.33,Likely to Exit,552.1,2.1651,4786.07,25,191.44,1.2682,24,25,1.0,2009-12-14,2011-12-07,2.721,Increasing,0,"High-Value, Reliable, Recent",High Risk
14033,1,0,1,0.0,Likely to Exit,0.19,0.19,109.44,1,109.44,4.2426,577,19,0.0526,2010-06-02,2010-06-02,,Insufficient History,2,"Mid-Value, Unreliable, Lapsed",High Risk
14034,2,1,1,50.0,At Risk,213.5,2.3207,512.02,4,128.0,1.6182,44,6,0.6667,2011-07-05,2011-11-17,0.532,Declining,1,"Mid-Value, Unreliable, Recent",Medium Risk
14035,9,0,9,0.0,Likely to Exit,446.55,2.8997,2852.47,11,259.32,1.3485,50,21,0.5238,2010-04-06,2011-11-11,4.322,Increasing,0,"High-Value, Reliable, Recent",High Risk
14036,1,1,0,100.0,Very Loyal,166.13,4.3718,626.65,1,626.65,3.1623,306,11,0.0909,2011-02-28,2011-02-28,,Insufficient History,2,"Mid-Value, Unreliable, Lapsed",Low Risk
14037,6,0,6,0.0,Likely to Exit,266.76,2.3197,755.95,7,107.99,2.0793,198,25,0.28,2009-12-07,2011-06-16,,Insufficient History,1,"Mid-Value, Unreliable, Recent",High Risk
14038,5,1,4,20.0,Likely to Exit,414.29,2.466,3000.93,8,375.12,1.9818,100,23,0.3478,2010-02-04,2011-09-22,0.0,Declining,0,"High-Value, Reliable, Recent",High Risk
14039,2,0,2,0.0,Likely to Exit,29.45,2.945,267.28,2,133.64,3.032,55,20,0.1,2010-05-13,2011-11-06,,Insufficient History,1,"Mid-Value, Unreliable, Recent",High Risk
14040,20,11,9,55.0,At Risk,3044.3,3.7677,12457.84,42,296.62,0.9111,62,25,1.68,2009-12-01,2011-10-30,1.117,Increasing,0,"High-Value, Reliable, Recent",Medium Risk
14041,1,0,1,0.0,Likely to Exit,39.29,1.871,141.41,1,141.41,3.0,288,10,0.1,2011-03-18,2011-03-18,,Insufficient History,2,"Mid-Value, Unreliable, Lapsed",High Risk
14042,1,0,1,0.0,Likely to Exit,78.54,3.74,431.98,1,431.98,4.899,747,25,0.04,2009-12-14,2009-12-14,,Insufficient History,2,"Mid-Value, Unreliable, Lapsed",High Risk
14043,2,0,2,0.0,Likely to Exit,113.37,2.6365,301.3,3,100.43,3.403,513,25,0.12,2009-12-10,2010-08-05,,Insufficient History,2,"Mid-Value, Unreliable, Lapsed",High Risk
14044,9,8,1,88.89,Very Loyal,2144.46,2.517,3106.15,11,282.38,1.9895,48,24,0.4583,2010-01-24,2011-11-13,0.301,Declining,0,"High-Value, Reliable, Recent",Low Risk
14045,12,0,12,0.0,Likely to Exit,155.51,3.6165,9660.63,19,508.45,1.6572,131,24,0.7917,2010-01-08,2011-08-22,0.0,Declining,0,"High-Value, Reliable, Recent",High Risk
14046,1,0,1,0.0,Likely to Exit,7.57,0.5407,154.99,1,154.99,3.1623,306,11,0.0909,2011-02-28,2011-02-28,,Insufficient History,2,"Mid-Value, Unreliable, Lapsed",High Risk
14047,11,2,9,18.18,Likely to Exit,719.85,4.2096,4158.73,19,218.88,1.1776,30,23,0.8261,2010-02-01,2011-12-01,1.092,Stable,0,"High-Value, Reliable, Recent",High Risk
14048,3,2,1,66.67,Likely to Stay,372.18,2.5846,713.89,4,178.47,2.4624,299,14,0.2857,2010-11-22,2011-03-07,,Insufficient History,1,"Mid-Value, Unreliable, Recent",Low Risk
14049,10,4,6,40.0,At Risk,3240.91,2.9277,13064.03,18,725.78,1.2311,38,21,0.8571,2010-04-01,2011-11-23,10.425,Increasing,0,"High-Value, Reliable, Recent",Medium Risk
14050,2,0,2,0.0,Likely to Exit,83.09,1.5387,746.36,2,373.18,1.3147,53,5,0.4,2011-08-25,2011-11-08,,Insufficient History,1,"Mid-Value, Unreliable, Recent",High Risk
14051,22,4,18,18.18,Likely to Exit,1501.95,4.3661,22104.5,42,526.3,0.8001,22,25,1.68,2009-12-03,2011-12-09,2.184,Increasing,0,"High-Value, Reliable, Recent",High Risk
14052,2,2,0,100.0,Very Loyal,377.65,3.0212,480.81,2,240.41,2.4551,41,14,0.1429,2010-11-14,2011-11-20,,Insufficient History,1,"Mid-Value, Unreliable, Recent",Low Risk
14053,4,0,4,0.0,Likely to Exit,12.18,1.3533,572.3,4,143.07,1.8352,146,17,0.2353,2010-08-10,2011-08-07,0.0,Declining,1,"Mid-Value, Unreliable, Recent",High Risk
14054,1,0,1,0.0,Likely to Exit,9.08,1.5133,92.46,1,92.46,1.4142,87,3,0.3333,2011-10-05,2011-10-05,,Insufficient History,1,"Mid-Value, Unreliable, Recent",High Risk
14055,3,0,3,0.0,Likely to Exit,139.7,4.2333,1520.96,3,506.99,2.9047,128,25,0.12,2009-12-16,2011-08-25,0.0,Declining,1,"Mid-Value, Unreliable, Recent",High Risk
14056,11,11,0,100.0,Very Loyal,3172.58,2.8126,8124.4,29,280.15,0.4882,23,11,2.6364,2011-02-28,2011-12-08,1.336,Increasing,0,"High-Value, Reliable, Recent",Low Risk
14057,16,3,13,18.75,Likely to Exit,927.22,2.0113,8338.28,23,362.53,0.9678,45,25,0.92,2009-12-03,2011-11-16,0.541,Declining,0,"High-Value, Reliable, Recent",High Risk
14058,2,0,2,0.0,Likely to Exit,86.28,3.595,469.19,2,234.6,3.1298,484,19,0.1053,2010-06-27,2010-09-03,,Insufficient History,2,"Mid-Value, Unreliable, Lapsed",High Risk
14059,1,0,1,0.0,Likely to Exit,18.5,2.3125,183.6,1,183.6,3.0,288,10,0.1,2011-03-18,2011-03-18,,Insufficient History,2,"Mid-Value, Unreliable, Lapsed",High Risk
14060,19,0,19,0.0,Likely to Exit,418.06,1.537,9503.14,32,296.97,0.9336,26,22,1.4545,2010-03-11,2011-12-05,0.579,Declining,0,"High-Value, Reliable, Recent",High Risk
14061,2,1,1,50.0,At Risk,164.44,8.6547,917.43,3,305.81,3.4688,529,25,0.12,2009-12-01,2010-07-20,,Insufficient History,2,"Mid-Value, Unreliable, Lapsed",Medium Risk
14062,16,4,12,25.0,Likely to Exit,1032.14,2.9659,25434.83,27,942.03,1.0877,31,25,1.08,2009-12-10,2011-11-30,0.307,Declining,0,"High-Value, Reliable, Recent",High Risk
14063,4,3,1,75.0,Likely to Stay,39920.95,907.2943,-3767.2,13,-289.78,3.1693,452,25,0.52,2009-12-08,2010-10-05,,Insufficient History,3,"Low-Value, Reliable, Lapsed",Low Risk
14064,13,0,13,0.0,Likely to Exit,384.55,1.526,3039.75,21,144.75,1.1978,51,24,0.875,2010-01-21,2011-11-10,0.963,Stable,0,"High-Value, Reliable, Recent",High Risk
14065,2,1,1,50.0,At Risk,181.74,3.6348,889.37,4,222.34,3.1066,411,15,0.2667,2010-10-04,2010-11-15,,Insufficient History,2,"Mid-Value, Unreliable, Lapsed",Medium Risk
14066,1,0,1,0.0,Likely to Exit,30.55,4.3643,152.55,1,152.55,3.0,288,10,0.1,2011-03-18,2011-03-18,,Insufficient History,2,"Mid-Value, Unreliable, Lapsed",High Risk
14067,2,0,2,0.0,Likely to Exit,148.85,2.8625,374.7,2,187.35,1.0389,85,4,0.5,2011-09-04,2011-10-07,,Insufficient History,1,"Mid-Value, Unreliable, Recent",High Risk
14068,4,3,1,75.0,Likely to Stay,505.61,4.5144,1504.97,5,300.99,2.3769,342,24,0.2083,2010-01-31,2011-01-23,,Insufficient History,1,"Mid-Value, Unreliable, Recent",Low Risk
14069,2,0,2,0.0,Likely to Exit,175.97,4.1898,230.06,2,115.03,3.0027,536,20,0.1,2010-05-27,2010-07-13,,Insufficient History,2,"Mid-Value, Unreliable, Lapsed",High Risk
14070,1,1,0,100.0,Very Loyal,200.25,4.7679,326.55,1,326.55,4.7958,706,24,0.0417,2010-01-24,2010-01-24,,Insufficient History,2,"Mid-Value, Unreliable, Lapsed",Low Risk
14071,5,3,2,60.0,Likely to Stay,792.43,2.3797,1307.41,9,145.27,1.3478,25,10,0.9,2011-03-20,2011-12-06,,Insufficient History,0,"High-Value, Reliable, Recent",Low Risk
14072,1,1,0,100.0,Very Loyal,122.1,6.4263,390.85,1,390.85,4.6904,688,23,0.0435,2010-02-11,2010-02-11,,Insufficient History,2,"Mid-Value, Unreliable, Lapsed",Low Risk
14073,1,0,1,0.0,Likely to Exit,33.59,2.3993,139.54,2,69.77,1.0,43,2,1.0,2011-11-07,2011-11-18,,Insufficient History,1,"Mid-Value, Unreliable, Recent",High Risk
14074,1,0,1,0.0,Likely to Exit,5.9,0.9833,219.4,1,219.4,4.5826,645,22,0.0455,2010-03-26,2010-03-26,,Insufficient History,2,"Mid-Value, Unreliable, Lapsed",High Risk
14075,6,0,6,0.0,Likely to Exit,184.4,2.2765,1734.87,6,289.14,1.6779,26,19,0.3158,2010-06-16,2011-12-05,,Insufficient History,1,"Mid-Value, Unreliable, Recent",High Risk
14076,1,0,1,0.0,Likely to Exit,92.42,2.0091,122.47,1,122.47,2.0,151,5,0.2,2011-08-02,2011-08-02,,Insufficient History,1,"Mid-Value, Unreliable, Recent",High Risk
14077,6,0,6,0.0,Likely to Exit,145.77,2.603,615.08,6,102.51,1.2156,62,14,0.4286,2010-11-09,2011-10-30,2.357,Increasing,1,"Mid-Value, Unreliable, Recent",High Risk
14078,9,1,8,11.11,Likely to Exit,449.35,2.7567,1692.63,9,188.07,1.434,123,22,0.4091,2010-03-28,2011-08-30,0.0,Declining,0,"High-Value, Reliable, Recent",High Risk
14079,2,1,1,50.0,At Risk,282.91,21.7623,618.73,2,309.36,3.3973,146,24,0.0833,2010-01-26,2011-08-07,0.0,Declining,1,"Mid-Value, Unreliable, Recent",Medium Risk
14080,4,3,1,75.0,Likely to Stay,703.44,8.3743,1075.73,6,179.29,2.6269,54,25,0.24,2009-12-02,2011-11-07,,Insufficient History,1,"Mid-Value, Unreliable, Recent",Low Risk
14081,8,7,1,87.5,Very Loyal,2630.21,2.7657,5250.05,16,328.13,1.6572,289,25,0.64,2009-12-10,2011-03-17,,Insufficient History,0,"High-Value, Reliable, Recent",Low Risk
14082,2,0,2,0.0,Likely to Exit,148.63,2.2866,413.36,2,206.68,2.4694,386,14,0.1429,2010-11-12,2010-12-10,,Insufficient History,2,"Mid-Value, Unreliable, Lapsed",High Risk
14083,8,2,6,25.0,Likely to Exit,720.05,2.8237,1407.26,11,127.93,3.0566,26,25,0.44,2009-12-18,2011-12-05,7.898,Increasing,1,"Mid-Value, Unreliable, Recent",High Risk
14084,1,0,1,0.0,Likely to Exit,6.22,0.8886,150.5,1,150.5,4.1231,534,18,0.0556,2010-07-15,2010-07-15,,Insufficient History,2,"Mid-Value, Unreliable, Lapsed",High Risk
14085,18,8,10,44.44,At Risk,2935.93,2.7464,10092.22,34,296.83,1.1062,24,25,1.36,2009-12-08,2011-12-07,4.17,Increasing,0,"High-Value, Reliable, Recent",Medium Risk
14086,1,0,1,0.0,Likely to Exit,39.95,39.95,39.95,1,39.95,3.873,484,16,0.0625,2010-09-03,2010-09-03,,Insufficient History,2,"Mid-Value, Unreliable, Lapsed",High Risk
14087,3,3,0,100.0,Very Loyal,445.14,1.9961,803.47,5,160.69,2.8795,24,25,0.2,2009-12-04,2011-12-07,,Insufficient History,1,"Mid-Value, Unreliable, Recent",Low Risk
14088,8,5,3,62.5,Likely to Stay,5312.87,7.7447,62400.02,20,3120.0,1.301,32,15,1.3333,2010-10-14,2011-11-29,2.488,Increasing,0,"High-Value, Reliable, Recent",Low Risk
14089,1,0,1,0.0,Likely to Exit,30.9,2.2071,161.0,1,161.0,1.4142,78,3,0.3333,2011-10-14,2011-10-14,,Insufficient History,1,"Mid-Value, Unreliable, Recent",High Risk
14090,1,0,1,0.0,Likely to Exit,1.06,1.06,76.32,1,76.32,3.3166,346,12,0.0833,2011-01-19,2011-01-19,,Insufficient History,2,"Mid-Value, Unreliable, Lapsed",High Risk
14091,2,0,2,0.0,Likely to Exit,40.84,3.1415,9530.08,2,4765.04,3.3617,676,24,0.0833,2010-01-10,2010-02-23,,Insufficient History,2,"Mid-Value, Unreliable, Lapsed",High Risk
14092,21,2,19,9.52,Likely to Exit,1140.27,3.0246,7209.74,27,267.03,0.6554,29,25,1.08,2009-12-16,2011-12-02,1.987,Increasing,0,"High-Value, Reliable, Recent",High Risk
14093,1,1,0,100.0,Very Loyal,156.42,1.4897,442.85,1,442.85,1.0,34,2,0.5,2011-11-27,2011-11-27,,Insufficient History,1,"Mid-Value, Unreliable, Recent",Low Risk
14094,1,1,0,100.0,Very Loyal,126.89,2.6435,334.27,2,167.13,3.873,461,16,0.125,2010-09-26,2010-09-26,,Insufficient History,2,"Mid-Value, Unreliable, Lapsed",Low Risk
14095,1,0,1,0.0,Likely to Exit,2.95,2.95,2.95,1,2.95,4.899,744,25,0.04,2009-12-17,2009-12-17,,Insufficient History,3,"Low-Value, Reliable, Lapsed",High Risk
14096,5,4,1,80.0,Very Loyal,41376.33,8.0687,57120.91,34,1680.03,0.7329,26,5,6.8,2011-08-30,2011-12-05,,Insufficient History,0,"High-Value, Reliable, Recent",Low Risk
14097,2,0,2,0.0,Likely to Exit,87.0,2.175,422.86,2,211.43,3.3989,503,22,0.0909,2010-03-04,2010-08-15,,Insufficient History,2,"Mid-Value, Unreliable, Lapsed",High Risk
14098,1,0,1,0.0,Likely to Exit,35.8,1.7048,147.35,1,147.35,1.0,58,2,0.5,2011-11-03,2011-11-03,,Insufficient History,1,"Mid-Value, Unreliable, Recent",High Risk
14099,17,2,15,11.76,Likely to Exit,1370.5,2.5858,5700.51,22,259.11,0.8248,38,25,0.88,2009-12-10,2011-11-23,1.359,Increasing,0,"High-Value, Reliable, Recent",High Risk
14100,1,0,1,0.0,Likely to Exit,88.1,3.3885,194.9,1,194.9,2.2361,159,6,0.1667,2011-07-25,2011-07-25,0.0,Declining,1,"Mid-Value, Unreliable, Recent",High Risk
14101,13,0,13,0.0,Likely to Exit,146.82,1.6134,9942.13,14,710.15,1.0207,95,22,0.6364,2010-03-28,2011-09-27,0.0,Declining,0,"High-Value, Reliable, Recent",High Risk
14102,3,0,3,0.0,Likely to Exit,177.83,2.117,1314.73,8,164.34,0.6342,27,3,2.6667,2011-10-26,2011-12-04,,Insufficient History,1,"Mid-Value, Unreliable, Recent",High Risk
14103,1,0,1,0.0,Likely to Exit,0.0,0.0,0.0,1,0.0,0.0,687,23,0.0435,2010-02-12,2010-02-12,,Insufficient History,3,"Low-Value, Reliable, Lapsed",High Risk
14104,5,2,3,40.0,At Risk,451.24,3.1555,771.58,5,154.32,1.8354,176,20,0.25,2010-05-28,2011-07-08,0.0,Declining,1,"Mid-Value, Unreliable, Recent",Medium Risk
14105,8,3,5,37.5,Likely to Exit,838.63,2.8622,5703.98,9,633.78,2.2926,107,25,0.36,2009-12-18,2011-09-15,-0.0,Declining,0,"High-Value, Reliable, Recent",Medium Risk
14106,1,0,1,0.0,Likely to Exit,8.95,8.95,214.8,1,214.8,4.899,759,25,0.04,2009-12-02,2009-12-02,,Insufficient History,2,"Mid-Value, Unreliable, Lapsed",High Risk
14107,11,2,9,18.18,Likely to Exit,657.56,2.7513,4853.7,13,373.36,1.3199,73,25,0.52,2009-12-09,2011-10-19,0.386,Declining,0,"High-Value, Reliable, Recent",High Risk
14108,4,0,4,0.0,Likely to Exit,150.12,2.7295,1041.21,5,208.24,2.7696,52,25,0.2,2009-12-01,2011-11-09,1.066,Stable,1,"Mid-Value, Unreliable, Recent",High Risk
14109,2,0,2,0.0,Likely to Exit,38.55,2.7536,80.2,2,40.1,1.7321,45,4,0.5,2011-09-28,2011-11-16,,Insufficient History,1,"Mid-Value, Unreliable, Recent",High Risk
14110,19,2,17,10.53,Likely to Exit,1092.6,2.7112,12957.6,35,370.22,0.7948,25,25,1.4,2009-12-01,2011-12-06,0.728,Declining,0,"High-Value, Reliable, Recent",High Risk
14111,4,0,4,0.0,Likely to Exit,41.05,3.7318,688.6,5,137.72,1.6153,36,9,0.5556,2011-04-12,2011-11-25,2.016,Increasing,1,"Mid-Value, Unreliable, Recent",High Risk
14112,13,5,8,38.46,Likely to Exit,909.24,2.5398,5524.51,27,204.61,1.5247,44,25,1.08,2009-12-17,2011-11-17,1.302,Increasing,0,"High-Value, Reliable, Recent",Medium Risk
14113,18,0,18,0.0,Likely to Exit,412.44,2.8444,6156.75,31,198.6,1.384,25,25,1.24,2009-12-07,2011-12-06,1.847,Increasing,0,"High-Value, Reliable, Recent",High Risk
14114,7,0,7,0.0,Likely to Exit,278.17,3.7591,1364.09,7,194.87,1.5238,295,21,0.3333,2010-04-12,2011-03-11,,Insufficient History,1,"Mid-Value, Unreliable, Recent",High Risk
14115,2,0,2,0.0,Likely to Exit,48.23,2.1923,622.67,2,311.33,3.8657,523,23,0.087,2010-02-11,2010-07-26,,Insufficient History,2,"Mid-Value, Unreliable, Lapsed",High Risk
14116,4,0,4,0.0,Likely to Exit,234.12,3.2517,1382.74,5,276.55,0.5227,41,5,1.0,2011-08-10,2011-11-20,,Insufficient History,1,"Mid-Value, Unreliable, Recent",High Risk
14117,1,0,1,0.0,Likely to Exit,3.75,1.25,90.0,1,90.0,2.2361,165,6,0.1667,2011-07-19,2011-07-19,0.0,Declining,1,"Mid-Value, Unreliable, Recent",High Risk
14118,1,0,1,0.0,Likely to Exit,78.3,5.22,458.45,1,458.45,3.7417,450,15,0.0667,2010-10-07,2010-10-07,,Insufficient History,2,"Mid-Value, Unreliable, Lapsed",High Risk
14119,3,0,3,0.0,Likely to Exit,46.2,3.85,163.47,3,54.49,3.5277,376,25,0.12,2009-12-21,2010-12-20,,Insufficient History,2,"Mid-Value, Unreliable, Lapsed",High Risk
14120,1,0,1,0.0,Likely to Exit,5.95,5.95,-23.8,1,-23.8,0.0,452,15,0.0667,2010-10-05,2010-10-05,,Insufficient History,3,"Low-Value, Reliable, Lapsed",High Risk
14121,3,1,2,33.33,Likely to Exit,394.73,2.4517,2740.3,6,456.72,0.6899,25,3,2.0,2011-10-11,2011-12-06,,Insufficient History,0,"High-Value, Reliable, Recent",Medium Risk
14122,3,0,3,0.0,Likely to Exit,73.98,4.6237,309.77,5,61.95,3.5266,416,25,0.2,2009-12-02,2010-11-10,,Insufficient History,2,"Mid-Value, Unreliable, Lapsed",High Risk
14123,1,0,1,0.0,Likely to Exit,78.59,3.2746,436.18,1,436.18,4.899,755,25,0.04,2009-12-06,2009-12-06,,Insufficient History,2,"Mid-Value, Unreliable, Lapsed",High Risk
14124,1,0,1,0.0,Likely to Exit,1.79,0.358,419.58,1,419.58,1.7321,106,4,0.25,2011-09-16,2011-09-16,,Insufficient History,1,"Mid-Value, Unreliable, Recent",High Risk
14125,2,2,0,100.0,Very Loyal,527.94,3.1613,2740.43,3,913.48,1.003,32,4,0.75,2011-09-22,2011-11-29,,Insufficient History,0,"High-Value, Reliable, Recent",Low Risk
14126,3,0,3,0.0,Likely to Exit,122.13,2.7757,1109.96,5,221.99,2.5295,29,16,0.3125,2010-09-21,2011-12-02,,Insufficient History,1,"Mid-Value, Unreliable, Recent",High Risk
14127,5,2,3,40.0,At Risk,476.33,4.0712,1900.08,6,316.68,1.6773,144,15,0.4,2010-10-10,2011-08-09,0.0,Declining,0,"High-Value, Reliable, Recent",Medium Risk
14128,3,0,3,0.0,Likely to Exit,125.97,1.9086,909.36,4,227.34,2.3144,82,19,0.2105,2010-06-06,2011-10-10,,Insufficient History,1,"Mid-Value, Unreliable, Recent",High Risk
14129,8,0,8,0.0,Likely to Exit,264.72,2.4286,2591.34,9,287.93,1.3064,23,20,0.45,2010-05-09,2011-12-08,1.082,Stable,0,"High-Value, Reliable, Recent",High Risk
14130,4,3,1,75.0,Likely to Stay,507.87,2.2673,1882.67,4,470.67,2.4188,341,25,0.16,2009-12-11,2011-01-24,,Insufficient History,1,"Mid-Value, Unreliable, Recent",Low Risk
14131,1,1,0,100.0,Very Loyal,109.47,2.1052,187.87,1,187.87,4.5826,670,22,0.0455,2010-03-01,2010-03-01,,Insufficient History,2,"Mid-Value, Unreliable, Lapsed",Low Risk
14132,7,0,7,0.0,Likely to Exit,346.5,1.7239,3580.13,12,298.34,0.4275,24,7,1.7143,2011-06-09,2011-12-07,1.3,Increasing,0,"High-Value, Reliable, Recent",High Risk
14133,4,1,3,25.0,Likely to Exit,239.06,6.2911,895.84,6,149.31,2.7106,151,25,0.24,2009-12-06,2011-08-02,0.0,Declining,1,"Mid-Value, Unreliable, Recent",High Risk
14134,9,1,8,11.11,Likely to Exit,603.74,3.3541,11123.35,15,741.56,1.6025,404,25,0.6,2009-12-10,2010-11-22,,Insufficient History,0,"High-Value, Reliable, Recent",High Risk
14135,15,1,14,6.67,Likely to Exit,547.8,2.1315,9605.05,25,384.2,1.2148,23,25,1.0,2009-12-02,2011-12-08,1.096,Stable,0,"High-Value, Reliable, Recent",High Risk
14136,6,0,6,0.0,Likely to Exit,315.28,2.9193,1553.96,7,221.99,2.0067,422,25,0.28,2009-12-08,2010-11-04,,Insufficient History,1,"Mid-Value, Unreliable, Recent",High Risk
14137,1,0,1,0.0,Likely to Exit,11.73,0.8379,294.1,2,147.05,4.7958,703,24,0.0833,2010-01-13,2010-01-27,,Insufficient History,2,"Mid-Value, Unreliable, Lapsed",High Risk
14138,2,0,2,0.0,Likely to Exit,108.65,2.3117,982.38,2,491.19,0.7965,23,3,0.6667,2011-10-07,2011-12-08,,Insufficient History,1,"Mid-Value, Unreliable, Recent",High Risk
14139,4,0,4,0.0,Likely to Exit,136.2,1.9739,1086.8,4,271.7,2.1344,68,19,0.2105,2010-06-15,2011-10-24,,Insufficient History,1,"Mid-Value, Unreliable, Recent",High Risk
14140,2,0,2,0.0,Likely to Exit,127.88,1.9087,920.05,3,306.68,0.1571,25,2,1.5,2011-11-08,2011-12-06,,Insufficient History,1,"Mid-Value, Unreliable, Recent",High Risk
14141,4,0,4,0.0,Likely to Exit,158.18,3.4387,879.03,6,146.5,0.527,24,5,1.2,2011-08-26,2011-12-07,,Insufficient History,1,"Mid-Value, Unreliable, Recent",High Risk
14142,3,0,3,0.0,Likely to Exit,157.46,2.2494,967.75,4,241.94,3.2854,395,22,0.1818,2010-03-03,2010-12-01,,Insufficient History,2,"Mid-Value, Unreliable, Lapsed",High Risk
14143,1,0,1,0.0,Likely to Exit,38.4,5.4857,115.8,1,115.8,2.2361,155,6,0.1667,2011-07-29,2011-07-29,0.0,Declining,1,"Mid-Value, Unreliable, Recent",High Risk
14144,1,0,1,0.0,Likely to Exit,2.55,2.55,30.6,1,30.6,4.0,508,17,0.0588,2010-08-10,2010-08-10,,Insufficient History,2,"Mid-Value, Unreliable, Lapsed",High Risk
14145,6,0,6,0.0,Likely to Exit,124.5,4.7885,7006.05,8,875.76,1.6252,68,21,0.381,2010-04-08,2011-10-24,0.789,Declining,0,"High-Value, Reliable, Recent",High Risk
14146,10,8,2,80.0,Very Loyal,1403.7,2.8589,8208.87,13,631.45,1.565,30,24,0.5417,2010-01-13,2011-12-01,1.154,Increasing,0,"High-Value, Reliable, Recent",Low Risk
14147,7,0,7,0.0,Likely to Exit,109.13,3.307,2019.3,12,168.28,2.1638,71,22,0.5455,2010-03-09,2011-10-21,-0.05,Declining,0,"High-Value, Reliable, Recent",High Risk
14148,2,0,2,0.0,Likely to Exit,53.62,3.1541,466.29,2,233.15,2.7011,255,15,0.1333,2010-10-21,2011-04-20,,Insufficient History,1,"Mid-Value, Unreliable, Recent",High Risk
14149,1,1,0,100.0,Very Loyal,123.94,3.0985,259.43,3,86.48,2.6458,234,8,0.375,2011-05-03,2011-05-11,,Insufficient History,1,"Mid-Value, Unreliable, Recent",Low Risk
14150,2,0,2,0.0,Likely to Exit,43.74,1.6823,658.64,2,329.32,2.352,57,13,0.1538,2010-12-15,2011-11-04,,Insufficient History,1,"Mid-Value, Unreliable, Recent",High Risk
14151,3,0,3,0.0,Likely to Exit,141.59,3.1464,666.7,3,222.23,3.3936,695,25,0.12,2009-12-23,2010-02-04,,Insufficient History,2,"Mid-Value, Unreliable, Lapsed",High Risk
14152,6,0,6,0.0,Likely to Exit,199.64,1.4788,1975.44,9,219.49,1.6928,97,23,0.3913,2010-02-18,2011-09-25,0.0,Declining,1,"Mid-Value, Unreliable, Recent",High Risk
14153,1,0,1,0.0,Likely to Exit,15.43,0.9076,233.4,1,233.4,4.0,505,17,0.0588,2010-08-13,2010-08-13,,Insufficient History,2,"Mid-Value, Unreliable, Lapsed",High Risk
14154,5,4,1,80.0,Very Loyal,1151.43,3.9164,6263.6,10,626.36,2.0643,261,24,0.4167,2010-01-13,2011-04-14,,Insufficient History,0,"High-Value, Reliable, Recent",Low Risk
14155,1,0,1,0.0,Likely to Exit,32.7,5.45,118.75,1,118.75,3.0,288,10,0.1,2011-03-18,2011-03-18,,Insufficient History,2,"Mid-Value, Unreliable, Lapsed",High Risk
14156,24,9,15,37.5,Likely to Exit,36432.32,8.8214,296564.69,202,1468.14,0.8044,31,25,8.08,2009-12-01,2011-11-30,0.251,Declining,0,"High-Value, Reliable, Recent",Medium Risk
14157,5,0,5,0.0,Likely to Exit,228.18,2.5353,970.33,6,161.72,1.9041,41,22,0.2727,2010-03-03,2011-11-20,,Insufficient History,1,"Mid-Value, Unreliable, Recent",High Risk
14158,1,0,1,0.0,Likely to Exit,63.0,1.5366,507.66,1,507.66,1.4142,62,3,0.3333,2011-10-30,2011-10-30,,Insufficient History,1,"Mid-Value, Unreliable, Recent",High Risk
14159,14,9,5,64.29,Likely to Stay,3026.12,1.6054,7571.88,25,302.88,1.0378,41,25,1.0,2009-12-03,2011-11-20,0.901,Stable,0,"High-Value, Reliable, Recent",Low Risk
14160,4,1,3,25.0,Likely to Exit,269.62,2.5198,8421.47,7,1203.07,2.7136,632,24,0.2917,2010-01-10,2010-04-08,,Insufficient History,2,"Mid-Value, Unreliable, Lapsed",High Risk
14161,7,4,3,57.14,At Risk,860.09,2.7745,3318.88,7,474.13,1.8031,237,25,0.28,2009-12-13,2011-05-08,,Insufficient History,0,"High-Value, Reliable, Recent",Medium Risk
14162,2,0,2,0.0,Likely to Exit,97.23,3.8892,289.36,2,144.68,2.1877,195,11,0.1818,2011-02-20,2011-06-19,,Insufficient History,1,"Mid-Value, Unreliable, Recent",High Risk
14163,5,0,5,0.0,Likely to Exit,257.52,4.44,2594.62,5,518.92,1.7787,109,16,0.3125,2010-09-03,2011-09-13,0.0,Declining,1,"Mid-Value, Unreliable, Recent",High Risk
14164,1,0,1,0.0,Likely to Exit,45.07,1.5541,1631.77,2,815.89,1.7321,92,4,0.5,2011-09-20,2011-09-30,,Insufficient History,1,"Mid-Value, Unreliable, Recent",High Risk
14165,1,0,1,0.0,Likely to Exit,80.94,3.2376,122.54,1,122.54,3.0,297,10,0.1,2011-03-09,2011-03-09,,Insufficient History,2,"Mid-Value, Unreliable, Lapsed",High Risk
14166,2,0,2,0.0,Likely to Exit,174.2,3.2868,256.85,2,128.42,3.1908,527,22,0.0909,2010-03-23,2010-07-22,,Insufficient History,2,"Mid-Value, Unreliable, Lapsed",High Risk
14167,8,1,7,12.5,Likely to Exit,491.82,4.0646,1296.49,8,162.06,1.4451,61,24,0.3333,2010-01-27,2011-10-31,,Insufficient History,1,"Mid-Value, Unreliable, Recent",High Risk
14168,3,0,3,0.0,Likely to Exit,60.25,3.5441,305.9,3,101.97,3.611,442,20,0.15,2010-05-24,2010-10-15,,Insufficient History,2,"Mid-Value, Unreliable, Lapsed",High Risk
14169,2,1,1,50.0,At Risk,260.67,3.8906,624.43,2,312.21,3.0478,452,16,0.125,2010-09-21,2010-10-05,,Insufficient History,2,"Mid-Value, Unreliable, Lapsed",Medium Risk
14170,1,1,0,100.0,Very Loyal,385.6,2.337,597.33,3,199.11,3.6056,397,14,0.2143,2010-11-09,2010-11-29,,Insufficient History,2,"Mid-Value, Unreliable, Lapsed",Low Risk
14171,2,1,1,50.0,At Risk,186.95,2.9211,498.79,2,249.4,3.759,120,25,0.08,2009-12-09,2011-09-02,0.0,Declining,1,"Mid-Value, Unreliable, Recent",Medium Risk
14172,2,2,0,100.0,Very Loyal,304.14,5.5298,389.97,4,97.49,3.309,627,22,0.1818,2010-03-07,2010-04-13,,Insufficient History,2,"Mid-Value, Unreliable, Lapsed",Low Risk
14173,5,0,5,0.0,Likely to Exit,153.76,4.5224,566.95,7,80.99,2.2891,32,25,0.28,2009-12-09,2011-11-29,,Insufficient History,1,"Mid-Value, Unreliable, Recent",High Risk
14174,1,0,1,0.0,Likely to Exit,50.37,1.9373,134.46,1,134.46,1.0,55,2,0.5,2011-11-06,2011-11-06,,Insufficient History,1,"Mid-Value, Unreliable, Recent",High Risk
14175,10,6,4,60.0,Likely to Stay,1614.49,4.3753,7350.44,17,432.38,1.6068,73,22,0.7727,2010-03-22,2011-10-19,-107.036,Declining,0,"High-Value, Reliable, Recent",Low Risk
14176,4,0,4,0.0,Likely to Exit,168.34,3.5817,913.11,6,152.19,1.7162,319,14,0.4286,2010-11-23,2011-02-15,,Insufficient History,1,"Mid-Value, Unreliable, Recent",High Risk
14177,7,3,4,42.86,At Risk,848.11,4.0195,2224.39,14,158.88,2.09,106,23,0.6087,2010-02-26,2011-09-16,0.0,Declining,0,"High-Value, Reliable, Recent",Medium Risk
14178,6,2,4,33.33,Likely to Exit,556.92,1.7031,1620.93,7,231.56,0.6511,30,7,1.0,2011-06-10,2011-12-01,3.809,Increasing,0,"High-Value, Reliable, Recent",Medium Risk
14179,1,1,0,100.0,Very Loyal,464.24,2.8136,719.78,2,359.89,1.4142,62,3,0.6667,2011-10-18,2011-10-30,,Insufficient History,1,"Mid-Value, Unreliable, Recent",Low Risk
14180,17,9,8,52.94,At Risk,3227.63,10.345,6110.75,42,145.49,0.854,32,19,2.2105,2010-06-09,2011-11-29,0.745,Declining,0,"High-Value, Reliable, Recent",Medium Risk
14181,2,1,1,50.0,At Risk,143.35,2.6546,310.55,2,155.28,3.2457,432,20,0.1,2010-05-26,2010-10-25,,Insufficient History,2,"Mid-Value, Unreliable, Lapsed",Medium Risk
14182,5,0,5,0.0,Likely to Exit,265.29,5.1017,660.07,5,132.01,2.1755,465,21,0.2381,2010-04-22,2010-09-22,,Insufficient History,2,"Mid-Value, Unreliable, Lapsed",High Risk
14183,2,1,1,50.0,At Risk,188.72,5.392,286.29,2,143.14,2.7396,433,17,0.1176,2010-08-15,2010-10-24,,Insufficient History,2,"Mid-Value, Unreliable, Lapsed",Medium Risk
14184,1,1,0,100.0,Very Loyal,130.04,5.4183,452.89,1,452.89,1.4142,88,3,0.3333,2011-10-04,2011-10-04,,Insufficient History,1,"Mid-Value, Unreliable, Recent",Low Risk
14185,1,1,0,100.0,Very Loyal,179.2,59.7333,197.65,1,197.65,3.3166,353,12,0.0833,2011-01-12,2011-01-12,,Insufficient History,2,"Mid-Value, Unreliable, Lapsed",Low Risk
14186,5,0,5,0.0,Likely to Exit,153.06,1.4717,1550.63,5,310.13,1.9588,449,22,0.2273,2010-03-05,2010-10-08,,Insufficient History,1,"Mid-Value, Unreliable, Recent",High Risk
14187,1,0,1,0.0,Likely to Exit,38.4,4.8,123.5,1,123.5,4.0,495,17,0.0588,2010-08-23,2010-08-23,,Insufficient History,2,"Mid-Value, Unreliable, Lapsed",High Risk
14188,8,0,8,0.0,Likely to Exit,138.18,1.9462,2018.91,10,201.89,0.9217,30,11,0.9091,2011-02-02,2011-12-01,0.324,Declining,0,"High-Value, Reliable, Recent",High Risk
14189,13,1,12,7.69,Likely to Exit,810.97,2.4725,5764.62,25,230.58,0.4923,24,14,1.7857,2010-11-16,2011-12-07,1.232,Increasing,0,"High-Value, Reliable, Recent",High Risk
14190,1,0,1,0.0,Likely to Exit,39.95,39.95,79.9,1,79.9,4.6904,688,23,0.0435,2010-02-11,2010-02-11,,Insufficient History,2,"Mid-Value, Unreliable, Lapsed",High Risk
14191,10,1,9,10.0,Likely to Exit,566.66,2.091,4713.41,17,277.26,1.7283,23,25,0.68,2009-12-11,2011-12-08,1.521,Increasing,0,"High-Value, Reliable, Recent",High Risk
14192,1,0,1,0.0,Likely to Exit,23.44,1.6743,293.74,1,293.74,3.6056,410,14,0.0714,2010-11-16,2010-11-16,,Insufficient History,2,"Mid-Value, Unreliable, Lapsed",High Risk
14193,3,0,3,0.0,Likely to Exit,170.96,2.6713,1210.19,3,403.4,1.9231,89,14,0.2143,2010-11-08,2011-10-03,,Insufficient History,1,"Mid-Value, Unreliable, Recent",High Risk
14194,21,15,6,71.43,Likely to Stay,3181.14,3.2263,18442.87,54,341.53,0.8385,26,25,2.16,2009-12-10,2011-12-05,1.464,Increasing,0,"High-Value, Reliable, Recent",Low Risk
14195,5,0,5,0.0,Likely to Exit,60.07,2.7305,2381.24,10,238.12,2.105,223,22,0.4545,2010-03-15,2011-05-22,,Insufficient History,0,"High-Value, Reliable, Recent",High Risk
14196,1,0,1,0.0,Likely to Exit,19.59,3.265,335.52,1,335.52,2.0,128,5,0.2,2011-08-25,2011-08-25,,Insufficient History,1,"Mid-Value, Unreliable, Recent",High Risk
14197,1,0,1,0.0,Likely to Exit,93.5,4.675,390.05,1,390.05,3.7417,432,15,0.0667,2010-10-25,2010-10-25,,Insufficient History,2,"Mid-Value, Unreliable, Lapsed",High Risk
14198,10,0,10,0.0,Likely to Exit,500.46,5.1594,1527.58,13,117.51,1.3175,26,24,0.5417,2010-01-05,2011-12-05,0.505,Declining,0,"High-Value, Reliable, Recent",High Risk
14199,5,0,5,0.0,Likely to Exit,103.5,5.175,916.5,6,152.75,2.4332,240,19,0.3158,2010-06-27,2011-05-05,,Insufficient History,1,"Mid-Value, Unreliable, Recent",High Risk
14200,1,0,1,0.0,Likely to Exit,83.25,3.9643,379.2,1,379.2,4.4721,639,21,0.0476,2010-04-01,2010-04-01,,Insufficient History,2,"Mid-Value, Unreliable, Lapsed",High Risk
14201,10,0,10,0.0,Likely to Exit,164.0,2.8772,1134.14,12,94.51,1.1754,82,21,0.5714,2010-04-30,2011-10-10,0.557,Declining,1,"Mid-Value, Unreliable, Recent",High Risk
14202,3,1,2,33.33,Likely to Exit,245.18,8.4545,847.76,3,282.59,3.024,403,22,0.1364,2010-03-25,2010-11-23,,Insufficient History,2,"Mid-Value, Unreliable, Lapsed",Medium Risk
14203,1,0,1,0.0,Likely to Exit,86.34,5.3963,339.34,1,339.34,3.6056,419,14,0.0714,2010-11-07,2010-11-07,,Insufficient History,2,"Mid-Value, Unreliable, Lapsed",High Risk
14204,4,4,0,100.0,Very Loyal,624.69,2.6926,1062.96,4,265.74,2.4634,24,25,0.16,2009-12-02,2011-12-07,,Insufficient History,1,"Mid-Value, Unreliable, Recent",Low Risk
14205,9,2,7,22.22,Likely to Exit,600.88,3.9018,1908.38,12,159.03,1.4973,32,22,0.5455,2010-03-07,2011-11-29,,Insufficient History,0,"High-Value, Reliable, Recent",High Risk
14206,3,1,2,33.33,Likely to Exit,180.51,2.4727,1145.21,5,229.04,2.7191,261,14,0.3571,2010-11-02,2011-04-14,,Insufficient History,1,"Mid-Value, Unreliable, Recent",Medium Risk
14207,1,0,1,0.0,Likely to Exit,8.9,4.45,157.8,1,157.8,4.7958,709,24,0.0417,2010-01-21,2010-01-21,,Insufficient History,2,"Mid-Value, Unreliable, Lapsed",High Risk
14208,2,0,2,0.0,Likely to Exit,94.89,2.7111,567.05,2,283.53,3.2485,116,19,0.1053,2010-06-06,2011-09-06,0.0,Declining,1,"Mid-Value, Unreliable, Recent",High Risk
14209,15,3,12,20.0,Likely to Exit,1219.2,5.1443,4937.37,19,259.86,0.9823,32,25,0.76,2009-12-07,2011-11-29,0.248,Declining,0,"High-Value, Reliable, Recent",High Risk
14210,15,5,10,33.33,Likely to Exit,1217.4,3.6232,5814.32,21,276.87,0.9265,113,24,0.875,2010-01-06,2011-09-09,0.0,Declining,0,"High-Value, Reliable, Recent",Medium Risk
14211,14,1,13,7.14,Likely to Exit,725.69,2.8683,4301.69,26,165.45,1.3582,75,25,1.04,2009-12-09,2011-10-17,2.093,Increasing,0,"High-Value, Reliable, Recent",High Risk
14212,2,0,2,0.0,Likely to Exit,32.54,1.5495,2190.14,2,1095.07,2.6465,111,16,0.125,2010-09-20,2011-09-11,0.0,Declining,1,"Mid-Value, Unreliable, Recent",High Risk
14213,2,0,2,0.0,Likely to Exit,73.35,4.89,-1192.2,2,-596.1,3.7417,393,15,0.1333,2010-10-31,2010-12-03,,Insufficient History,3,"Low-Value, Reliable, Lapsed",High Risk
14214,5,1,4,20.0,Likely to Exit,160.98,2.2997,1000.23,7,142.89,1.8684,52,10,0.7,2011-03-07,2011-11-09,1.367,Increasing,1,"Mid-Value, Unreliable, Recent",High Risk
14215,8,2,6,25.0,Likely to Exit,541.82,2.8074,3404.53,10,340.45,1.7451,33,25,0.4,2009-12-08,2011-11-28,1.815,Increasing,0,"High-Value, Reliable, Recent",High Risk
14216,3,2,1,66.67,Likely to Stay,369.28,4.6744,2142.39,6,357.07,2.3499,25,15,0.4,2010-10-21,2011-12-06,,Insufficient History,0,"High-Value, Reliable, Recent",Low Risk
14217,17,3,14,17.65,Likely to Exit,1118.51,5.8256,3206.87,33,97.18,0.6789,23,19,1.7368,2010-06-30,2011-12-08,1.052,Stable,0,"High-Value, Reliable, Recent",High Risk
14218,1,0,1,0.0,Likely to Exit,17.28,1.44,169.48,1,169.48,1.4142,64,3,0.3333,2011-10-28,2011-10-28,,Insufficient History,1,"Mid-Value, Unreliable, Recent",High Risk
14219,3,0,3,0.0,Likely to Exit,167.29,3.8905,633.83,3,211.28,2.626,26,17,0.1765,2010-08-03,2011-12-05,,Insufficient History,1,"Mid-Value, Unreliable, Recent",High Risk
14220,3,0,3,0.0,Likely to Exit,148.07,3.8966,1515.0,4,378.75,2.7442,269,20,0.2,2010-05-19,2011-04-06,,Insufficient History,1,"Mid-Value, Unreliable, Recent",High Risk
14221,14,4,10,28.57,Likely to Exit,1166.46,3.3423,6506.59,19,342.45,1.0596,64,25,0.76,2009-12-04,2011-10-28,0.24,Declining,0,"High-Value, Reliable, Recent",High Risk
14222,1,0,1,0.0,Likely to Exit,69.98,1.7068,683.17,1,683.17,2.4495,199,7,0.1429,2011-06-15,2011-06-15,,Insufficient History,1,"Mid-Value, Unreliable, Recent",High Risk
14223,3,0,3,0.0,Likely to Exit,241.94,3.9662,975.23,4,243.81,1.5313,114,10,0.4,2011-03-20,2011-09-08,0.0,Declining,1,"Mid-Value, Unreliable, Recent",High Risk
14224,8,4,4,50.0,At Risk,971.67,4.0826,1897.9,9,210.88,1.458,132,19,0.4737,2010-06-13,2011-08-21,0.0,Declining,0,"High-Value, Reliable, Recent",Medium Risk
14225,4,0,4,0.0,Likely to Exit,262.84,2.8884,2015.12,5,403.02,2.3044,456,24,0.2083,2010-01-12,2010-10-01,,Insufficient History,1,"Mid-Value, Unreliable, Recent",High Risk
14226,5,0,5,0.0,Likely to Exit,297.72,2.8354,2967.78,9,329.75,1.7227,50,16,0.5625,2010-09-24,2011-11-11,1.814,Increasing,0,"High-Value, Reliable, Recent",High Risk
14227,13,3,10,23.08,Likely to Exit,1015.8,2.618,6327.31,22,287.61,1.5015,48,23,0.9565,2010-02-08,2011-11-13,0.465,Declining,0,"High-Value, Reliable, Recent",High Risk
14228,3,0,3,0.0,Likely to Exit,180.47,4.7492,745.5,3,248.5,2.6035,459,19,0.1579,2010-06-11,2010-09-28,,Insufficient History,2,"Mid-Value, Unreliable, Lapsed",High Risk
14229,7,0,7,0.0,Likely to Exit,328.68,4.2138,2468.99,11,224.45,1.4997,73,17,0.6471,2010-08-25,2011-10-19,,Insufficient History,0,"High-Value, Reliable, Recent",High Risk
14230,2,0,2,0.0,Likely to Exit,181.48,5.4994,979.8,3,326.6,2.9169,457,19,0.1579,2010-06-09,2010-09-30,,Insufficient History,2,"Mid-Value, Unreliable, Lapsed",High Risk
14231,5,1,4,20.0,Likely to Exit,274.21,3.7563,1131.97,6,188.66,1.7321,201,16,0.375,2010-09-15,2011-06-13,,Insufficient History,1,"Mid-Value, Unreliable, Recent",High Risk
14232,6,1,5,16.67,Likely to Exit,213.46,1.809,2043.93,8,255.49,1.1415,53,10,0.8,2011-03-20,2011-11-08,0.831,Declining,0,"High-Value, Reliable, Recent",High Risk
14233,9,0,9,0.0,Likely to Exit,240.41,3.1222,2766.96,10,276.7,1.6052,65,22,0.4545,2010-03-05,2011-10-27,,Insufficient History,0,"High-Value, Reliable, Recent",High Risk
14234,2,1,1,50.0,At Risk,252.98,1.5911,775.46,4,193.87,0.736,44,3,1.3333,2011-10-13,2011-11-17,,Insufficient History,1,"Mid-Value, Unreliable, Recent",Medium Risk
14235,8,0,8,0.0,Likely to Exit,321.23,2.1559,4666.99,10,466.7,1.7902,32,22,0.4545,2010-03-30,2011-11-29,-0.027,Declining,0,"High-Value, Reliable, Recent",High Risk
14236,6,0,6,0.0,Likely to Exit,157.39,3.0267,1732.74,7,247.53,1.7149,102,18,0.3889,2010-07-22,2011-09-20,0.0,Declining,1,"Mid-Value, Unreliable, Recent",High Risk
14237,2,1,1,50.0,At Risk,182.63,5.0731,627.04,3,209.01,3.0828,395,21,0.1429,2010-04-28,2010-12-01,,Insufficient History,2,"Mid-Value, Unreliable, Lapsed",Medium Risk
14238,3,0,3,0.0,Likely to Exit,42.94,3.3031,434.23,3,144.74,2.7198,348,25,0.12,2009-12-05,2011-01-17,,Insufficient History,2,"Mid-Value, Unreliable, Lapsed",High Risk
14239,17,1,16,5.88,Likely to Exit,807.89,3.7576,4203.72,24,175.16,1.0896,65,25,0.96,2009-12-05,2011-10-27,0.175,Declining,0,"High-Value, Reliable, Recent",High Risk
14240,3,0,3,0.0,Likely to Exit,194.27,3.1848,1247.49,3,415.83,2.229,52,15,0.2,2010-10-12,2011-11-09,,Insufficient History,1,"Mid-Value, Unreliable, Recent",High Risk
14241,2,0,2,0.0,Likely to Exit,22.05,1.8375,333.7,2,166.85,3.4563,205,24,0.0833,2010-01-12,2011-06-09,,Insufficient History,2,"Mid-Value, Unreliable, Lapsed",High Risk
14242,2,0,2,0.0,Likely to Exit,59.53,3.7206,280.55,2,140.28,2.2363,256,12,0.1667,2011-01-18,2011-04-19,,Insufficient History,1,"Mid-Value, Unreliable, Recent",High Risk
14243,14,6,8,42.86,At Risk,1415.75,3.7062,7365.36,23,320.23,1.3425,30,17,1.3529,2010-08-20,2011-12-01,0.557,Declining,0,"High-Value, Reliable, Recent",Medium Risk
14244,1,0,1,0.0,Likely to Exit,23.96,1.198,354.82,2,177.41,4.6904,681,23,0.087,2010-02-17,2010-02-18,,Insufficient History,2,"Mid-Value, Unreliable, Lapsed",High Risk
14245,3,2,1,66.67,Likely to Stay,348.95,3.1156,1677.48,5,335.5,2.0433,198,10,0.5,2011-03-21,2011-06-16,,Insufficient History,1,"Mid-Value, Unreliable, Recent",Low Risk
14246,3,0,3,0.0,Likely to Exit,223.01,2.9735,1474.06,3,491.35,1.4182,132,9,0.3333,2011-04-08,2011-08-21,0.0,Declining,1,"Mid-Value, Unreliable, Recent",High Risk
14247,5,1,4,20.0,Likely to Exit,458.73,3.8875,769.71,6,128.28,1.6989,300,19,0.3158,2010-06-06,2011-03-06,,Insufficient History,1,"Mid-Value, Unreliable, Recent",High Risk
14248,3,0,3,0.0,Likely to Exit,119.29,2.5381,1032.95,3,344.32,2.2671,340,18,0.1667,2010-07-12,2011-01-25,,Insufficient History,1,"Mid-Value, Unreliable, Recent",High Risk
14249,7,3,4,42.86,At Risk,1166.16,4.0074,5625.46,12,468.79,1.7787,432,24,0.5,2010-01-29,2010-10-25,,Insufficient History,0,"High-Value, Reliable, Recent",Medium Risk
14250,2,1,1,50.0,At Risk,276.08,2.4872,1904.05,3,634.68,1.0812,29,4,0.75,2011-09-11,2011-12-02,,Insufficient History,1,"Mid-Value, Unreliable, Recent",Medium Risk
14251,3,0,3,0.0,Likely to Exit,161.4,2.0692,2879.7,5,575.94,0.3556,23,3,1.6667,2011-10-13,2011-12-08,,Insufficient History,0,"High-Value, Reliable, Recent",High Risk
14252,1,1,0,100.0,Very Loyal,126.33,12.633,350.99,1,350.99,3.6056,403,14,0.0714,2010-11-23,2010-11-23,,Insufficient History,2,"Mid-Value, Unreliable, Lapsed",Low Risk
14253,2,0,2,0.0,Likely to Exit,70.75,5.8958,363.4,2,181.7,3.1916,515,22,0.0909,2010-03-26,2010-08-03,,Insufficient History,2,"Mid-Value, Unreliable, Lapsed",High Risk
14254,1,0,1,0.0,Likely to Exit,56.99,2.4778,601.03,1,601.03,3.7417,454,15,0.0667,2010-10-03,2010-10-03,,Insufficient History,2,"Mid-Value, Unreliable, Lapsed",High Risk
14255,1,1,0,100.0,Very Loyal,3442.86,860.715,-1441.6,4,-360.4,4.2426,568,19,0.2105,2010-06-11,2010-06-11,,Insufficient History,3,"Low-Value, Reliable, Lapsed",Low Risk
14256,6,3,3,50.0,At Risk,588.99,4.2373,2397.34,9,266.37,2.3687,276,24,0.375,2010-01-14,2011-03-30,,Insufficient History,0,"High-Value, Reliable, Recent",Medium Risk
14257,9,0,9,0.0,Likely to Exit,571.91,2.3731,5942.0,10,594.2,1.4707,73,22,0.4545,2010-03-01,2011-10-19,0.213,Declining,0,"High-Value, Reliable, Recent",High Risk
14258,20,2,18,10.0,Likely to Exit,1272.5,4.0785,31027.35,32,969.6,0.7199,31,25,1.28,2009-12-04,2011-11-30,0.374,Declining,0,"High-Value, Reliable, Recent",High Risk
14259,1,0,1,0.0,Likely to Exit,14.15,2.83,120.0,1,120.0,2.2361,163,6,0.1667,2011-07-21,2011-07-21,0.0,Declining,1,"Mid-Value, Unreliable, Recent",High Risk
14260,2,0,2,0.0,Likely to Exit,156.11,3.061,824.28,3,274.76,3.0655,493,19,0.1579,2010-06-09,2010-08-25,,Insufficient History,2,"Mid-Value, Unreliable, Lapsed",High Risk
14261,2,1,1,50.0,At Risk,263.33,5.064,1163.45,2,581.73,1.3321,72,4,0.5,2011-09-22,2011-10-20,,Insufficient History,1,"Mid-Value, Unreliable, Recent",Medium Risk
14262,7,0,7,0.0,Likely to Exit,298.97,2.0907,2618.23,8,327.28,0.7398,30,9,0.8889,2011-04-13,2011-12-01,1.087,Stable,0,"High-Value, Reliable, Recent",High Risk
14263,1,0,1,0.0,Likely to Exit,37.74,2.3588,322.93,1,322.93,3.7417,445,15,0.0667,2010-10-12,2010-10-12,,Insufficient History,2,"Mid-Value, Unreliable, Lapsed",High Risk
14264,7,2,5,28.57,Likely to Exit,479.12,5.7038,1461.36,8,182.67,1.819,176,21,0.381,2010-04-07,2011-07-08,0.0,Declining,1,"Mid-Value, Unreliable, Recent",High Risk
14265,4,2,2,50.0,At Risk,377.19,4.7746,1373.35,4,343.34,2.2722,131,21,0.1905,2010-04-06,2011-08-22,0.0,Declining,1,"Mid-Value, Unreliable, Recent",Medium Risk
14266,1,0,1,0.0,Likely to Exit,1.69,1.69,40.56,1,40.56,3.7417,450,15,0.0667,2010-10-07,2010-10-07,,Insufficient History,2,"Mid-Value, Unreliable, Lapsed",High Risk
14267,6,2,4,33.33,Likely to Exit,307.61,4.5237,1259.19,9,139.91,3.4107,172,25,0.36,2009-12-08,2011-07-12,-0.0,Declining,1,"Mid-Value, Unreliable, Recent",Medium Risk
14268,1,0,1,0.0,Likely to Exit,65.25,3.4342,354.85,1,354.85,4.0,492,17,0.0588,2010-08-26,2010-08-26,,Insufficient History,2,"Mid-Value, Unreliable, Lapsed",High Risk
14269,1,1,0,100.0,Very Loyal,103.47,5.1735,261.68,2,130.84,3.873,457,16,0.125,2010-09-26,2010-09-30,,Insufficient History,2,"Mid-Value, Unreliable, Lapsed",Low Risk
14270,1,1,0,100.0,Very Loyal,132.55,4.5707,492.65,1,492.65,3.3166,353,12,0.0833,2011-01-12,2011-01-12,,Insufficient History,2,"Mid-Value, Unreliable, Lapsed",Low Risk
14271,2,0,2,0.0,Likely to Exit,96.89,2.4844,219.13,2,109.56,2.5504,247,15,0.1333,2010-10-26,2011-04-28,,Insufficient History,1,"Mid-Value, Unreliable, Recent",High Risk
14272,3,0,3,0.0,Likely to Exit,148.22,2.3159,920.81,4,230.2,2.6679,95,20,0.2,2010-05-06,2011-09-27,0.0,Declining,1,"Mid-Value, Unreliable, Recent",High Risk
14273,4,0,4,0.0,Likely to Exit,72.06,2.4848,559.97,4,139.99,1.253,73,9,0.4444,2011-04-11,2011-10-19,0.475,Declining,1,"Mid-Value, Unreliable, Recent",High Risk
14274,1,0,1,0.0,Likely to Exit,25.0,1.6667,256.6,1,256.6,4.7958,708,24,0.0417,2010-01-22,2010-01-22,,Insufficient History,2,"Mid-Value, Unreliable, Lapsed",High Risk
14275,4,0,4,0.0,Likely to Exit,44.74,1.9452,1189.38,6,198.23,2.27,417,21,0.2857,2010-04-11,2010-11-09,,Insufficient History,1,"Mid-Value, Unreliable, Recent",High Risk
14276,9,0,9,0.0,Likely to Exit,333.47,2.3158,1929.32,13,148.41,1.6917,110,23,0.5652,2010-02-17,2011-09-12,0.0,Declining,0,"High-Value, Reliable, Recent",High Risk
14277,8,4,4,50.0,At Risk,1637.37,3.4987,4324.47,14,308.89,3.4218,37,25,0.56,2009-12-03,2011-11-24,,Insufficient History,0,"High-Value, Reliable, Recent",Medium Risk
14278,1,0,1,0.0,Likely to Exit,33.97,2.6131,205.83,1,205.83,3.7417,431,15,0.0667,2010-10-26,2010-10-26,,Insufficient History,2,"Mid-Value, Unreliable, Lapsed",High Risk
14279,2,0,2,0.0,Likely to Exit,13.59,4.53,191.86,2,95.93,3.3581,542,24,0.0833,2010-01-27,2010-07-07,,Insufficient History,2,"Mid-Value, Unreliable, Lapsed",High Risk
14280,1,0,1,0.0,Likely to Exit,37.87,4.7337,134.04,1,134.04,2.6458,218,8,0.125,2011-05-27,2011-05-27,,Insufficient History,1,"Mid-Value, Unreliable, Recent",High Risk
14281,1,0,1,0.0,Likely to Exit,47.0,6.7143,245.15,1,245.15,3.7417,430,15,0.0667,2010-10-27,2010-10-27,,Insufficient History,2,"Mid-Value, Unreliable, Lapsed",High Risk
14282,15,0,15,0.0,Likely to Exit,409.65,1.6065,7844.66,26,301.72,1.0079,25,23,1.1304,2010-02-15,2011-12-06,1.71,Increasing,0,"High-Value, Reliable, Recent",High Risk
14283,4,0,4,0.0,Likely to Exit,79.15,1.9305,628.44,4,157.11,2.1191,485,20,0.2,2010-05-19,2010-09-02,,Insufficient History,2,"Mid-Value, Unreliable, Lapsed",High Risk
14284,3,1,2,33.33,Likely to Exit,287.48,4.1664,1282.85,4,320.71,2.868,52,23,0.1739,2010-02-24,2011-11-09,1.458,Increasing,1,"Mid-Value, Unreliable, Recent",Medium Risk
14285,8,2,6,25.0,Likely to Exit,404.46,6.5235,3158.64,9,350.96,2.2828,43,25,0.36,2009-12-08,2011-11-18,0.526,Declining,0,"High-Value, Reliable, Recent",High Risk
14286,8,3,5,37.5,Likely to Exit,728.91,1.4292,8396.7,12,699.73,1.9214,45,25,0.48,2009-12-04,2011-11-16,-112.949,Declining,0,"High-Value, Reliable, Recent",Medium Risk
14287,3,0,3,0.0,Likely to Exit,23.07,2.0973,151.23,4,37.81,1.7358,30,8,0.5,2011-05-25,2011-12-01,,Insufficient History,1,"Mid-Value, Unreliable, Recent",High Risk
14288,1,0,1,0.0,Likely to Exit,60.85,3.5794,413.85,2,206.93,2.6458,234,8,0.25,2011-05-10,2011-05-11,,Insufficient History,1,"Mid-Value, Unreliable, Recent",High Risk
14289,6,0,6,0.0,Likely to Exit,251.28,5.3464,911.26,6,151.88,1.1533,30,11,0.5455,2011-02-23,2011-12-01,0.718,Declining,1,"Mid-Value, Unreliable, Recent",High Risk
14290,10,3,7,30.0,Likely to Exit,671.41,3.9035,4208.93,14,300.64,1.7827,33,25,0.56,2009-12-08,2011-11-28,4.236,Increasing,0,"High-Value, Reliable, Recent",Medium Risk
14291,13,5,8,38.46,Likely to Exit,1201.83,2.4182,7844.4,25,313.78,1.0961,23,25,1.0,2009-12-09,2011-12-08,4.844,Increasing,0,"High-Value, Reliable, Recent",Medium Risk
14292,17,0,17,0.0,Likely to Exit,668.32,3.2286,8887.9,27,329.18,1.3248,29,25,1.08,2009-12-01,2011-12-02,0.861,Declining,0,"High-Value, Reliable, Recent",High Risk
14293,7,1,6,14.29,Likely to Exit,392.77,2.9094,3174.33,10,317.43,1.9409,25,25,0.4,2009-12-10,2011-12-06,1.327,Increasing,0,"High-Value, Reliable, Recent",High Risk
14294,1,0,1,0.0,Likely to Exit,76.97,3.3465,375.34,1,375.34,3.7417,429,15,0.0667,2010-10-28,2010-10-28,,Insufficient History,2,"Mid-Value, Unreliable, Lapsed",High Risk
14295,6,0,6,0.0,Likely to Exit,267.75,3.523,2316.06,8,289.51,2.5469,62,25,0.32,2009-12-08,2011-10-30,,Insufficient History,1,"Mid-Value, Unreliable, Recent",High Risk
14296,2,0,2,0.0,Likely to Exit,101.09,3.6104,448.45,3,149.48,3.1129,435,20,0.15,2010-05-14,2010-10-22,,Insufficient History,2,"Mid-Value, Unreliable, Lapsed",High Risk
14297,3,0,3,0.0,Likely to Exit,156.57,2.4464,1284.06,6,214.01,1.6484,39,10,0.6,2011-03-10,2011-11-22,,Insufficient History,1,"Mid-Value, Unreliable, Recent",High Risk
14298,23,14,9,60.87,Likely to Stay,4523.69,1.5773,90489.31,84,1077.25,0.6642,25,25,3.36,2009-12-11,2011-12-06,0.507,Declining,0,"High-Value, Reliable, Recent",Low Risk
14299,17,5,12,29.41,Likely to Exit,1249.95,3.3691,12827.77,41,312.87,1.1026,30,25,1.64,2009-12-02,2011-12-01,0.928,Stable,0,"High-Value, Reliable, Recent",High Risk
14300,1,0,1,0.0,Likely to Exit,4.15,1.3833,43.2,1,43.2,1.0,40,2,0.5,2011-11-21,2011-11-21,,Insufficient History,1,"Mid-Value, Unreliable, Recent",High Risk
14301,4,0,4,0.0,Likely to Exit,165.33,2.7555,1956.23,7,279.46,2.28,129,23,0.3043,2010-02-11,2011-08-24,0.0,Declining,1,"Mid-Value, Unreliable, Recent",High Risk
14302,3,0,3,0.0,Likely to Exit,81.4,2.9071,742.9,3,247.63,2.9495,452,25,0.12,2009-12-02,2010-10-05,,Insufficient History,2,"Mid-Value, Unreliable, Lapsed",High Risk
14303,1,0,1,0.0,Likely to Exit,32.35,1.4705,277.94,2,138.97,3.7417,429,15,0.1333,2010-10-01,2010-10-28,,Insufficient History,2,"Mid-Value, Unreliable, Lapsed",High Risk
14304,4,2,2,50.0,At Risk,361.39,3.6504,1523.81,5,304.76,2.457,244,20,0.25,2010-05-18,2011-05-01,,Insufficient History,1,"Mid-Value, Unreliable, Recent",Medium Risk
14305,3,1,2,33.33,Likely to Exit,264.84,2.4076,1803.76,5,360.75,1.4261,93,6,0.8333,2011-07-27,2011-09-29,0.0,Declining,1,"Mid-Value, Unreliable, Recent",Medium Risk
14306,5,0,5,0.0,Likely to Exit,161.56,3.3658,3141.5,7,448.79,2.7452,73,24,0.2917,2010-01-31,2011-10-19,0.231,Declining,1,"Mid-Value, Unreliable, Recent",High Risk
14307,9,2,7,22.22,Likely to Exit,844.46,2.7153,5063.08,11,460.28,1.7518,110,25,0.44,2009-12-07,2011-09-12,0.0,Declining,0,"High-Value, Reliable, Recent",High Risk
14308,1,1,0,100.0,Very Loyal,3143.49,628.698,-849.45,5,-169.89,4.2426,571,19,0.2632,2010-06-08,2010-06-08,,Insufficient History,3,"Low-Value, Reliable, Lapsed",Low Risk
14309,10,1,9,10.0,Likely to Exit,503.87,2.5839,3747.96,12,312.33,1.217,30,19,0.6316,2010-06-07,2011-12-01,2.221,Increasing,0,"High-Value, Reliable, Recent",High Risk
14310,1,0,1,0.0,Likely to Exit,51.0,2.3182,492.1,1,492.1,3.7417,454,15,0.0667,2010-10-03,2010-10-03,,Insufficient History,2,"Mid-Value, Unreliable, Lapsed",High Risk
14311,2,1,1,50.0,At Risk,178.34,4.6932,435.9,3,145.3,3.0669,247,20,0.15,2010-05-21,2011-04-28,,Insufficient History,1,"Mid-Value, Unreliable, Recent",Medium Risk
14312,9,3,6,33.33,Likely to Exit,721.96,4.0109,3090.29,11,280.94,1.3387,68,18,0.6111,2010-07-23,2011-10-24,2.93,Increasing,0,"High-Value, Reliable, Recent",Medium Risk
14313,1,1,0,100.0,Very Loyal,302.31,302.31,-302.31,1,-302.31,0.0,646,22,0.0455,2010-03-25,2010-03-25,,Insufficient History,3,"Low-Value, Reliable, Lapsed",Low Risk
14314,2,0,2,0.0,Likely to Exit,14.48,1.3164,221.9,3,73.97,2.5524,128,15,0.2,2010-10-05,2011-08-25,0.0,Declining,1,"Mid-Value, Unreliable, Recent",High Risk
14315,9,2,7,22.22,Likely to Exit,497.79,3.6335,3168.72,10,316.87,1.7963,43,22,0.4545,2010-03-15,2011-11-18,1.307,Increasing,0,"High-Value, Reliable, Recent",High Risk
14316,4,0,4,0.0,Likely to Exit,27.55,0.8609,1355.34,6,225.89,2.1335,444,22,0.2727,2010-03-19,2010-10-13,,Insufficient History,1,"Mid-Value, Unreliable, Recent",High Risk
14317,1,0,1,0.0,Likely to Exit,74.34,3.0975,508.58,1,508.58,1.4142,86,3,0.3333,2011-10-06,2011-10-06,,Insufficient History,1,"Mid-Value, Unreliable, Recent",High Risk
14318,1,0,1,0.0,Likely to Exit,14.74,1.6378,158.02,1,158.02,3.873,482,16,0.0625,2010-09-05,2010-09-05,,Insufficient History,2,"Mid-Value, Unreliable, Lapsed",High Risk
14319,2,0,2,0.0,Likely to Exit,58.42,2.1637,476.95,2,238.48,4.899,446,25,0.08,2009-12-11,2010-10-11,,Insufficient History,2,"Mid-Value, Unreliable, Lapsed",High Risk
14320,6,1,5,16.67,Likely to Exit,326.12,3.5067,1204.12,7,172.02,2.0736,228,24,0.2917,2010-01-21,2011-05-17,,Insufficient History,1,"Mid-Value, Unreliable, Recent",High Risk
14321,7,0,7,0.0,Likely to Exit,310.77,1.717,2198.58,8,274.82,1.2044,32,17,0.4706,2010-08-23,2011-11-29,0.497,Declining,0,"High-Value, Reliable, Recent",High Risk
14322,3,0,3,0.0,Likely to Exit,81.55,4.7971,384.3,6,64.05,3.327,449,23,0.2609,2010-02-18,2010-10-08,,Insufficient History,2,"Mid-Value, Unreliable, Lapsed",High Risk
14323,3,0,3,0.0,Likely to Exit,123.92,3.0224,574.26,4,143.56,1.8709,136,9,0.4444,2011-04-15,2011-08-17,0.0,Declining,1,"Mid-Value, Unreliable, Recent",High Risk
14324,2,0,2,0.0,Likely to Exit,126.21,3.0783,701.61,2,350.81,3.3184,431,24,0.0833,2010-01-15,2010-10-26,,Insufficient History,2,"Mid-Value, Unreliable, Lapsed",High Risk
14325,1,0,1,0.0,Likely to Exit,20.75,1.1528,245.48,1,245.48,4.3589,591,20,0.05,2010-05-19,2010-05-19,,Insufficient History,2,"Mid-Value, Unreliable, Lapsed",High Risk
14326,3,0,3,0.0,Likely to Exit,186.93,3.2229,923.98,4,231.0,2.4684,256,19,0.2105,2010-06-25,2011-04-19,,Insufficient History,1,"Mid-Value, Unreliable, Recent",High Risk
14327,6,0,6,0.0,Likely to Exit,234.15,2.209,1894.93,6,315.82,1.7327,185,24,0.25,2010-01-08,2011-06-29,,Insufficient History,1,"Mid-Value, Unreliable, Recent",High Risk
14328,2,2,0,100.0,Very Loyal,1335.16,445.0533,-445.06,3,-148.35,3.873,452,16,0.1875,2010-09-09,2010-10-05,,Insufficient History,3,"Low-Value, Reliable, Lapsed",Low Risk
14329,18,8,10,44.44,At Risk,1877.96,3.2831,9735.52,28,347.7,1.1158,30,25,1.12,2009-12-16,2011-12-01,3.734,Increasing,0,"High-Value, Reliable, Recent",Medium Risk
14330,1,0,1,0.0,Likely to Exit,33.99,2.6146,200.63,1,200.63,4.5826,645,22,0.0455,2010-03-26,2010-03-26,,Insufficient History,2,"Mid-Value, Unreliable, Lapsed",High Risk
14331,2,0,2,0.0,Likely to Exit,84.54,3.0193,462.66,2,231.33,1.8168,146,6,0.3333,2011-07-27,2011-08-07,0.0,Declining,1,"Mid-Value, Unreliable, Recent",High Risk
14332,5,0,5,0.0,Likely to Exit,165.68,2.6298,1943.51,5,388.7,1.5942,44,15,0.3333,2010-10-19,2011-11-17,6.277,Increasing,1,"Mid-Value, Unreliable, Recent",High Risk
14333,1,1,0,100.0,Very Loyal,159.7,8.4053,351.45,2,175.72,1.4142,86,3,0.6667,2011-10-03,2011-10-06,,Insufficient History,1,"Mid-Value, Unreliable, Recent",Low Risk
14334,13,1,12,7.69,Likely to Exit,827.72,3.1835,4292.98,14,306.64,0.8735,38,20,0.7,2010-05-20,2011-11-23,0.344,Declining,0,"High-Value, Reliable, Recent",High Risk
14335,2,0,2,0.0,Likely to Exit,144.24,2.2895,468.26,2,234.13,1.2535,38,4,0.5,2011-09-04,2011-11-23,,Insufficient History,1,"Mid-Value, Unreliable, Recent",High Risk
14336,3,0,3,0.0,Likely to Exit,145.36,1.6151,1614.91,4,403.73,1.5315,38,10,0.4,2011-03-08,2011-11-23,,Insufficient History,1,"Mid-Value, Unreliable, Recent",High Risk
14337,1,0,1,0.0,Likely to Exit,95.88,2.6633,-658.63,1,-658.63,0.0,753,25,0.04,2009-12-08,2009-12-08,,Insufficient History,3,"Low-Value, Reliable, Lapsed",High Risk
14338,4,1,3,25.0,Likely to Exit,164.14,3.097,894.1,5,178.82,2.9948,180,19,0.2632,2010-06-21,2011-07-04,0.0,Declining,1,"Mid-Value, Unreliable, Recent",High Risk
14339,2,0,2,0.0,Likely to Exit,52.68,1.9511,600.66,5,120.13,2.5495,256,15,0.3333,2010-10-07,2011-04-19,,Insufficient History,1,"Mid-Value, Unreliable, Recent",High Risk
14340,1,0,1,0.0,Likely to Exit,17.6,2.9333,134.7,1,134.7,2.6458,240,8,0.125,2011-05-05,2011-05-05,,Insufficient History,1,"Mid-Value, Unreliable, Recent",High Risk
14341,11,1,10,9.09,Likely to Exit,687.92,2.5669,4443.47,20,222.17,1.4061,67,25,0.8,2009-12-01,2011-10-25,2.39,Increasing,0,"High-Value, Reliable, Recent",High Risk
14342,5,0,5,0.0,Likely to Exit,122.0,3.2973,842.74,9,93.64,1.7625,43,17,0.5294,2010-08-24,2011-11-18,2.259,Increasing,1,"Mid-Value, Unreliable, Recent",High Risk
14343,4,3,1,75.0,Likely to Stay,573.68,2.4104,1088.91,4,272.23,2.498,443,24,0.1667,2010-01-18,2010-10-14,,Insufficient History,2,"Mid-Value, Unreliable, Lapsed",Low Risk
14344,12,4,8,33.33,Likely to Exit,870.68,3.583,3333.7,20,166.68,1.3443,149,22,0.9091,2010-03-23,2011-08-04,0.0,Declining,0,"High-Value, Reliable, Recent",Medium Risk
14345,1,0,1,0.0,Likely to Exit,20.94,3.49,108.98,1,108.98,1.0,60,2,0.5,2011-11-01,2011-11-01,,Insufficient History,1,"Mid-Value, Unreliable, Recent",High Risk
14346,4,3,1,75.0,Likely to Stay,507.53,3.4762,2315.75,5,463.15,1.9952,142,18,0.2778,2010-07-30,2011-08-11,0.0,Declining,0,"High-Value, Reliable, Recent",Low Risk
14347,1,0,1,0.0,Likely to Exit,16.4,2.7333,82.6,1,82.6,4.899,758,25,0.04,2009-12-03,2009-12-03,,Insufficient History,2,"Mid-Value, Unreliable, Lapsed",High Risk
14348,1,0,1,0.0,Likely to Exit,53.32,2.9622,409.57,1,409.57,3.0,282,10,0.1,2011-03-24,2011-03-24,,Insufficient History,2,"Mid-Value, Unreliable, Lapsed",High Risk
14349,1,0,1,0.0,Likely to Exit,71.9,2.3194,133.5,1,133.5,1.0,32,2,0.5,2011-11-29,2011-11-29,,Insufficient History,1,"Mid-Value, Unreliable, Recent",High Risk
14350,3,1,2,33.33,Likely to Exit,247.49,3.9918,947.8,4,236.95,2.0221,292,15,0.2667,2010-10-05,2011-03-14,,Insufficient History,1,"Mid-Value, Unreliable, Recent",Medium Risk
14351,1,0,1,0.0,Likely to Exit,4.25,4.25,51.0,1,51.0,2.4495,186,7,0.1429,2011-06-28,2011-06-28,,Insufficient History,1,"Mid-Value, Unreliable, Recent",High Risk
14352,3,1,2,33.33,Likely to Exit,181.7,3.866,1078.96,4,269.74,1.7796,179,10,0.4,2011-03-11,2011-07-05,0.0,Declining,1,"Mid-Value, Unreliable, Recent",Medium Risk
14353,2,0,2,0.0,Likely to Exit,41.65,1.666,376.5,3,125.5,2.9186,237,15,0.2,2010-10-04,2011-05-08,,Insufficient History,1,"Mid-Value, Unreliable, Recent",High Risk
14354,2,0,2,0.0,Likely to Exit,11.14,1.2378,163.62,2,81.81,0.073,27,2,1.0,2011-11-09,2011-12-04,,Insufficient History,1,"Mid-Value, Unreliable, Recent",High Risk
14355,3,0,3,0.0,Likely to Exit,161.78,2.2786,1014.45,3,338.15,2.5258,387,22,0.1364,2010-03-22,2010-12-09,,Insufficient History,1,"Mid-Value, Unreliable, Recent",High Risk
14356,2,1,1,50.0,At Risk,146.68,3.86,666.94,4,166.73,1.7321,82,4,1.0,2011-09-19,2011-10-10,,Insufficient History,1,"Mid-Value, Unreliable, Recent",Medium Risk
14357,1,0,1,0.0,Likely to Exit,79.96,1.9502,225.77,1,225.77,1.4142,65,3,0.3333,2011-10-27,2011-10-27,,Insufficient History,1,"Mid-Value, Unreliable, Recent",High Risk
14358,3,0,3,0.0,Likely to Exit,55.55,2.1365,384.3,3,128.1,3.4253,411,24,0.125,2010-01-26,2010-11-15,,Insufficient History,2,"Mid-Value, Unreliable, Lapsed",High Risk
14359,3,1,2,33.33,Likely to Exit,228.2,3.9345,882.58,6,147.1,0.7995,41,4,1.5,2011-09-13,2011-11-20,,Insufficient History,1,"Mid-Value, Unreliable, Recent",Medium Risk
14360,3,2,1,66.67,Likely to Stay,365.85,3.1004,2128.23,4,532.06,0.8469,53,4,1.0,2011-09-06,2011-11-08,,Insufficient History,0,"High-Value, Reliable, Recent",Low Risk
14361,1,0,1,0.0,Likely to Exit,37.94,2.71,214.71,1,214.71,4.3589,600,20,0.05,2010-05-10,2010-05-10,,Insufficient History,2,"Mid-Value, Unreliable, Lapsed",High Risk
14362,1,0,1,0.0,Likely to Exit,95.47,2.3285,161.2,1,161.2,1.0,44,2,0.5,2011-11-17,2011-11-17,,Insufficient History,1,"Mid-Value, Unreliable, Recent",High Risk
14363,2,0,2,0.0,Likely to Exit,27.42,3.4275,227.47,2,113.74,2.7898,424,16,0.125,2010-09-14,2010-11-02,,Insufficient History,2,"Mid-Value, Unreliable, Lapsed",High Risk
14364,4,1,3,25.0,Likely to Exit,208.8,3.0261,3717.35,8,464.67,1.2765,130,8,1.0,2011-05-12,2011-08-23,0.0,Declining,0,"High-Value, Reliable, Recent",High Risk
14365,2,0,2,0.0,Likely to Exit,100.08,1.9624,634.68,2,317.34,3.3175,416,24,0.0833,2010-01-27,2010-11-10,,Insufficient History,2,"Mid-Value, Unreliable, Lapsed",High Risk
14366,1,0,1,0.0,Likely to Exit,8.5,8.5,136.0,1,136.0,4.1231,547,18,0.0556,2010-07-02,2010-07-02,,Insufficient History,2,"Mid-Value, Unreliable, Lapsed",High Risk
14367,9,7,2,77.78,Likely to Stay,1700.53,3.1905,9167.82,19,482.52,0.5012,30,10,1.9,2011-03-08,2011-12-01,0.827,Declining,0,"High-Value, Reliable, Recent",Low Risk
14368,1,0,1,0.0,Likely to Exit,49.0,6.125,155.0,1,155.0,3.3166,341,12,0.0833,2011-01-24,2011-01-24,,Insufficient History,2,"Mid-Value, Unreliable, Lapsed",High Risk
14369,2,0,2,0.0,Likely to Exit,76.1,2.9269,469.13,2,234.56,3.3734,664,23,0.087,2010-02-16,2010-03-07,,Insufficient History,2,"Mid-Value, Unreliable, Lapsed",High Risk
14370,6,1,5,16.67,Likely to Exit,345.24,7.0457,1092.13,9,121.35,1.9972,472,23,0.3913,2010-02-01,2010-09-15,,Insufficient History,1,"Mid-Value, Unreliable, Recent",High Risk
14371,1,0,1,0.0,Likely to Exit,15.1,3.775,100.5,1,100.5,3.1623,317,11,0.0909,2011-02-17,2011-02-17,,Insufficient History,2,"Mid-Value, Unreliable, Lapsed",High Risk
14372,3,1,2,33.33,Likely to Exit,174.62,4.4774,830.18,3,276.73,3.6383,465,25,0.12,2009-12-14,2010-09-22,,Insufficient History,2,"Mid-Value, Unreliable, Lapsed",Medium Risk
14373,1,0,1,0.0,Likely to Exit,46.5,11.625,76.55,1,76.55,3.4641,380,13,0.0769,2010-12-16,2010-12-16,,Insufficient History,2,"Mid-Value, Unreliable, Lapsed",High Risk
14374,1,0,1,0.0,Likely to Exit,58.55,8.3643,108.0,1,108.0,4.2426,563,19,0.0526,2010-06-16,2010-06-16,,Insufficient History,2,"Mid-Value, Unreliable, Lapsed",High Risk
14375,3,3,0,100.0,Very Loyal,592.91,2.745,1132.99,3,377.66,2.4305,207,19,0.1579,2010-06-16,2011-06-07,,Insufficient History,1,"Mid-Value, Unreliable, Recent",Low Risk
14376,1,0,1,0.0,Likely to Exit,70.74,3.93,215.46,1,215.46,4.7958,705,24,0.0417,2010-01-25,2010-01-25,,Insufficient History,2,"Mid-Value, Unreliable, Lapsed",High Risk
14377,2,0,2,0.0,Likely to Exit,100.65,9.15,617.05,2,308.52,2.0005,213,10,0.2,2011-03-22,2011-06-01,,Insufficient History,1,"Mid-Value, Unreliable, Recent",High Risk
14378,1,0,1,0.0,Likely to Exit,33.25,3.6944,131.25,1,131.25,4.5826,643,22,0.0455,2010-03-28,2010-03-28,,Insufficient History,2,"Mid-Value, Unreliable, Lapsed",High Risk
14379,4,2,2,50.0,At Risk,427.68,3.3153,1268.91,4,317.23,2.1474,66,17,0.2353,2010-08-16,2011-10-26,,Insufficient History,1,"Mid-Value, Unreliable, Recent",Medium Risk
14380,2,1,1,50.0,At Risk,197.65,98.825,-99.73,2,-49.86,4.7958,625,24,0.0833,2010-01-26,2010-04-15,,Insufficient History,3,"Low-Value, Reliable, Lapsed",Medium Risk
14381,2,0,2,0.0,Likely to Exit,187.17,1.6418,631.34,2,315.67,2.8328,74,16,0.125,2010-09-14,2011-10-18,,Insufficient History,1,"Mid-Value, Unreliable, Recent",High Risk
14382,2,2,0,100.0,Very Loyal,552.18,1.8224,1240.85,3,413.62,2.4495,48,14,0.2143,2010-11-14,2011-11-13,,Insufficient History,1,"Mid-Value, Unreliable, Recent",Low Risk
14383,3,0,3,0.0,Likely to Exit,196.23,3.3259,1247.69,3,415.9,1.3439,60,7,0.4286,2011-06-29,2011-11-01,,Insufficient History,1,"Mid-Value, Unreliable, Recent",High Risk
14384,1,0,1,0.0,Likely to Exit,5.85,1.95,58.5,1,58.5,4.1231,522,18,0.0556,2010-07-27,2010-07-27,,Insufficient History,2,"Mid-Value, Unreliable, Lapsed",High Risk
14385,1,0,1,0.0,Likely to Exit,22.63,1.6164,202.11,3,67.37,1.0,31,2,1.5,2011-11-16,2011-11-30,,Insufficient History,1,"Mid-Value, Unreliable, Recent",High Risk
14386,1,0,1,0.0,Likely to Exit,27.2,3.8857,142.4,1,142.4,3.1623,318,11,0.0909,2011-02-16,2011-02-16,,Insufficient History,2,"Mid-Value, Unreliable, Lapsed",High Risk
14387,3,3,0,100.0,Very Loyal,473.5,3.3821,1770.56,3,590.19,0.9049,54,5,0.6,2011-08-22,2011-11-07,,Insufficient History,0,"High-Value, Reliable, Recent",Low Risk
14388,16,3,13,18.75,Likely to Exit,1213.91,2.8362,6589.3,20,329.46,0.885,30,24,0.8333,2010-01-20,2011-12-01,0.822,Declining,0,"High-Value, Reliable, Recent",High Risk
14389,11,0,11,0.0,Likely to Exit,223.97,1.8981,1821.07,11,165.55,2.262,30,25,0.44,2009-12-10,2011-12-01,-121.883,Declining,1,"Mid-Value, Unreliable, Recent",High Risk
14390,8,6,2,75.0,Likely to Stay,1658.67,3.324,6323.33,18,351.3,1.33,32,15,1.2,2010-10-10,2011-11-29,5.592,Increasing,0,"High-Value, Reliable, Recent",Low Risk
14391,1,0,1,0.0,Likely to Exit,11.3,0.8071,135.6,1,135.6,4.3589,598,20,0.05,2010-05-12,2010-05-12,,Insufficient History,2,"Mid-Value, Unreliable, Lapsed",High Risk
14392,1,0,1,0.0,Likely to Exit,38.0,2.7143,266.4,1,266.4,3.7417,454,15,0.0667,2010-10-03,2010-10-03,,Insufficient History,2,"Mid-Value, Unreliable, Lapsed",High Risk
14393,1,0,1,0.0,Likely to Exit,26.95,5.39,67.95,1,67.95,2.6458,240,8,0.125,2011-05-05,2011-05-05,,Insufficient History,2,"Mid-Value, Unreliable, Lapsed",High Risk
14394,1,0,1,0.0,Likely to Exit,15.6,2.6,93.8,1,93.8,4.3589,586,20,0.05,2010-05-24,2010-05-24,,Insufficient History,2,"Mid-Value, Unreliable, Lapsed",High Risk
14395,15,6,9,40.0,At Risk,2426.54,2.952,8160.81,24,340.03,1.042,24,21,1.1429,2010-04-18,2011-12-07,1.31,Increasing,0,"High-Value, Reliable, Recent",Medium Risk
14396,6,4,2,66.67,Likely to Stay,803.4,2.7608,2121.93,7,303.13,1.8643,87,25,0.28,2009-12-02,2011-10-05,,Insufficient History,0,"High-Value, Reliable, Recent",Low Risk
14397,8,0,8,0.0,Likely to Exit,194.75,2.05,2556.68,23,111.16,0.4618,22,8,2.875,2011-05-10,2011-12-09,2.095,Increasing,0,"High-Value, Reliable, Recent",High Risk
14398,2,1,1,50.0,At Risk,207.73,3.9194,707.79,2,353.89,3.025,423,19,0.1053,2010-06-30,2010-11-03,,Insufficient History,2,"Mid-Value, Unreliable, Lapsed",Medium Risk
14399,8,1,7,12.5,Likely to Exit,516.58,2.6356,2098.16,9,233.13,1.4777,416,23,0.3913,2010-02-03,2010-11-10,,Insufficient History,1,"Mid-Value, Unreliable, Recent",High Risk
14400,4,0,4,0.0,Likely to Exit,132.14,1.7161,1703.0,5,340.6,2.534,163,22,0.2273,2010-03-18,2011-07-21,0.0,Declining,1,"Mid-Value, Unreliable, Recent",High Risk
14401,15,0,15,0.0,Likely to Exit,493.38,1.8273,6703.4,25,268.14,1.113,26,25,1.0,2009-12-14,2011-12-05,0.367,Declining,0,"High-Value, Reliable, Recent",High Risk
14402,1,0,1,0.0,Likely to Exit,9.2,1.15,285.6,1,285.6,4.6904,674,23,0.0435,2010-02-25,2010-02-25,,Insufficient History,2,"Mid-Value, Unreliable, Lapsed",High Risk
14403,7,1,6,14.29,Likely to Exit,199.79,6.0542,1822.76,9,202.53,2.1034,152,22,0.4091,2010-03-10,2011-08-01,0.0,Declining,1,"Mid-Value, Unreliable, Recent",High Risk
14404,12,1,11,8.33,Likely to Exit,694.83,3.2621,2800.11,15,186.67,1.1313,55,25,0.6,2009-12-20,2011-11-06,0.41,Declining,0,"High-Value, Reliable, Recent",High Risk
14405,1,0,1,0.0,Likely to Exit,3.9,1.95,195.0,1,195.0,3.6056,408,14,0.0714,2010-11-18,2010-11-18,,Insufficient History,2,"Mid-Value, Unreliable, Lapsed",High Risk
14406,1,0,1,0.0,Likely to Exit,30.36,3.795,156.75,1,156.75,2.0,141,5,0.2,2011-08-12,2011-08-12,,Insufficient History,1,"Mid-Value, Unreliable, Recent",High Risk
14407,5,0,5,0.0,Likely to Exit,305.89,4.0249,2111.08,9,234.56,1.3369,129,10,0.9,2011-03-08,2011-08-24,0.0,Declining,0,"High-Value, Reliable, Recent",High Risk
14408,10,0,10,0.0,Likely to Exit,244.13,1.8925,4109.77,11,373.62,1.3334,32,25,0.44,2009-12-07,2011-11-29,0.285,Declining,0,"High-Value, Reliable, Recent",High Risk
14409,8,0,8,0.0,Likely to Exit,256.44,2.3744,3453.69,10,345.37,1.5989,93,20,0.5,2010-05-21,2011-09-29,0.0,Declining,0,"High-Value, Reliable, Recent",High Risk
14410,9,4,5,44.44,At Risk,1242.35,2.551,2122.37,17,124.85,1.6514,37,16,1.0625,2010-09-28,2011-11-24,-40.851,Declining,0,"High-Value, Reliable, Recent",Medium Risk
14411,1,1,0,100.0,Very Loyal,114.45,8.175,1063.0,1,1063.0,3.1623,332,11,0.0909,2011-02-02,2011-02-02,,Insufficient History,2,"Mid-Value, Unreliable, Lapsed",Low Risk
14412,4,0,4,0.0,Likely to Exit,156.53,1.8201,1417.49,4,354.37,2.1095,57,15,0.2667,2010-10-11,2011-11-04,0.646,Declining,1,"Mid-Value, Unreliable, Recent",High Risk
14413,3,2,1,66.67,Likely to Stay,590.55,5.9652,770.37,4,192.59,3.1167,384,24,0.1667,2010-01-19,2010-12-12,,Insufficient History,2,"Mid-Value, Unreliable, Lapsed",Low Risk
14414,5,1,4,20.0,Likely to Exit,216.01,1.8152,2387.48,9,265.28,1.594,113,14,0.6429,2010-11-30,2011-09-09,0.0,Declining,0,"High-Value, Reliable, Recent",High Risk
14415,21,13,8,61.9,Likely to Stay,4064.29,3.124,11915.13,32,372.35,0.7013,23,25,1.28,2009-12-16,2011-12-08,2.087,Increasing,0,"High-Value, Reliable, Recent",Low Risk
14416,2,0,2,0.0,Likely to Exit,23.36,1.6686,490.22,2,245.11,0.914,44,3,0.6667,2011-10-28,2011-11-17,,Insufficient History,1,"Mid-Value, Unreliable, Recent",High Risk
14417,1,1,0,100.0,Very Loyal,329.34,2.4039,604.2,1,604.2,3.6056,409,14,0.0714,2010-11-17,2010-11-17,,Insufficient History,2,"Mid-Value, Unreliable, Lapsed",Low Risk
14418,3,1,2,33.33,Likely to Exit,265.44,2.1406,1937.25,3,645.75,1.0756,25,5,0.6,2011-08-23,2011-12-06,,Insufficient History,1,"Mid-Value, Unreliable, Recent",Medium Risk
14419,6,2,4,33.33,Likely to Exit,586.06,2.5592,1260.91,7,180.13,1.326,32,14,0.5,2010-11-22,2011-11-29,2.212,Increasing,1,"Mid-Value, Unreliable, Recent",Medium Risk
14420,5,1,4,20.0,Likely to Exit,270.36,2.7872,1627.72,7,232.53,2.2395,107,24,0.2917,2010-01-17,2011-09-15,0.0,Declining,1,"Mid-Value, Unreliable, Recent",High Risk
14421,5,1,4,20.0,Likely to Exit,256.73,2.6467,2456.62,7,350.95,2.2847,79,24,0.2917,2010-01-17,2011-10-13,,Insufficient History,0,"High-Value, Reliable, Recent",High Risk
14422,17,8,9,47.06,At Risk,1649.67,2.9724,10200.92,21,485.76,0.957,22,25,0.84,2009-12-17,2011-12-09,1.513,Increasing,0,"High-Value, Reliable, Recent",Medium Risk
14423,4,0,4,0.0,Likely to Exit,39.27,2.4544,914.96,4,228.74,2.7283,240,24,0.1667,2010-01-14,2011-05-05,,Insufficient History,1,"Mid-Value, Unreliable, Recent",High Risk
14424,1,0,1,0.0,Likely to Exit,6.71,6.71,322.08,1,322.08,1.0,39,2,0.5,2011-11-22,2011-11-22,,Insufficient History,1,"Mid-Value, Unreliable, Recent",High Risk
14425,2,0,2,0.0,Likely to Exit,136.68,3.3337,635.89,5,127.18,3.5297,449,25,0.2,2009-12-02,2010-10-08,,Insufficient History,2,"Mid-Value, Unreliable, Lapsed",High Risk
14426,12,9,3,75.0,Likely to Stay,2178.01,3.3456,11103.97,27,411.26,1.2496,40,22,1.2273,2010-03-04,2011-11-21,8.909,Increasing,0,"High-Value, Reliable, Recent",Low Risk
14427,3,1,2,33.33,Likely to Exit,420.2,9.55,1263.52,4,315.88,2.6423,72,22,0.1818,2010-03-18,2011-10-20,,Insufficient History,1,"Mid-Value, Unreliable, Recent",Medium Risk
14428,6,2,4,33.33,Likely to Exit,609.87,4.1207,1230.14,7,175.73,1.4447,29,12,0.5833,2011-01-18,2011-12-02,3.441,Increasing,1,"Mid-Value, Unreliable, Recent",Medium Risk
14429,1,0,1,0.0,Likely to Exit,53.27,2.4214,516.28,1,516.28,3.6056,425,14,0.0714,2010-11-01,2010-11-01,,Insufficient History,2,"Mid-Value, Unreliable, Lapsed",High Risk
14430,3,0,3,0.0,Likely to Exit,173.1,4.3275,956.4,5,191.28,3.0851,533,21,0.2381,2010-04-11,2010-07-16,,Insufficient History,2,"Mid-Value, Unreliable, Lapsed",High Risk
14431,4,1,3,25.0,Likely to Exit,318.41,3.7024,2541.6,5,508.32,2.9221,320,24,0.2083,2010-01-21,2011-02-14,,Insufficient History,1,"Mid-Value, Unreliable, Recent",High Risk
14432,3,2,1,66.67,Likely to Stay,554.21,1.4508,2255.51,6,375.92,0.791,31,4,1.5,2011-09-11,2011-11-30,,Insufficient History,0,"High-Value, Reliable, Recent",Low Risk
14433,1,1,0,100.0,Very Loyal,191.1,2.4818,289.6,1,289.6,4.0,487,17,0.0588,2010-08-31,2010-08-31,,Insufficient History,2,"Mid-Value, Unreliable, Lapsed",Low Risk
14434,3,0,3,0.0,Likely to Exit,53.42,4.4517,1372.8,6,228.8,0.6809,43,4,1.5,2011-09-28,2011-11-18,,Insufficient History,1,"Mid-Value, Unreliable, Recent",High Risk
14435,1,0,1,0.0,Likely to Exit,1.67,0.5567,90.42,1,90.42,4.1231,523,18,0.0556,2010-07-26,2010-07-26,,Insufficient History,2,"Mid-Value, Unreliable, Lapsed",High Risk
14436,2,0,2,0.0,Likely to Exit,21.37,1.9427,271.7,2,135.85,3.1027,120,19,0.1053,2010-06-04,2011-09-02,0.0,Declining,1,"Mid-Value, Unreliable, Recent",High Risk
14437,7,1,6,14.29,Likely to Exit,257.8,5.156,829.94,7,118.56,1.9926,165,20,0.35,2010-05-05,2011-07-19,-0.0,Declining,1,"Mid-Value, Unreliable, Recent",High Risk
14438,1,0,1,0.0,Likely to Exit,14.35,1.5944,131.9,1,131.9,3.1623,328,11,0.0909,2011-02-06,2011-02-06,,Insufficient History,2,"Mid-Value, Unreliable, Lapsed",High Risk
14439,4,3,1,75.0,Likely to Stay,685.44,5.3135,9443.04,5,1888.61,2.5281,341,24,0.2083,2010-01-21,2011-01-24,,Insufficient History,0,"High-Value, Reliable, Recent",Low Risk
14440,11,2,9,18.18,Likely to Exit,650.1,4.5462,6526.83,15,435.12,1.3831,30,25,0.6,2009-12-02,2011-12-01,2.142,Increasing,0,"High-Value, Reliable, Recent",High Risk
14441,14,3,11,21.43,Likely to Exit,1026.61,6.2219,4361.59,19,229.56,1.2596,22,24,0.7917,2010-01-18,2011-12-09,2.771,Increasing,0,"High-Value, Reliable, Recent",High Risk
14442,7,6,1,85.71,Very Loyal,1522.58,8.0136,5272.02,12,439.34,1.8131,23,24,0.5,2010-01-18,2011-12-08,,Insufficient History,0,"High-Value, Reliable, Recent",Low Risk
14443,5,1,4,20.0,Likely to Exit,398.62,2.4759,2351.58,8,293.95,1.4236,75,14,0.5714,2010-11-25,2011-10-17,1.119,Increasing,0,"High-Value, Reliable, Recent",High Risk
14444,1,0,1,0.0,Likely to Exit,16.44,1.2646,132.04,1,132.04,3.873,478,16,0.0625,2010-09-09,2010-09-09,,Insufficient History,2,"Mid-Value, Unreliable, Lapsed",High Risk
14445,1,0,1,0.0,Likely to Exit,86.95,2.7172,221.65,1,221.65,3.873,477,16,0.0625,2010-09-10,2010-09-10,,Insufficient History,2,"Mid-Value, Unreliable, Lapsed",High Risk
14446,5,3,2,60.0,Likely to Stay,600.51,1.7714,1241.31,5,248.26,1.4522,22,14,0.3571,2010-11-18,2011-12-09,0.927,Stable,1,"Mid-Value, Unreliable, Recent",Low Risk
14447,5,0,5,0.0,Likely to Exit,275.95,2.6033,1711.73,6,285.29,1.4383,40,14,0.4286,2010-11-04,2011-11-21,,Insufficient History,1,"Mid-Value, Unreliable, Recent",High Risk
14448,2,0,2,0.0,Likely to Exit,54.35,2.7175,375.35,2,187.68,2.616,31,13,0.1538,2010-12-10,2011-11-30,,Insufficient History,1,"Mid-Value, Unreliable, Recent",High Risk
14449,7,4,3,57.14,At Risk,982.24,1.799,2482.8,8,310.35,1.372,40,16,0.5,2010-09-29,2011-11-21,,Insufficient History,0,"High-Value, Reliable, Recent",Medium Risk
14450,5,0,5,0.0,Likely to Exit,224.45,2.9533,1128.44,7,161.21,2.0822,202,21,0.3333,2010-04-08,2011-06-12,,Insufficient History,1,"Mid-Value, Unreliable, Recent",High Risk
14451,11,4,7,36.36,Likely to Exit,1152.74,2.1791,3265.59,18,181.42,1.1847,82,24,0.75,2010-01-17,2011-10-10,,Insufficient History,0,"High-Value, Reliable, Recent",Medium Risk
14452,4,2,2,50.0,At Risk,410.47,3.1096,665.59,4,166.4,2.0318,32,18,0.2222,2010-07-06,2011-11-29,1.076,Stable,1,"Mid-Value, Unreliable, Recent",Medium Risk
14453,1,0,1,0.0,Likely to Exit,83.1,3.7773,119.93,1,119.93,2.4495,212,7,0.1429,2011-06-02,2011-06-02,,Insufficient History,1,"Mid-Value, Unreliable, Recent",High Risk
14454,5,1,4,20.0,Likely to Exit,380.74,3.4301,970.7,6,161.78,2.0636,398,25,0.24,2009-12-06,2010-11-28,,Insufficient History,1,"Mid-Value, Unreliable, Recent",High Risk
14455,3,0,3,0.0,Likely to Exit,112.69,1.3743,594.86,5,118.97,2.3453,454,17,0.2941,2010-08-01,2010-10-03,,Insufficient History,2,"Mid-Value, Unreliable, Lapsed",High Risk
14456,5,3,2,60.0,Likely to Stay,1737.26,1.7782,3047.63,14,217.69,0.7386,27,6,2.3333,2011-07-20,2011-12-04,0.663,Declining,0,"High-Value, Reliable, Recent",Low Risk
14457,1,0,1,0.0,Likely to Exit,5.02,1.255,113.64,1,113.64,3.1623,332,11,0.0909,2011-02-02,2011-02-02,,Insufficient History,2,"Mid-Value, Unreliable, Lapsed",High Risk
14458,1,0,1,0.0,Likely to Exit,62.98,1.2853,237.42,1,237.42,3.6056,402,14,0.0714,2010-11-24,2010-11-24,,Insufficient History,2,"Mid-Value, Unreliable, Lapsed",High Risk
14459,3,2,1,66.67,Likely to Stay,446.26,3.9146,5339.14,3,1779.71,3.4132,177,23,0.1304,2010-02-26,2011-07-07,0.0,Declining,0,"High-Value, Reliable, Recent",Low Risk
14460,9,0,9,0.0,Likely to Exit,61.89,1.2894,919.6,12,76.63,1.7469,132,25,0.48,2009-12-15,2011-08-21,0.0,Declining,1,"Mid-Value, Unreliable, Recent",High Risk
14461,10,9,1,90.0,Very Loyal,2248.23,3.4641,6697.6,14,478.4,1.3608,170,24,0.5833,2010-01-18,2011-07-14,0.0,Declining,0,"High-Value, Reliable, Recent",Low Risk
14462,10,3,7,30.0,Likely to Exit,854.91,2.898,2231.89,16,139.49,0.8032,85,15,1.0667,2010-10-03,2011-10-07,0.531,Declining,0,"High-Value, Reliable, Recent",Medium Risk
14463,4,0,4,0.0,Likely to Exit,52.26,6.5325,786.57,4,196.64,1.9524,120,18,0.2222,2010-07-28,2011-09-02,0.0,Declining,1,"Mid-Value, Unreliable, Recent",High Risk
14464,2,0,2,0.0,Likely to Exit,14.75,3.6875,111.0,2,55.5,3.1737,590,22,0.0909,2010-03-22,2010-05-20,,Insufficient History,2,"Mid-Value, Unreliable, Lapsed",High Risk
14465,9,1,8,11.11,Likely to Exit,517.09,2.5855,3946.03,11,358.73,1.5395,268,24,0.4583,2010-01-07,2011-04-07,,Insufficient History,0,"High-Value, Reliable, Recent",High Risk
14466,12,1,11,8.33,Likely to Exit,644.87,2.9855,4646.9,13,357.45,1.262,51,25,0.52,2009-12-13,2011-11-10,1.106,Increasing,0,"High-Value, Reliable, Recent",High Risk
14467,10,2,8,20.0,Likely to Exit,730.56,2.3719,2220.99,12,185.08,1.4734,39,25,0.48,2009-12-02,2011-11-22,,Insufficient History,0,"High-Value, Reliable, Recent",High Risk
14468,1,0,1,0.0,Likely to Exit,63.47,5.2892,204.24,1,204.24,4.899,755,25,0.04,2009-12-06,2009-12-06,,Insufficient History,2,"Mid-Value, Unreliable, Lapsed",High Risk
14469,4,4,0,100.0,Very Loyal,573.16,3.899,2112.21,4,528.05,2.3761,438,24,0.1667,2010-01-29,2010-10-19,,Insufficient History,0,"High-Value, Reliable, Recent",Low Risk
14470,3,1,2,33.33,Likely to Exit,281.52,4.692,712.04,3,237.35,2.0674,33,15,0.2,2010-10-05,2011-11-28,,Insufficient History,1,"Mid-Value, Unreliable, Recent",Medium Risk
14471,2,0,2,0.0,Likely to Exit,129.21,3.1515,400.95,2,200.48,3.3944,613,25,0.08,2009-12-07,2010-04-27,,Insufficient History,2,"Mid-Value, Unreliable, Lapsed",High Risk
14472,8,5,3,62.5,Likely to Stay,934.74,2.807,2228.22,9,247.58,1.488,125,24,0.375,2010-01-19,2011-08-28,0.0,Declining,0,"High-Value, Reliable, Recent",Low Risk
14473,2,0,2,0.0,Likely to Exit,28.75,4.1071,234.34,2,117.17,2.0921,96,10,0.2,2011-03-02,2011-09-26,0.0,Declining,1,"Mid-Value, Unreliable, Recent",High Risk
14474,2,2,0,100.0,Very Loyal,554.75,4.1711,1268.13,3,422.71,3.0339,65,20,0.15,2010-05-09,2011-10-27,,Insufficient History,1,"Mid-Value, Unreliable, Recent",Low Risk
14475,4,0,4,0.0,Likely to Exit,179.29,3.3828,1025.12,7,146.45,1.6762,93,15,0.4667,2010-10-27,2011-09-29,0.0,Declining,1,"Mid-Value, Unreliable, Recent",High Risk
14476,1,0,1,0.0,Likely to Exit,62.15,3.2711,215.7,1,215.7,3.0,279,10,0.1,2011-03-27,2011-03-27,,Insufficient History,2,"Mid-Value, Unreliable, Lapsed",High Risk
14477,9,0,9,0.0,Likely to Exit,30.91,1.8182,1960.61,10,196.06,1.7542,41,25,0.4,2009-12-23,2011-11-20,,Insufficient History,0,"High-Value, Reliable, Recent",High Risk
14478,4,0,4,0.0,Likely to Exit,150.29,2.2101,1276.66,4,319.17,2.3037,404,25,0.16,2009-12-01,2010-11-22,,Insufficient History,1,"Mid-Value, Unreliable, Recent",High Risk
14479,4,1,3,25.0,Likely to Exit,461.62,3.0981,1299.11,4,324.78,2.4521,275,25,0.16,2009-12-06,2011-03-31,,Insufficient History,1,"Mid-Value, Unreliable, Recent",High Risk
14480,5,0,5,0.0,Likely to Exit,185.84,2.8158,1295.27,5,259.05,2.3081,33,25,0.2,2009-12-21,2011-11-28,,Insufficient History,1,"Mid-Value, Unreliable, Recent",High Risk
14481,5,2,3,40.0,At Risk,730.27,4.773,1935.32,6,322.55,2.1111,186,24,0.25,2010-01-31,2011-06-28,,Insufficient History,1,"Mid-Value, Unreliable, Recent",Medium Risk
14482,7,2,5,28.57,Likely to Exit,650.97,2.5528,4192.25,14,299.45,1.4752,40,17,0.8235,2010-08-26,2011-11-21,7.032,Increasing,0,"High-Value, Reliable, Recent",High Risk
14483,3,0,3,0.0,Likely to Exit,25.62,1.83,249.2,3,83.07,3.3993,171,25,0.12,2009-12-03,2011-07-13,-0.0,Declining,1,"Mid-Value, Unreliable, Recent",High Risk
14484,4,0,4,0.0,Likely to Exit,110.85,2.0915,1070.98,4,267.75,2.5768,72,25,0.16,2009-12-17,2011-10-20,,Insufficient History,1,"Mid-Value, Unreliable, Recent",High Risk
14485,1,1,0,100.0,Very Loyal,126.1,2.683,165.75,1,165.75,1.0,60,2,0.5,2011-11-01,2011-11-01,,Insufficient History,1,"Mid-Value, Unreliable, Recent",Low Risk
14486,2,0,2,0.0,Likely to Exit,11.7,1.95,175.5,2,87.75,2.9355,533,19,0.1053,2010-06-04,2010-07-16,,Insufficient History,2,"Mid-Value, Unreliable, Lapsed",High Risk
14487,5,2,3,40.0,At Risk,498.13,2.5944,1428.11,8,178.51,1.8433,48,14,0.5714,2010-11-25,2011-11-13,0.483,Declining,0,"High-Value, Reliable, Recent",Medium Risk
14488,1,1,0,100.0,Very Loyal,109.74,2.2396,1047.43,2,523.72,1.4142,73,3,0.6667,2011-10-03,2011-10-19,,Insufficient History,1,"Mid-Value, Unreliable, Recent",Low Risk
14489,4,0,4,0.0,Likely to Exit,215.86,2.1586,1574.93,4,393.73,2.0955,229,21,0.1905,2010-04-06,2011-05-16,,Insufficient History,1,"Mid-Value, Unreliable, Recent",High Risk
14490,1,1,0,100.0,Very Loyal,152.87,1.9109,1273.47,2,636.74,3.7417,428,15,0.1333,2010-10-07,2010-10-29,,Insufficient History,2,"Mid-Value, Unreliable, Lapsed",Low Risk
14491,2,0,2,0.0,Likely to Exit,93.82,4.4676,468.13,2,234.06,2.3556,197,13,0.1538,2010-12-02,2011-06-17,,Insufficient History,1,"Mid-Value, Unreliable, Recent",High Risk
14492,6,1,5,16.67,Likely to Exit,467.11,4.4914,1574.36,10,157.44,2.6089,452,22,0.4545,2010-03-30,2010-10-05,,Insufficient History,1,"Mid-Value, Unreliable, Recent",High Risk
14493,10,4,6,40.0,At Risk,1073.61,2.9016,5036.05,14,359.72,1.3356,29,22,0.6364,2010-03-08,2011-12-02,2.866,Increasing,0,"High-Value, Reliable, Recent",Medium Risk
14494,3,0,3,0.0,Likely to Exit,31.49,1.8524,401.46,3,133.82,2.7253,47,25,0.12,2009-12-08,2011-11-14,,Insufficient History,1,"Mid-Value, Unreliable, Recent",High Risk
14495,4,0,4,0.0,Likely to Exit,29.05,3.6313,166.3,4,41.58,2.722,72,23,0.1739,2010-02-18,2011-10-20,2.049,Increasing,1,"Mid-Value, Unreliable, Recent",High Risk
14496,6,3,3,50.0,At Risk,590.24,5.1775,2645.88,10,264.59,1.8247,333,22,0.4545,2010-03-16,2011-02-01,,Insufficient History,0,"High-Value, Reliable, Recent",Medium Risk
14497,2,1,1,50.0,At Risk,188.76,4.4943,679.16,3,226.39,3.4674,323,23,0.1304,2010-02-04,2011-02-11,,Insufficient History,2,"Mid-Value, Unreliable, Lapsed",Medium Risk
14498,10,5,5,50.0,At Risk,1126.56,3.0365,3911.27,10,391.13,1.1536,64,19,0.5263,2010-06-07,2011-10-28,0.697,Declining,0,"High-Value, Reliable, Recent",Medium Risk
14499,7,3,4,42.86,At Risk,674.95,2.0961,2120.62,10,212.06,1.5217,48,17,0.5882,2010-08-27,2011-11-13,1.814,Increasing,0,"High-Value, Reliable, Recent",Medium Risk
14500,3,0,3,0.0,Likely to Exit,43.5,6.2143,356.85,3,118.95,1.9046,110,7,0.4286,2011-06-03,2011-09-12,0.0,Declining,1,"Mid-Value, Unreliable, Recent",High Risk
14501,3,0,3,0.0,Likely to Exit,24.65,2.0542,190.31,3,63.44,2.5118,86,12,0.25,2011-01-24,2011-10-06,,Insufficient History,1,"Mid-Value, Unreliable, Recent",High Risk
14502,7,6,1,85.71,Very Loyal,1524.53,2.4161,2351.02,14,167.93,1.1927,41,12,1.1667,2011-01-30,2011-11-20,12.037,Increasing,0,"High-Value, Reliable, Recent",Low Risk
14503,4,3,1,75.0,Likely to Stay,437.26,2.6662,3543.26,6,590.54,1.0139,25,7,0.8571,2011-06-14,2011-12-06,3.286,Increasing,0,"High-Value, Reliable, Recent",Low Risk
14504,3,2,1,66.67,Likely to Stay,372.65,3.4827,673.26,4,168.31,1.6216,69,10,0.4,2011-03-06,2011-10-23,,Insufficient History,1,"Mid-Value, Unreliable, Recent",Low Risk
14505,13,13,0,100.0,Very Loyal,4891.19,3.0081,11718.8,27,434.03,1.1374,39,25,1.08,2009-12-09,2011-11-22,1.513,Increasing,0,"High-Value, Reliable, Recent",Low Risk
14506,7,6,1,85.71,Very Loyal,1674.03,3.5467,3290.67,7,470.1,1.5142,39,21,0.3333,2010-04-19,2011-11-22,,Insufficient History,0,"High-Value, Reliable, Recent",Low Risk
14507,10,3,7,30.0,Likely to Exit,928.91,3.3535,3172.49,14,226.61,1.3674,45,25,0.56,2009-12-10,2011-11-16,1.482,Increasing,0,"High-Value, Reliable, Recent",Medium Risk
14508,4,2,2,50.0,At Risk,651.02,3.4446,856.09,6,142.68,2.0972,44,19,0.3158,2010-06-17,2011-11-17,1.009,Stable,1,"Mid-Value, Unreliable, Recent",Medium Risk
14509,1,0,1,0.0,Likely to Exit,87.75,3.51,110.95,1,110.95,4.2426,556,19,0.0526,2010-06-23,2010-06-23,,Insufficient History,2,"Mid-Value, Unreliable, Lapsed",High Risk
14510,2,0,2,0.0,Likely to Exit,165.12,2.0901,991.98,4,248.0,2.6458,397,16,0.25,2010-09-29,2010-11-29,,Insufficient History,2,"Mid-Value, Unreliable, Lapsed",High Risk
14511,4,0,4,0.0,Likely to Exit,181.97,2.563,1267.41,6,211.24,1.0428,33,6,1.0,2011-07-29,2011-11-28,2.842,Increasing,1,"Mid-Value, Unreliable, Recent",High Risk
14512,7,0,7,0.0,Likely to Exit,235.98,2.9498,1223.47,7,174.78,1.7536,209,25,0.28,2009-12-07,2011-06-05,,Insufficient History,1,"Mid-Value, Unreliable, Recent",High Risk
14513,6,0,6,0.0,Likely to Exit,60.21,2.4084,770.91,7,110.13,2.2342,122,20,0.35,2010-05-20,2011-08-31,0.0,Declining,1,"Mid-Value, Unreliable, Recent",High Risk
14514,9,5,4,55.56,At Risk,873.71,2.5622,4594.73,10,459.47,1.5871,83,25,0.4,2009-12-13,2011-10-09,,Insufficient History,0,"High-Value, Reliable, Recent",Medium Risk
14515,7,2,5,28.57,Likely to Exit,505.22,2.8068,3718.9,15,247.93,1.4573,39,19,0.7895,2010-06-07,2011-11-22,,Insufficient History,0,"High-Value, Reliable, Recent",High Risk
14516,1,1,0,100.0,Very Loyal,105.2,2.8432,163.92,1,163.92,4.1231,538,18,0.0556,2010-07-11,2010-07-11,,Insufficient History,2,"Mid-Value, Unreliable, Lapsed",Low Risk
14517,2,0,2,0.0,Likely to Exit,96.0,5.3333,330.45,2,165.23,1.6841,55,6,0.3333,2011-07-21,2011-11-06,0.309,Declining,1,"Mid-Value, Unreliable, Recent",High Risk
14518,1,0,1,0.0,Likely to Exit,43.19,2.6994,174.37,1,174.37,1.4142,86,3,0.3333,2011-10-06,2011-10-06,,Insufficient History,1,"Mid-Value, Unreliable, Recent",High Risk
14519,2,0,2,0.0,Likely to Exit,109.44,2.8062,206.09,2,103.05,3.4593,705,25,0.08,2009-12-11,2010-01-25,,Insufficient History,2,"Mid-Value, Unreliable, Lapsed",High Risk
14520,2,0,2,0.0,Likely to Exit,12.83,3.2075,270.6,2,135.3,2.1829,23,11,0.1818,2011-02-22,2011-12-08,,Insufficient History,1,"Mid-Value, Unreliable, Recent",High Risk
14521,1,0,1,0.0,Likely to Exit,48.1,2.405,167.65,2,83.82,4.0,499,17,0.1176,2010-08-05,2010-08-19,,Insufficient History,2,"Mid-Value, Unreliable, Lapsed",High Risk
14522,7,0,7,0.0,Likely to Exit,119.54,2.5987,1758.62,8,219.83,1.8519,46,24,0.3333,2010-01-24,2011-11-15,0.259,Declining,1,"Mid-Value, Unreliable, Recent",High Risk
14523,1,0,1,0.0,Likely to Exit,32.64,2.72,241.09,1,241.09,2.0,130,5,0.2,2011-08-23,2011-08-23,,Insufficient History,1,"Mid-Value, Unreliable, Recent",High Risk
14524,7,4,3,57.14,At Risk,1201.53,3.6632,2933.71,13,225.67,1.5342,53,15,0.8667,2010-10-19,2011-11-08,0.159,Declining,0,"High-Value, Reliable, Recent",Medium Risk
14525,17,5,12,29.41,Likely to Exit,1607.57,2.9229,8129.81,21,387.13,1.0064,30,25,0.84,2009-12-13,2011-12-01,1.599,Increasing,0,"High-Value, Reliable, Recent",High Risk
14526,1,0,1,0.0,Likely to Exit,84.53,2.0126,262.4,1,262.4,3.6056,411,14,0.0714,2010-11-15,2010-11-15,,Insufficient History,2,"Mid-Value, Unreliable, Lapsed",High Risk
14527,25,24,1,96.0,Very Loyal,15621.86,5.5065,25774.54,190,135.66,1.0049,24,25,7.6,2009-12-02,2011-12-07,1.372,Increasing,0,"High-Value, Reliable, Recent",Low Risk
14528,1,0,1,0.0,Likely to Exit,35.53,1.9739,364.22,1,364.22,1.0,59,2,0.5,2011-11-02,2011-11-02,,Insufficient History,1,"Mid-Value, Unreliable, Recent",High Risk
14529,3,2,1,66.67,Likely to Stay,450.81,1.9686,620.04,3,206.68,0.8808,82,5,0.6,2011-08-21,2011-10-10,,Insufficient History,1,"Mid-Value, Unreliable, Recent",Low Risk
14530,14,12,2,85.71,Very Loyal,1823.16,3.7283,6077.15,19,319.85,1.0349,47,24,0.7917,2010-01-21,2011-11-14,0.385,Declining,0,"High-Value, Reliable, Recent",Low Risk
14531,1,0,1,0.0,Likely to Exit,71.48,2.4648,376.34,1,376.34,4.0,501,17,0.0588,2010-08-17,2010-08-17,,Insufficient History,2,"Mid-Value, Unreliable, Lapsed",High Risk
14532,10,8,2,80.0,Very Loyal,1477.96,4.6331,3846.43,12,320.54,1.404,258,24,0.5,2010-01-10,2011-04-17,,Insufficient History,0,"High-Value, Reliable, Recent",Low Risk
14533,9,0,9,0.0,Likely to Exit,222.77,2.3699,3185.12,15,212.34,1.268,46,21,0.7143,2010-04-08,2011-11-15,0.943,Stable,0,"High-Value, Reliable, Recent",High Risk
14534,17,10,7,58.82,At Risk,2563.55,3.3035,5786.42,38,152.27,0.7472,24,22,1.7273,2010-03-15,2011-12-07,1.399,Increasing,0,"High-Value, Reliable, Recent",Medium Risk
14535,9,7,2,77.78,Likely to Stay,2418.5,2.8386,5872.63,11,533.88,1.4136,81,23,0.4783,2010-02-24,2011-10-11,1.484,Increasing,0,"High-Value, Reliable, Recent",Low Risk
14536,1,0,1,0.0,Likely to Exit,91.8,4.8316,171.8,1,171.8,3.0,281,10,0.1,2011-03-25,2011-03-25,,Insufficient History,2,"Mid-Value, Unreliable, Lapsed",High Risk
14537,3,0,3,0.0,Likely to Exit,96.97,4.0404,635.45,3,211.82,3.1828,79,22,0.1364,2010-03-26,2011-10-13,,Insufficient History,1,"Mid-Value, Unreliable, Recent",High Risk
14538,4,2,2,50.0,At Risk,399.98,7.6919,1370.84,5,274.17,2.5223,86,24,0.2083,2010-01-25,2011-10-06,,Insufficient History,1,"Mid-Value, Unreliable, Recent",Medium Risk
14539,2,0,2,0.0,Likely to Exit,66.53,2.0791,537.48,2,268.74,1.1414,37,3,0.6667,2011-10-26,2011-11-24,,Insufficient History,1,"Mid-Value, Unreliable, Recent",High Risk
14540,10,3,7,30.0,Likely to Exit,1025.25,3.7418,3785.44,12,315.45,1.3414,31,25,0.48,2009-12-07,2011-11-30,0.648,Declining,0,"High-Value, Reliable, Recent",Medium Risk
14541,12,1,11,8.33,Likely to Exit,478.81,2.6454,2499.68,14,178.55,1.337,80,24,0.5833,2010-01-07,2011-10-12,,Insufficient History,0,"High-Value, Reliable, Recent",High Risk
14542,1,0,1,0.0,Likely to Exit,27.05,5.41,103.25,1,103.25,2.4495,207,7,0.1429,2011-06-07,2011-06-07,,Insufficient History,1,"Mid-Value, Unreliable, Recent",High Risk
14543,22,6,16,27.27,Likely to Exit,1937.85,7.0467,12194.01,50,243.88,0.8458,25,25,2.0,2009-12-01,2011-12-06,0.793,Declining,0,"High-Value, Reliable, Recent",High Risk
14544,3,3,0,100.0,Very Loyal,416.33,2.1684,2982.43,3,994.14,2.1717,46,17,0.1765,2010-08-26,2011-11-15,,Insufficient History,0,"High-Value, Reliable, Recent",Low Risk
14545,1,0,1,0.0,Likely to Exit,94.94,4.1278,349.25,1,349.25,4.6904,696,23,0.0435,2010-02-03,2010-02-03,,Insufficient History,2,"Mid-Value, Unreliable, Lapsed",High Risk
14546,11,9,2,81.82,Very Loyal,2138.94,2.5647,5001.03,20,250.05,1.1814,26,25,0.8,2009-12-06,2011-12-05,1.346,Increasing,0,"High-Value, Reliable, Recent",Low Risk
14547,3,2,1,66.67,Likely to Stay,1053.88,2.8716,3986.74,9,442.97,0.9009,25,3,3.0,2011-10-16,2011-12-06,,Insufficient History,0,"High-Value, Reliable, Recent",Low Risk
14548,6,1,5,16.67,Likely to Exit,343.27,3.0378,2627.49,9,291.94,1.8816,172,25,0.36,2009-12-06,2011-07-12,0.0,Declining,0,"High-Value, Reliable, Recent",High Risk
14549,4,2,2,50.0,At Risk,420.88,2.9228,916.55,4,229.14,2.4483,333,25,0.16,2009-12-02,2011-02-01,,Insufficient History,1,"Mid-Value, Unreliable, Recent",Medium Risk
14550,4,0,4,0.0,Likely to Exit,240.91,2.4583,1353.31,4,338.33,1.8321,32,17,0.2353,2010-08-13,2011-11-29,,Insufficient History,1,"Mid-Value, Unreliable, Recent",High Risk
14551,5,1,4,20.0,Likely to Exit,257.71,3.1428,858.59,9,95.4,2.9214,40,24,0.375,2010-01-27,2011-11-21,,Insufficient History,1,"Mid-Value, Unreliable, Recent",High Risk
14552,3,3,0,100.0,Very Loyal,318.09,2.0261,511.28,3,170.43,2.4502,173,21,0.1429,2010-04-26,2011-07-11,0.0,Declining,1,"Mid-Value, Unreliable, Recent",Low Risk
14553,6,3,3,50.0,At Risk,790.17,2.6251,1816.04,10,181.6,1.6768,41,18,0.5556,2010-07-18,2011-11-20,,Insufficient History,0,"High-Value, Reliable, Recent",Medium Risk
14554,2,2,0,100.0,Very Loyal,595.48,2.7569,2381.04,4,595.26,1.1155,32,3,1.3333,2011-10-18,2011-11-29,,Insufficient History,0,"High-Value, Reliable, Recent",Low Risk
14555,6,2,4,33.33,Likely to Exit,459.49,3.7974,2306.48,7,329.5,2.0757,79,25,0.28,2009-12-18,2011-10-13,,Insufficient History,0,"High-Value, Reliable, Recent",Medium Risk
14556,3,2,1,66.67,Likely to Stay,559.99,2.7586,835.34,3,278.45,2.7987,618,24,0.125,2010-01-20,2010-04-22,,Insufficient History,2,"Mid-Value, Unreliable, Lapsed",Low Risk
14557,2,0,2,0.0,Likely to Exit,50.88,1.59,0.0,2,0.0,1.7321,86,4,0.5,2011-09-15,2011-10-06,,Insufficient History,3,"Low-Value, Reliable, Lapsed",High Risk
14558,3,0,3,0.0,Likely to Exit,140.15,8.2441,614.1,5,122.82,3.0022,675,25,0.2,2009-12-01,2010-02-24,,Insufficient History,2,"Mid-Value, Unreliable, Lapsed",High Risk
14559,1,0,1,0.0,Likely to Exit,2.1,1.05,75.6,1,75.6,3.6056,412,14,0.0714,2010-11-14,2010-11-14,,Insufficient History,2,"Mid-Value, Unreliable, Lapsed",High Risk
14560,21,2,19,9.52,Likely to Exit,881.49,4.3638,6050.44,46,131.53,0.9754,29,25,1.84,2009-12-02,2011-12-02,1.957,Increasing,0,"High-Value, Reliable, Recent",High Risk
14561,2,0,2,0.0,Likely to Exit,137.01,1.9857,1080.76,3,360.25,1.5838,97,7,0.4286,2011-06-08,2011-09-25,0.0,Declining,1,"Mid-Value, Unreliable, Recent",High Risk
14562,16,8,8,50.0,At Risk,2019.52,3.1854,6363.85,30,212.13,1.0539,25,23,1.3043,2010-02-07,2011-12-06,1.209,Increasing,0,"High-Value, Reliable, Recent",Medium Risk
14563,2,2,0,100.0,Very Loyal,477.42,4.1515,679.44,2,339.72,3.5759,531,21,0.0952,2010-04-26,2010-07-18,,Insufficient History,2,"Mid-Value, Unreliable, Lapsed",Low Risk
14564,2,2,0,100.0,Very Loyal,421.29,3.7282,2519.32,5,503.86,3.4963,449,25,0.2,2009-12-04,2010-10-08,,Insufficient History,2,"Mid-Value, Unreliable, Lapsed",Low Risk
14565,5,4,1,80.0,Very Loyal,601.54,3.7132,3833.87,7,547.7,1.6292,117,17,0.4118,2010-08-23,2011-09-05,0.0,Declining,0,"High-Value, Reliable, Recent",Low Risk
14566,4,0,4,0.0,Likely to Exit,27.36,1.71,4092.0,4,1023.0,2.0958,132,19,0.2105,2010-06-24,2011-08-21,0.0,Declining,1,"Mid-Value, Unreliable, Recent",High Risk
14567,3,0,3,0.0,Likely to Exit,125.44,3.6894,1524.46,3,508.15,1.2269,57,5,0.6,2011-08-01,2011-11-04,,Insufficient History,1,"Mid-Value, Unreliable, Recent",High Risk
14568,2,0,2,0.0,Likely to Exit,92.97,1.9369,909.5,2,454.75,3.873,446,16,0.125,2010-09-30,2010-10-11,,Insufficient History,2,"Mid-Value, Unreliable, Lapsed",High Risk
14569,4,0,4,0.0,Likely to Exit,99.66,2.8474,598.98,4,149.75,2.2836,23,21,0.1905,2010-04-15,2011-12-08,,Insufficient History,1,"Mid-Value, Unreliable, Recent",High Risk
14570,2,1,1,50.0,At Risk,223.5,3.2868,613.75,3,204.58,2.7695,302,16,0.1875,2010-09-22,2011-03-04,,Insufficient History,1,"Mid-Value, Unreliable, Recent",Medium Risk
14571,1,0,1,0.0,Likely to Exit,87.9,2.8355,161.65,1,161.65,3.7417,447,15,0.0667,2010-10-10,2010-10-10,,Insufficient History,2,"Mid-Value, Unreliable, Lapsed",High Risk
14572,9,8,1,88.89,Very Loyal,1691.42,3.1914,5573.28,15,371.55,1.6399,25,22,0.6818,2010-03-28,2011-12-06,0.745,Declining,0,"High-Value, Reliable, Recent",Low Risk
14573,7,7,0,100.0,Very Loyal,1770.93,4.3835,2571.72,17,151.28,1.8633,201,24,0.7083,2010-01-08,2011-06-13,,Insufficient History,0,"High-Value, Reliable, Recent",Low Risk
14574,1,0,1,0.0,Likely to Exit,30.45,2.7682,143.7,1,143.7,4.899,754,25,0.04,2009-12-07,2009-12-07,,Insufficient History,2,"Mid-Value, Unreliable, Lapsed",High Risk
14575,1,1,0,100.0,Very Loyal,238.51,3.2231,460.71,1,460.71,4.0,510,17,0.0588,2010-08-08,2010-08-08,,Insufficient History,2,"Mid-Value, Unreliable, Lapsed",Low Risk
14576,1,0,1,0.0,Likely to Exit,5.9,2.95,70.8,1,70.8,3.4641,394,13,0.0769,2010-12-02,2010-12-02,,Insufficient History,2,"Mid-Value, Unreliable, Lapsed",High Risk
14577,7,1,6,14.29,Likely to Exit,492.22,2.6606,1374.25,7,196.32,1.7515,34,25,0.28,2009-12-11,2011-11-27,,Insufficient History,1,"Mid-Value, Unreliable, Recent",High Risk
14578,1,0,1,0.0,Likely to Exit,58.83,2.4512,168.63,1,168.63,0.0,25,1,1.0,2011-12-06,2011-12-06,,Insufficient History,1,"Mid-Value, Unreliable, Recent",High Risk
14579,1,0,1,0.0,Likely to Exit,49.8,1.992,105.56,1,105.56,3.7417,454,15,0.0667,2010-10-03,2010-10-03,,Insufficient History,2,"Mid-Value, Unreliable, Lapsed",High Risk
14580,1,0,1,0.0,Likely to Exit,4.95,4.95,14.85,1,14.85,4.1231,540,18,0.0556,2010-07-09,2010-07-09,,Insufficient History,2,"Mid-Value, Unreliable, Lapsed",High Risk
14581,2,1,1,50.0,At Risk,192.11,2.9555,433.8,2,216.9,3.1206,38,19,0.1053,2010-06-13,2011-11-23,,Insufficient History,1,"Mid-Value, Unreliable, Recent",Medium Risk
14582,1,0,1,0.0,Likely to Exit,20.34,3.39,114.11,1,114.11,1.4142,62,3,0.3333,2011-10-30,2011-10-30,,Insufficient History,1,"Mid-Value, Unreliable, Recent",High Risk
14583,7,7,0,100.0,Very Loyal,1134.91,2.2429,1781.03,8,222.63,1.5015,27,22,0.3636,2010-03-28,2011-12-04,0.853,Declining,0,"High-Value, Reliable, Recent",Low Risk
14584,6,2,4,33.33,Likely to Exit,608.97,2.7431,1734.91,9,192.77,2.0179,191,23,0.3913,2010-02-17,2011-06-23,,Insufficient History,0,"High-Value, Reliable, Recent",Medium Risk
14585,3,1,2,33.33,Likely to Exit,205.08,1.8476,1143.27,5,228.65,2.5604,72,15,0.3333,2010-10-19,2011-10-20,,Insufficient History,1,"Mid-Value, Unreliable, Recent",Medium Risk
14586,2,0,2,0.0,Likely to Exit,17.42,0.6452,134.16,3,44.72,3.0,249,10,0.3,2011-03-08,2011-04-26,,Insufficient History,2,"Mid-Value, Unreliable, Lapsed",High Risk
14587,7,5,2,71.43,Likely to Stay,916.45,2.3866,1598.24,10,159.82,0.9605,40,12,0.8333,2011-01-12,2011-11-21,,Insufficient History,0,"High-Value, Reliable, Recent",Low Risk
14588,1,0,1,0.0,Likely to Exit,44.79,2.7994,135.39,1,135.39,4.3589,600,20,0.05,2010-05-10,2010-05-10,,Insufficient History,2,"Mid-Value, Unreliable, Lapsed",High Risk
14589,1,0,1,0.0,Likely to Exit,47.7,7.95,79.5,1,79.5,3.4641,393,13,0.0769,2010-12-03,2010-12-03,,Insufficient History,2,"Mid-Value, Unreliable, Lapsed",High Risk
14590,10,4,6,40.0,At Risk,861.93,3.9538,2884.29,28,103.01,1.4178,446,25,1.12,2009-12-07,2010-10-11,,Insufficient History,0,"High-Value, Reliable, Recent",Medium Risk
14591,2,2,0,100.0,Very Loyal,553.71,2.8107,1447.14,4,361.79,2.1707,37,8,0.5,2011-05-10,2011-11-24,,Insufficient History,0,"High-Value, Reliable, Recent",Low Risk
14592,2,2,0,100.0,Very Loyal,335.32,2.0446,570.46,3,190.15,0.885,57,3,1.0,2011-10-06,2011-11-04,,Insufficient History,1,"Mid-Value, Unreliable, Recent",Low Risk
14593,7,5,2,71.43,Likely to Stay,1637.95,2.6041,3615.17,18,200.84,1.8976,43,25,0.72,2009-12-09,2011-11-18,,Insufficient History,0,"High-Value, Reliable, Recent",Low Risk
14594,2,1,1,50.0,At Risk,270.78,3.2236,634.83,2,317.42,2.8094,29,13,0.1538,2010-12-01,2011-12-02,,Insufficient History,1,"Mid-Value, Unreliable, Recent",Medium Risk
14595,6,1,5,16.67,Likely to Exit,354.73,2.6083,2164.45,8,270.56,2.7754,41,24,0.3333,2010-01-20,2011-11-20,10.575,Increasing,1,"Mid-Value, Unreliable, Recent",High Risk
14596,1,1,0,100.0,Very Loyal,192.78,3.3821,229.47,1,229.47,4.5826,648,22,0.0455,2010-03-23,2010-03-23,,Insufficient History,2,"Mid-Value, Unreliable, Lapsed",Low Risk
14597,4,1,3,25.0,Likely to Exit,193.35,1.8772,2201.54,6,366.92,2.392,33,16,0.375,2010-09-28,2011-11-28,,Insufficient History,1,"Mid-Value, Unreliable, Recent",High Risk
14598,2,1,1,50.0,At Risk,184.26,1.4174,221.97,3,73.99,3.0403,66,20,0.15,2010-05-19,2011-10-26,,Insufficient History,1,"Mid-Value, Unreliable, Recent",Medium Risk
14599,2,1,1,50.0,At Risk,196.14,2.392,474.54,2,237.27,2.9028,412,18,0.1111,2010-07-18,2010-11-14,,Insufficient History,2,"Mid-Value, Unreliable, Lapsed",Medium Risk
14600,2,1,1,50.0,At Risk,204.92,3.7948,865.17,2,432.58,2.4612,327,14,0.1429,2010-11-11,2011-02-07,,Insufficient History,1,"Mid-Value, Unreliable, Recent",Medium Risk
14601,1,0,1,0.0,Likely to Exit,10.04,1.4343,213.96,1,213.96,1.0,32,2,0.5,2011-11-29,2011-11-29,,Insufficient History,1,"Mid-Value, Unreliable, Recent",High Risk
14602,1,1,0,100.0,Very Loyal,110.32,3.5587,205.36,1,205.36,4.6904,678,23,0.0435,2010-02-21,2010-02-21,,Insufficient History,2,"Mid-Value, Unreliable, Lapsed",Low Risk
14603,1,0,1,0.0,Likely to Exit,3.3,1.65,660.0,1,660.0,3.0,296,10,0.1,2011-03-10,2011-03-10,,Insufficient History,2,"Mid-Value, Unreliable, Lapsed",High Risk
14604,1,0,1,0.0,Likely to Exit,46.66,2.0287,143.86,1,143.86,4.5826,655,22,0.0455,2010-03-16,2010-03-16,,Insufficient History,2,"Mid-Value, Unreliable, Lapsed",High Risk
14605,3,3,0,100.0,Very Loyal,376.52,3.3921,937.16,4,234.29,2.7817,396,25,0.16,2009-12-08,2010-11-30,,Insufficient History,2,"Mid-Value, Unreliable, Lapsed",Low Risk
14606,25,19,6,76.0,Likely to Stay,19086.39,2.8449,30094.38,259,116.19,0.3573,23,25,10.36,2009-12-03,2011-12-08,1.078,Stable,0,"High-Value, Reliable, Recent",Low Risk
14607,9,2,7,22.22,Likely to Exit,658.57,2.744,18745.56,27,694.28,2.5556,37,25,1.08,2009-12-15,2011-11-24,,Insufficient History,0,"High-Value, Reliable, Recent",High Risk
14608,9,0,9,0.0,Likely to Exit,176.83,4.0189,3273.44,12,272.79,1.5454,26,25,0.48,2009-12-06,2011-12-05,1.694,Increasing,0,"High-Value, Reliable, Recent",High Risk
14609,10,0,10,0.0,Likely to Exit,3.45,0.2464,1366.2,11,124.2,1.2943,94,23,0.4783,2010-02-09,2011-09-28,0.0,Declining,1,"Mid-Value, Unreliable, Recent",High Risk
14610,2,0,2,0.0,Likely to Exit,20.1,2.01,24.35,2,12.18,2.8458,417,18,0.1111,2010-07-13,2010-11-09,,Insufficient History,2,"Mid-Value, Unreliable, Lapsed",High Risk
14611,2,0,2,0.0,Likely to Exit,87.25,2.2372,599.38,3,199.79,3.0844,461,21,0.1429,2010-04-20,2010-09-26,,Insufficient History,2,"Mid-Value, Unreliable, Lapsed",High Risk
14612,1,0,1,0.0,Likely to Exit,98.4,7.0286,877.7,1,877.7,3.7417,437,15,0.0667,2010-10-20,2010-10-20,,Insufficient History,2,"Mid-Value, Unreliable, Lapsed",High Risk
14613,1,0,1,0.0,Likely to Exit,1.06,1.06,76.32,1,76.32,4.7958,702,24,0.0417,2010-01-28,2010-01-28,,Insufficient History,2,"Mid-Value, Unreliable, Lapsed",High Risk
14614,1,0,1,0.0,Likely to Exit,52.56,2.7663,295.13,1,295.13,3.6056,408,14,0.0714,2010-11-18,2010-11-18,,Insufficient History,2,"Mid-Value, Unreliable, Lapsed",High Risk
14615,4,0,4,0.0,Likely to Exit,167.36,3.2816,934.26,6,155.71,2.041,416,19,0.3158,2010-06-09,2010-11-10,,Insufficient History,1,"Mid-Value, Unreliable, Recent",High Risk
14616,5,0,5,0.0,Likely to Exit,16.12,3.224,527.78,5,105.56,2.2628,264,19,0.2632,2010-06-09,2011-04-11,,Insufficient History,1,"Mid-Value, Unreliable, Recent",High Risk
14617,2,0,2,0.0,Likely to Exit,25.77,2.8633,190.47,2,95.23,2.5801,424,15,0.1333,2010-10-20,2010-11-02,,Insufficient History,2,"Mid-Value, Unreliable, Lapsed",High Risk
14618,6,1,5,16.67,Likely to Exit,256.86,4.7567,1295.67,9,143.96,1.8867,31,19,0.4737,2010-06-11,2011-11-30,,Insufficient History,1,"Mid-Value, Unreliable, Recent",High Risk
14619,2,2,0,100.0,Very Loyal,237.65,3.8331,1276.31,3,425.44,3.1524,261,19,0.1579,2010-06-16,2011-04-14,,Insufficient History,1,"Mid-Value, Unreliable, Recent",Low Risk
14620,2,0,2,0.0,Likely to Exit,92.23,3.0743,393.28,3,131.09,2.0245,226,10,0.3,2011-03-01,2011-05-19,,Insufficient History,1,"Mid-Value, Unreliable, Recent",High Risk
14621,10,0,10,0.0,Likely to Exit,507.84,2.8213,2878.27,16,179.89,1.503,23,25,0.64,2009-12-01,2011-12-08,2.283,Increasing,0,"High-Value, Reliable, Recent",High Risk
14622,1,0,1,0.0,Likely to Exit,67.46,3.2124,320.58,1,320.58,2.4495,206,7,0.1429,2011-06-08,2011-06-08,,Insufficient History,1,"Mid-Value, Unreliable, Recent",High Risk
14623,9,3,6,33.33,Likely to Exit,849.49,2.8796,2030.83,12,169.24,1.285,54,21,0.5714,2010-04-16,2011-11-07,1.236,Increasing,0,"High-Value, Reliable, Recent",Medium Risk
14624,4,0,4,0.0,Likely to Exit,119.83,2.3496,814.07,6,135.68,2.1697,79,21,0.2857,2010-04-14,2011-10-13,,Insufficient History,1,"Mid-Value, Unreliable, Recent",High Risk
14625,10,7,3,70.0,Likely to Stay,1117.81,4.0354,4391.53,18,243.97,1.5725,207,25,0.72,2009-12-11,2011-06-07,,Insufficient History,0,"High-Value, Reliable, Recent",Low Risk
14626,12,3,9,25.0,Likely to Exit,710.99,3.0,5374.77,15,358.32,1.2692,30,25,0.6,2009-12-10,2011-12-01,1.222,Increasing,0,"High-Value, Reliable, Recent",High Risk
14627,3,0,3,0.0,Likely to Exit,118.05,3.0269,406.4,3,135.47,4.899,333,25,0.12,2009-12-11,2011-02-01,,Insufficient History,2,"Mid-Value, Unreliable, Lapsed",High Risk
14628,5,0,5,0.0,Likely to Exit,303.96,3.5344,1998.0,5,399.6,2.0544,113,24,0.2083,2010-01-25,2011-09-09,0.0,Declining,1,"Mid-Value, Unreliable, Recent",High Risk
14629,3,2,1,66.67,Likely to Stay,573.25,3.7467,939.21,3,313.07,0.7762,26,3,1.0,2011-10-23,2011-12-05,,Insufficient History,1,"Mid-Value, Unreliable, Recent",Low Risk
14630,1,1,0,100.0,Very Loyal,107.2,5.1048,338.65,1,338.65,4.0,506,17,0.0588,2010-08-12,2010-08-12,,Insufficient History,2,"Mid-Value, Unreliable, Lapsed",Low Risk
14631,6,0,6,0.0,Likely to Exit,242.31,2.6338,2023.17,7,289.02,1.3613,72,17,0.4118,2010-08-09,2011-10-20,,Insufficient History,1,"Mid-Value, Unreliable, Recent",High Risk
14632,1,0,1,0.0,Likely to Exit,20.32,2.54,114.56,1,114.56,3.0,284,10,0.1,2011-03-22,2011-03-22,,Insufficient History,2,"Mid-Value, Unreliable, Lapsed",High Risk
14633,1,1,0,100.0,Very Loyal,108.05,5.4025,344.9,1,344.9,3.0,288,10,0.1,2011-03-18,2011-03-18,,Insufficient History,2,"Mid-Value, Unreliable, Lapsed",Low Risk
14634,5,1,4,20.0,Likely to Exit,264.46,2.2412,1971.82,7,281.69,3.6163,459,20,0.35,2010-05-04,2010-09-28,,Insufficient History,2,"Mid-Value, Unreliable, Lapsed",High Risk
14635,1,0,1,0.0,Likely to Exit,58.15,3.8767,215.22,1,215.22,3.873,475,16,0.0625,2010-09-12,2010-09-12,,Insufficient History,2,"Mid-Value, Unreliable, Lapsed",High Risk
14636,2,0,2,0.0,Likely to Exit,85.07,3.0382,609.85,2,304.93,2.0003,58,10,0.2,2011-03-16,2011-11-03,,Insufficient History,1,"Mid-Value, Unreliable, Recent",High Risk
14637,1,0,1,0.0,Likely to Exit,10.12,1.4457,106.68,1,106.68,4.7958,699,24,0.0417,2010-01-31,2010-01-31,,Insufficient History,2,"Mid-Value, Unreliable, Lapsed",High Risk
14638,1,0,1,0.0,Likely to Exit,66.55,4.1594,443.6,1,443.6,1.4142,72,3,0.3333,2011-10-20,2011-10-20,,Insufficient History,1,"Mid-Value, Unreliable, Recent",High Risk
14639,8,7,1,87.5,Very Loyal,1328.93,4.5048,4946.81,11,449.71,1.5494,74,23,0.4783,2010-02-16,2011-10-18,1.32,Increasing,0,"High-Value, Reliable, Recent",Low Risk
14640,12,1,11,8.33,Likely to Exit,770.8,3.4565,3464.03,16,216.5,1.2503,37,24,0.6667,2010-01-22,2011-11-24,0.819,Declining,0,"High-Value, Reliable, Recent",High Risk
14641,1,0,1,0.0,Likely to Exit,9.03,1.29,110.46,1,110.46,1.0,43,2,0.5,2011-11-18,2011-11-18,,Insufficient History,1,"Mid-Value, Unreliable, Recent",High Risk
14642,1,0,1,0.0,Likely to Exit,6.01,3.005,96.12,1,96.12,1.4142,80,3,0.3333,2011-10-12,2011-10-12,,Insufficient History,1,"Mid-Value, Unreliable, Recent",High Risk
14643,5,0,5,0.0,Likely to Exit,173.11,2.6632,1654.69,6,275.78,2.0032,192,25,0.24,2009-12-11,2011-06-22,,Insufficient History,1,"Mid-Value, Unreliable, Recent",High Risk
14644,6,2,4,33.33,Likely to Exit,427.95,5.9437,2077.47,12,173.12,2.201,31,25,0.48,2009-12-03,2011-11-30,,Insufficient History,0,"High-Value, Reliable, Recent",Medium Risk
14645,3,0,3,0.0,Likely to Exit,184.61,3.4187,840.24,4,210.06,2.5565,178,22,0.1818,2010-03-15,2011-07-06,0.0,Declining,1,"Mid-Value, Unreliable, Recent",High Risk
14646,25,14,11,56.0,At Risk,11081.4,2.8487,523342.07,164,3191.11,0.5421,23,25,6.56,2009-12-02,2011-12-08,1.161,Increasing,0,"High-Value, Reliable, Recent",Medium Risk
14647,2,0,2,0.0,Likely to Exit,170.31,3.3394,519.97,2,259.99,2.835,223,18,0.1111,2010-07-04,2011-05-22,,Insufficient History,1,"Mid-Value, Unreliable, Recent",High Risk
14648,10,4,6,40.0,At Risk,982.84,2.1136,4458.21,19,234.64,1.7362,425,25,0.76,2009-12-10,2010-11-01,,Insufficient History,0,"High-Value, Reliable, Recent",Medium Risk
14649,8,8,0,100.0,Very Loyal,1729.05,3.007,3754.16,11,341.29,1.5414,26,24,0.4583,2010-01-20,2011-12-05,1.611,Increasing,0,"High-Value, Reliable, Recent",Low Risk
14650,1,0,1,0.0,Likely to Exit,27.4,6.85,62.5,1,62.5,4.4721,611,21,0.0476,2010-04-29,2010-04-29,,Insufficient History,2,"Mid-Value, Unreliable, Lapsed",High Risk
14651,8,5,3,62.5,Likely to Stay,895.89,3.1107,2034.12,9,226.01,1.4613,89,22,0.4091,2010-03-18,2011-10-03,,Insufficient History,0,"High-Value, Reliable, Recent",Low Risk
14652,1,0,1,0.0,Likely to Exit,86.6,2.9862,114.18,1,114.18,1.7321,99,4,0.25,2011-09-23,2011-09-23,,Insufficient History,1,"Mid-Value, Unreliable, Recent",High Risk
14653,8,1,7,12.5,Likely to Exit,1397.82,3.6213,3614.54,12,301.21,1.6712,23,25,0.48,2009-12-02,2011-12-08,,Insufficient History,0,"High-Value, Reliable, Recent",High Risk
14654,1,0,1,0.0,Likely to Exit,35.85,1.3278,246.86,1,246.86,4.899,760,25,0.04,2009-12-01,2009-12-01,,Insufficient History,2,"Mid-Value, Unreliable, Lapsed",High Risk
14655,8,0,8,0.0,Likely to Exit,320.6,2.9145,3829.23,12,319.1,1.5817,25,21,0.5714,2010-04-22,2011-12-06,1.795,Increasing,0,"High-Value, Reliable, Recent",High Risk
14656,5,5,0,100.0,Very Loyal,644.4,2.9972,814.65,5,162.93,1.8149,191,21,0.2381,2010-04-15,2011-06-23,,Insufficient History,1,"Mid-Value, Unreliable, Recent",Low Risk
14657,6,3,3,50.0,At Risk,573.11,2.6533,1450.92,7,207.27,1.5167,39,16,0.4375,2010-09-30,2011-11-22,1.827,Increasing,0,"High-Value, Reliable, Recent",Medium Risk
14658,2,0,2,0.0,Likely to Exit,162.06,5.5883,247.15,2,123.57,1.2248,27,5,0.4,2011-08-14,2011-12-04,,Insufficient History,1,"Mid-Value, Unreliable, Recent",High Risk
14659,9,3,6,33.33,Likely to Exit,785.89,3.0343,2456.53,12,204.71,0.8055,30,12,1.0,2011-01-28,2011-12-01,0.693,Declining,0,"High-Value, Reliable, Recent",Medium Risk
14660,2,0,2,0.0,Likely to Exit,70.76,2.3587,285.74,2,142.87,1.2344,108,5,0.4,2011-08-31,2011-09-14,,Insufficient History,1,"Mid-Value, Unreliable, Recent",High Risk
14661,1,0,1,0.0,Likely to Exit,15.8,3.95,107.95,1,107.95,1.0,48,2,0.5,2011-11-13,2011-11-13,,Insufficient History,1,"Mid-Value, Unreliable, Recent",High Risk
14662,7,3,4,42.86,At Risk,636.19,2.5146,1416.33,7,202.33,1.9037,50,25,0.28,2009-12-03,2011-11-11,,Insufficient History,1,"Mid-Value, Unreliable, Recent",Medium Risk
14663,1,1,0,100.0,Very Loyal,152.95,2.2493,490.6,2,245.3,3.7417,452,15,0.1333,2010-10-05,2010-10-05,,Insufficient History,2,"Mid-Value, Unreliable, Lapsed",Low Risk
14664,1,1,0,100.0,Very Loyal,196.29,1.9827,637.89,2,318.95,1.0,41,2,1.0,2011-11-06,2011-11-20,,Insufficient History,1,"Mid-Value, Unreliable, Recent",Low Risk
14665,5,2,3,40.0,At Risk,616.61,3.8781,2172.33,9,241.37,1.8748,82,21,0.4286,2010-04-26,2011-10-10,0.0,Declining,0,"High-Value, Reliable, Recent",Medium Risk
14666,1,0,1,0.0,Likely to Exit,26.0,1.8571,195.25,1,195.25,1.0,46,2,0.5,2011-11-15,2011-11-15,,Insufficient History,1,"Mid-Value, Unreliable, Recent",High Risk
14667,23,17,6,73.91,Likely to Stay,4409.25,3.2067,21720.59,61,356.08,0.8312,32,25,2.44,2009-12-02,2011-11-29,0.902,Stable,0,"High-Value, Reliable, Recent",Low Risk
14668,1,0,1,0.0,Likely to Exit,26.34,2.195,111.63,1,111.63,3.873,467,16,0.0625,2010-09-20,2010-09-20,,Insufficient History,2,"Mid-Value, Unreliable, Lapsed",High Risk
14669,5,5,0,100.0,Very Loyal,1052.32,2.6641,3243.93,7,463.42,2.0798,263,25,0.28,2009-12-02,2011-04-12,,Insufficient History,0,"High-Value, Reliable, Recent",Low Risk
14670,2,2,0,100.0,Very Loyal,343.45,1.8269,602.0,3,200.67,3.6312,302,25,0.12,2009-12-07,2011-03-04,,Insufficient History,2,"Mid-Value, Unreliable, Lapsed",Low Risk
14671,2,1,1,50.0,At Risk,176.73,3.2133,1127.45,2,563.73,3.6809,571,20,0.1,2010-05-20,2010-06-08,,Insufficient History,2,"Mid-Value, Unreliable, Lapsed",Medium Risk
14672,4,1,3,25.0,Likely to Exit,299.85,2.8288,1113.14,4,278.28,2.4953,256,24,0.1667,2010-01-28,2011-04-19,,Insufficient History,1,"Mid-Value, Unreliable, Recent",High Risk
14673,5,1,4,20.0,Likely to Exit,370.79,2.2748,3410.81,7,487.26,1.5125,25,15,0.4667,2010-10-26,2011-12-06,,Insufficient History,0,"High-Value, Reliable, Recent",High Risk
14674,1,0,1,0.0,Likely to Exit,37.52,2.68,173.66,1,173.66,4.1231,531,18,0.0556,2010-07-18,2010-07-18,,Insufficient History,2,"Mid-Value, Unreliable, Lapsed",High Risk
14675,2,2,0,100.0,Very Loyal,496.86,2.0703,1066.9,2,533.45,2.4749,38,14,0.1429,2010-11-16,2011-11-23,,Insufficient History,1,"Mid-Value, Unreliable, Recent",Low Risk
14676,11,0,11,0.0,Likely to Exit,234.48,1.6749,8285.49,16,517.84,1.9138,53,22,0.7273,2010-03-10,2011-11-08,0.369,Declining,0,"High-Value, Reliable, Recent",High Risk
14677,1,0,1,0.0,Likely to Exit,33.18,2.37,184.91,1,184.91,4.4721,614,21,0.0476,2010-04-26,2010-04-26,,Insufficient History,2,"Mid-Value, Unreliable, Lapsed",High Risk
14678,1,1,0,100.0,Very Loyal,100.43,4.0172,386.44,2,193.22,4.3589,593,20,0.1,2010-05-09,2010-05-17,,Insufficient History,2,"Mid-Value, Unreliable, Lapsed",Low Risk
14679,4,1,3,25.0,Likely to Exit,217.47,3.1981,1270.4,5,254.08,2.7238,393,25,0.2,2009-12-08,2010-12-03,,Insufficient History,1,"Mid-Value, Unreliable, Recent",High Risk
14680,23,10,13,43.48,At Risk,3996.12,2.7408,54801.34,87,629.9,0.6941,47,25,3.48,2009-12-04,2011-11-14,0.112,Declining,0,"High-Value, Reliable, Recent",Medium Risk
14681,5,0,5,0.0,Likely to Exit,122.6,6.13,875.15,6,145.86,2.3915,93,23,0.2609,2010-02-24,2011-09-29,0.0,Declining,1,"Mid-Value, Unreliable, Recent",High Risk
14682,6,2,4,33.33,Likely to Exit,262.04,3.047,1514.81,6,252.47,2.8507,209,23,0.2609,2010-02-05,2011-06-05,,Insufficient History,1,"Mid-Value, Unreliable, Recent",Medium Risk
14683,1,0,1,0.0,Likely to Exit,24.55,1.169,146.56,1,146.56,4.4721,610,21,0.0476,2010-04-30,2010-04-30,,Insufficient History,2,"Mid-Value, Unreliable, Lapsed",High Risk
14684,6,4,2,66.67,Likely to Stay,885.5,1.7062,1468.55,6,244.76,1.2522,47,14,0.4286,2010-11-14,2011-11-14,4.544,Increasing,0,"High-Value, Reliable, Recent",Low Risk
14685,5,4,1,80.0,Very Loyal,668.79,3.2784,4324.31,13,332.64,2.2045,598,25,0.52,2009-12-13,2010-05-12,,Insufficient History,0,"High-Value, Reliable, Recent",Low Risk
14686,2,2,0,100.0,Very Loyal,534.62,2.2653,877.88,6,146.31,3.3808,436,23,0.2609,2010-02-18,2010-10-21,,Insufficient History,2,"Mid-Value, Unreliable, Lapsed",Low Risk
14687,3,0,3,0.0,Likely to Exit,119.37,2.9843,1402.06,3,467.35,2.4122,128,19,0.1579,2010-06-06,2011-08-25,0.0,Declining,1,"Mid-Value, Unreliable, Recent",High Risk
14688,15,3,12,20.0,Likely to Exit,1153.42,2.1164,7190.08,34,211.47,0.4112,29,16,2.125,2010-09-09,2011-12-02,1.164,Increasing,0,"High-Value, Reliable, Recent",High Risk
14689,1,0,1,0.0,Likely to Exit,28.35,2.1808,112.8,1,112.8,2.6458,230,8,0.125,2011-05-15,2011-05-15,,Insufficient History,1,"Mid-Value, Unreliable, Recent",High Risk
14690,4,1,3,25.0,Likely to Exit,332.01,3.046,781.24,5,156.25,1.6899,66,15,0.3333,2010-10-25,2011-10-26,0.761,Declining,1,"Mid-Value, Unreliable, Recent",High Risk
14691,3,1,2,33.33,Likely to Exit,260.32,3.6665,2114.33,5,422.87,1.6499,52,8,0.625,2011-05-11,2011-11-09,0.26,Declining,1,"Mid-Value, Unreliable, Recent",Medium Risk
14692,10,0,10,0.0,Likely to Exit,482.03,2.9392,1735.59,13,133.51,1.268,159,21,0.619,2010-04-01,2011-07-25,0.0,Declining,0,"High-Value, Reliable, Recent",High Risk
14693,5,1,4,20.0,Likely to Exit,273.41,3.5975,1139.86,8,142.48,1.9993,286,18,0.4444,2010-07-02,2011-03-20,,Insufficient History,1,"Mid-Value, Unreliable, Recent",High Risk
14694,1,0,1,0.0,Likely to Exit,41.08,2.7387,244.31,1,244.31,4.4721,639,21,0.0476,2010-04-01,2010-04-01,,Insufficient History,2,"Mid-Value, Unreliable, Lapsed",High Risk
14695,2,2,0,100.0,Very Loyal,311.8,3.2821,1552.57,4,388.14,3.4752,541,25,0.16,2009-12-07,2010-07-08,,Insufficient History,2,"Mid-Value, Unreliable, Lapsed",Low Risk
14696,8,0,8,0.0,Likely to Exit,436.69,2.4812,2758.67,10,275.87,1.0123,26,15,0.6667,2010-10-14,2011-12-05,0.495,Declining,0,"High-Value, Reliable, Recent",High Risk
14697,1,0,1,0.0,Likely to Exit,71.22,3.2373,188.61,2,94.3,2.6458,240,8,0.25,2011-05-05,2011-05-05,,Insufficient History,1,"Mid-Value, Unreliable, Recent",High Risk
14698,3,2,1,66.67,Likely to Stay,603.27,2.8727,1250.76,5,250.15,0.462,23,3,1.6667,2011-10-19,2011-12-08,,Insufficient History,0,"High-Value, Reliable, Recent",Low Risk
14699,4,0,4,0.0,Likely to Exit,111.05,2.221,702.6,4,175.65,1.9555,236,18,0.2222,2010-07-02,2011-05-09,,Insufficient History,1,"Mid-Value, Unreliable, Recent",High Risk
14700,5,1,4,20.0,Likely to Exit,456.8,2.6871,3116.26,5,623.25,1.6287,54,17,0.2941,2010-08-11,2011-11-07,,Insufficient History,0,"High-Value, Reliable, Recent",High Risk
14701,9,8,1,88.89,Very Loyal,1936.35,3.0687,4498.94,18,249.94,1.5091,32,24,0.75,2010-01-24,2011-11-29,,Insufficient History,0,"High-Value, Reliable, Recent",Low Risk
14702,20,7,13,35.0,Likely to Exit,2690.2,3.7157,6695.72,32,209.24,0.9738,23,25,1.28,2009-12-10,2011-12-08,2.609,Increasing,0,"High-Value, Reliable, Recent",Medium Risk
14703,1,0,1,0.0,Likely to Exit,45.13,2.0514,318.17,1,318.17,1.0,36,2,0.5,2011-11-25,2011-11-25,,Insufficient History,1,"Mid-Value, Unreliable, Recent",High Risk
14704,7,3,4,42.86,At Risk,1086.32,2.2491,1813.57,11,164.87,2.1139,33,22,0.5,2010-03-25,2011-11-28,4.199,Increasing,0,"High-Value, Reliable, Recent",Medium Risk
14705,1,0,1,0.0,Likely to Exit,1.79,1.79,179.0,1,179.0,2.6458,220,8,0.125,2011-05-25,2011-05-25,,Insufficient History,1,"Mid-Value, Unreliable, Recent",High Risk
14706,1,0,1,0.0,Likely to Exit,79.74,2.8479,390.69,1,390.69,4.5826,640,22,0.0455,2010-03-31,2010-03-31,,Insufficient History,2,"Mid-Value, Unreliable, Lapsed",High Risk
14707,2,0,2,0.0,Likely to Exit,2.9,1.45,139.2,2,69.6,3.0,457,20,0.1,2010-05-12,2010-09-30,,Insufficient History,2,"Mid-Value, Unreliable, Lapsed",High Risk
14708,5,0,5,0.0,Likely to Exit,224.62,4.1596,2182.58,6,363.76,1.697,24,16,0.375,2010-09-10,2011-12-07,1.507,Increasing,1,"Mid-Value, Unreliable, Recent",High Risk
14709,20,2,18,10.0,Likely to Exit,1233.44,3.4358,8866.48,27,328.39,0.6913,37,25,1.08,2009-12-05,2011-11-24,0.283,Declining,0,"High-Value, Reliable, Recent",High Risk
14710,9,4,5,44.44,At Risk,907.98,2.0543,1922.59,13,147.89,1.5412,36,25,0.52,2009-12-03,2011-11-25,,Insufficient History,0,"High-Value, Reliable, Recent",Medium Risk
14711,7,6,1,85.71,Very Loyal,1703.02,4.7438,2838.2,12,236.52,0.8593,32,10,1.2,2011-03-22,2011-11-29,1.12,Increasing,0,"High-Value, Reliable, Recent",Low Risk
14712,4,0,4,0.0,Likely to Exit,113.35,3.5422,1328.07,4,332.02,1.8532,51,15,0.2667,2010-10-17,2011-11-10,1.176,Increasing,1,"Mid-Value, Unreliable, Recent",High Risk
14713,17,7,10,41.18,At Risk,1620.75,2.2795,5372.47,25,214.9,1.0026,31,25,1.0,2009-12-03,2011-11-30,1.098,Stable,0,"High-Value, Reliable, Recent",Medium Risk
14714,5,1,4,20.0,Likely to Exit,260.25,2.6556,896.4,7,128.06,2.371,46,24,0.2917,2010-01-21,2011-11-15,,Insufficient History,1,"Mid-Value, Unreliable, Recent",High Risk
14715,8,1,7,12.5,Likely to Exit,462.66,3.3526,1840.45,8,230.06,1.5992,46,24,0.3333,2010-01-19,2011-11-15,0.785,Declining,0,"High-Value, Reliable, Recent",High Risk
14716,3,0,3,0.0,Likely to Exit,161.81,1.6181,565.45,3,188.48,2.1348,65,16,0.1875,2010-09-21,2011-10-27,0.748,Declining,1,"Mid-Value, Unreliable, Recent",High Risk
14717,1,0,1,0.0,Likely to Exit,40.7,3.3917,72.8,2,36.4,4.899,755,25,0.08,2009-12-06,2009-12-06,,Insufficient History,2,"Mid-Value, Unreliable, Lapsed",High Risk
14718,1,0,1,0.0,Likely to Exit,21.72,1.9745,226.42,1,226.42,3.7417,432,15,0.0667,2010-10-25,2010-10-25,,Insufficient History,2,"Mid-Value, Unreliable, Lapsed",High Risk
14719,5,3,2,60.0,Likely to Stay,569.33,2.3921,1592.18,6,265.36,0.9418,23,9,0.6667,2011-04-04,2011-12-08,,Insufficient History,0,"High-Value, Reliable, Recent",Low Risk
14720,3,1,2,33.33,Likely to Exit,212.55,5.7446,663.81,3,221.27,0.861,27,5,0.6,2011-08-05,2011-12-04,,Insufficient History,1,"Mid-Value, Unreliable, Recent",Medium Risk
14721,1,0,1,0.0,Likely to Exit,72.07,2.6693,115.77,1,115.77,3.6056,401,14,0.0714,2010-11-25,2010-11-25,,Insufficient History,2,"Mid-Value, Unreliable, Lapsed",High Risk
14722,2,1,1,50.0,At Risk,311.3,3.3117,513.37,3,171.12,2.8478,169,17,0.1765,2010-08-10,2011-07-15,0.0,Declining,1,"Mid-Value, Unreliable, Recent",Medium Risk
14723,8,2,6,25.0,Likely to Exit,1029.59,2.1405,2093.06,11,190.28,2.0265,32,25,0.44,2009-12-04,2011-11-29,,Insufficient History,0,"High-Value, Reliable, Recent",High Risk
14724,1,1,0,100.0,Very Loyal,107.91,2.5095,345.25,1,345.25,4.4721,612,21,0.0476,2010-04-28,2010-04-28,,Insufficient History,2,"Mid-Value, Unreliable, Lapsed",Low Risk
14725,3,1,2,33.33,Likely to Exit,315.41,2.9478,1264.84,5,252.97,2.5776,46,19,0.2632,2010-06-23,2011-11-15,,Insufficient History,1,"Mid-Value, Unreliable, Recent",Medium Risk
14726,1,0,1,0.0,Likely to Exit,37.85,1.9921,124.75,1,124.75,4.6904,676,23,0.0435,2010-02-23,2010-02-23,,Insufficient History,2,"Mid-Value, Unreliable, Lapsed",High Risk
14727,2,0,2,0.0,Likely to Exit,131.8,1.8055,291.13,4,72.78,2.9509,296,19,0.2105,2010-06-11,2011-03-10,,Insufficient History,2,"Mid-Value, Unreliable, Lapsed",High Risk
14728,1,0,1,0.0,Likely to Exit,48.68,3.4771,190.58,1,190.58,3.7417,435,15,0.0667,2010-10-22,2010-10-22,,Insufficient History,2,"Mid-Value, Unreliable, Lapsed",High Risk
14729,2,2,0,100.0,Very Loyal,430.87,2.0715,907.38,3,302.46,3.4066,395,22,0.1364,2010-03-24,2010-12-01,,Insufficient History,2,"Mid-Value, Unreliable, Lapsed",Low Risk
14730,6,5,1,83.33,Very Loyal,1265.42,2.5258,2005.06,8,250.63,1.257,23,10,0.8,2011-03-08,2011-12-08,8.027,Increasing,0,"High-Value, Reliable, Recent",Low Risk
14731,2,0,2,0.0,Likely to Exit,94.6,2.1022,380.02,3,126.67,1.8473,69,8,0.375,2011-05-11,2011-10-23,,Insufficient History,1,"Mid-Value, Unreliable, Recent",High Risk
14732,16,1,15,6.25,Likely to Exit,1144.65,4.0305,5447.52,24,226.98,1.0014,30,25,0.96,2009-12-09,2011-12-01,1.213,Increasing,0,"High-Value, Reliable, Recent",High Risk
14733,10,3,7,30.0,Likely to Exit,1422.98,3.9309,16050.6,18,891.7,1.6044,31,14,1.2857,2010-11-02,2011-11-30,0.789,Declining,0,"High-Value, Reliable, Recent",Medium Risk
14734,4,1,3,25.0,Likely to Exit,317.28,4.9575,1045.47,5,209.09,2.0287,438,19,0.2632,2010-06-06,2010-10-19,,Insufficient History,1,"Mid-Value, Unreliable, Recent",High Risk
14735,24,3,21,12.5,Likely to Exit,1479.66,3.8836,11909.71,59,201.86,0.5304,25,25,2.36,2009-12-04,2011-12-06,1.176,Increasing,0,"High-Value, Reliable, Recent",High Risk
14736,1,1,0,100.0,Very Loyal,301.83,3.0183,401.08,2,200.54,4.0,507,17,0.1176,2010-08-11,2010-08-11,,Insufficient History,2,"Mid-Value, Unreliable, Lapsed",Low Risk
14737,4,1,3,25.0,Likely to Exit,173.83,3.8629,3554.17,4,888.54,2.4515,25,14,0.2857,2010-11-04,2011-12-06,0.128,Declining,1,"Mid-Value, Unreliable, Recent",High Risk
14738,9,1,8,11.11,Likely to Exit,355.77,4.2864,1763.64,12,146.97,1.861,61,25,0.48,2009-12-07,2011-10-31,2.361,Increasing,0,"High-Value, Reliable, Recent",High Risk
14739,17,1,16,5.88,Likely to Exit,647.16,2.4987,12269.57,28,438.2,0.9893,24,25,1.12,2009-12-02,2011-12-07,1.757,Increasing,0,"High-Value, Reliable, Recent",High Risk
14740,10,3,7,30.0,Likely to Exit,813.92,3.4198,4068.86,13,312.99,1.5069,213,23,0.5652,2010-02-25,2011-06-01,,Insufficient History,0,"High-Value, Reliable, Recent",Medium Risk
14741,6,0,6,0.0,Likely to Exit,207.48,2.4409,1897.59,7,271.08,1.4919,33,15,0.4667,2010-10-18,2011-11-28,2.73,Increasing,1,"Mid-Value, Unreliable, Recent",High Risk
14742,1,0,1,0.0,Likely to Exit,84.8,2.4941,579.85,1,579.85,3.873,457,16,0.0625,2010-09-30,2010-09-30,,Insufficient History,2,"Mid-Value, Unreliable, Lapsed",High Risk
14743,1,0,1,0.0,Likely to Exit,3.99,1.33,50.48,1,50.48,4.4721,614,21,0.0476,2010-04-26,2010-04-26,,Insufficient History,2,"Mid-Value, Unreliable, Lapsed",High Risk
14744,9,1,8,11.11,Likely to Exit,540.4,4.3581,3821.02,17,224.77,1.6571,38,20,0.85,2010-05-18,2011-11-23,,Insufficient History,0,"High-Value, Reliable, Recent",High Risk
14745,8,0,8,0.0,Likely to Exit,319.07,2.1705,2491.46,17,146.56,1.5229,134,22,0.7727,2010-03-12,2011-08-19,0.0,Declining,0,"High-Value, Reliable, Recent",High Risk
14746,1,0,1,0.0,Likely to Exit,13.75,1.5278,593.5,4,148.38,3.7417,428,15,0.2667,2010-10-12,2010-10-29,,Insufficient History,2,"Mid-Value, Unreliable, Lapsed",High Risk
14747,1,1,0,100.0,Very Loyal,121.35,6.3868,294.3,2,147.15,2.8284,269,9,0.2222,2011-04-04,2011-04-06,,Insufficient History,2,"Mid-Value, Unreliable, Lapsed",Low Risk
14748,10,1,9,10.0,Likely to Exit,442.25,2.0102,2672.25,16,167.02,1.8366,51,25,0.64,2009-12-01,2011-11-10,0.854,Declining,0,"High-Value, Reliable, Recent",High Risk
14749,1,0,1,0.0,Likely to Exit,30.69,1.705,310.15,1,310.15,4.0,501,17,0.0588,2010-08-17,2010-08-17,,Insufficient History,2,"Mid-Value, Unreliable, Lapsed",High Risk
14750,1,0,1,0.0,Likely to Exit,84.3,2.6344,112.03,1,112.03,4.899,758,25,0.04,2009-12-03,2009-12-03,,Insufficient History,2,"Mid-Value, Unreliable, Lapsed",High Risk
14751,2,0,2,0.0,Likely to Exit,18.45,2.6357,126.45,2,63.23,3.3928,706,25,0.08,2009-12-13,2010-01-24,,Insufficient History,2,"Mid-Value, Unreliable, Lapsed",High Risk
14752,1,0,1,0.0,Likely to Exit,12.52,2.504,389.64,1,389.64,1.4142,65,3,0.3333,2011-10-27,2011-10-27,,Insufficient History,1,"Mid-Value, Unreliable, Recent",High Risk
14753,2,1,1,50.0,At Risk,140.41,2.9252,869.51,2,434.75,2.7745,109,16,0.125,2010-09-05,2011-09-13,0.0,Declining,1,"Mid-Value, Unreliable, Recent",Medium Risk
14754,6,1,5,16.67,Likely to Exit,363.57,2.6346,1546.28,7,220.9,2.0703,66,24,0.2917,2010-01-18,2011-10-26,,Insufficient History,1,"Mid-Value, Unreliable, Recent",High Risk
14755,20,4,16,20.0,Likely to Exit,1975.9,4.0824,9851.45,30,328.38,0.785,31,25,1.2,2009-12-03,2011-11-30,1.971,Increasing,0,"High-Value, Reliable, Recent",High Risk
14756,3,3,0,100.0,Very Loyal,479.38,3.9293,2613.46,4,653.37,2.2021,37,15,0.2667,2010-10-11,2011-11-24,,Insufficient History,0,"High-Value, Reliable, Recent",Low Risk
14757,1,0,1,0.0,Likely to Exit,74.56,3.9242,420.5,1,420.5,1.7321,97,4,0.25,2011-09-25,2011-09-25,,Insufficient History,1,"Mid-Value, Unreliable, Recent",High Risk
14758,7,4,3,57.14,At Risk,822.43,6.0473,2864.97,7,409.28,1.5609,166,21,0.3333,2010-04-08,2011-07-18,0.0,Declining,0,"High-Value, Reliable, Recent",Medium Risk
14759,3,2,1,66.67,Likely to Stay,550.2,5.3941,1625.97,3,541.99,1.536,26,9,0.3333,2011-04-21,2011-12-05,2.529,Increasing,1,"Mid-Value, Unreliable, Recent",Low Risk
14760,1,0,1,0.0,Likely to Exit,20.25,2.8929,53.8,2,26.9,3.1623,316,11,0.1818,2011-02-15,2011-02-18,,Insufficient History,2,"Mid-Value, Unreliable, Lapsed",High Risk
14761,3,0,3,0.0,Likely to Exit,66.91,2.7879,447.92,3,149.31,2.1678,80,16,0.1875,2010-09-21,2011-10-12,,Insufficient History,1,"Mid-Value, Unreliable, Recent",High Risk
14762,2,0,2,0.0,Likely to Exit,56.03,1.8677,417.57,2,208.78,3.4819,285,22,0.0909,2010-03-23,2011-03-21,,Insufficient History,2,"Mid-Value, Unreliable, Lapsed",High Risk
14763,1,0,1,0.0,Likely to Exit,9.95,9.95,-9.95,1,-9.95,0.0,754,25,0.04,2009-12-07,2009-12-07,,Insufficient History,3,"Low-Value, Reliable, Lapsed",High Risk
14764,1,0,1,0.0,Likely to Exit,10.8,1.5429,250.55,2,125.28,1.4142,65,3,0.6667,2011-10-24,2011-10-27,,Insufficient History,1,"Mid-Value, Unreliable, Recent",High Risk
14765,3,0,3,0.0,Likely to Exit,116.09,2.9767,254.11,3,84.7,1.5666,51,7,0.4286,2011-06-16,2011-11-10,10.574,Increasing,1,"Mid-Value, Unreliable, Recent",High Risk
14766,11,3,8,27.27,Likely to Exit,968.12,2.774,6431.98,14,459.43,1.0593,30,19,0.7368,2010-06-06,2011-12-01,0.813,Declining,0,"High-Value, Reliable, Recent",High Risk
14767,1,0,1,0.0,Likely to Exit,94.33,5.2406,382.81,1,382.81,4.0,496,17,0.0588,2010-08-22,2010-08-22,,Insufficient History,2,"Mid-Value, Unreliable, Lapsed",High Risk
14768,3,0,3,0.0,Likely to Exit,22.5,3.75,139.5,3,46.5,1.3664,39,5,0.6,2011-08-04,2011-11-22,,Insufficient History,1,"Mid-Value, Unreliable, Recent",High Risk
14769,15,8,7,53.33,At Risk,3853.14,2.6832,15696.67,21,747.46,1.4798,24,25,0.84,2009-12-16,2011-12-07,0.076,Declining,0,"High-Value, Reliable, Recent",Medium Risk
14770,8,3,5,37.5,Likely to Exit,785.62,3.9678,3624.89,9,402.77,1.8446,254,23,0.3913,2010-02-25,2011-04-21,,Insufficient History,0,"High-Value, Reliable, Recent",Medium Risk
14771,3,0,3,0.0,Likely to Exit,59.19,1.1838,579.92,3,193.31,3.3932,627,25,0.12,2009-12-03,2010-04-13,,Insufficient History,2,"Mid-Value, Unreliable, Lapsed",High Risk
14772,1,0,1,0.0,Likely to Exit,31.58,3.5089,139.26,1,139.26,2.0,134,5,0.2,2011-08-19,2011-08-19,,Insufficient History,1,"Mid-Value, Unreliable, Recent",High Risk
14773,1,0,1,0.0,Likely to Exit,54.95,4.9955,125.7,2,62.85,4.4721,610,21,0.0952,2010-04-26,2010-04-30,,Insufficient History,2,"Mid-Value, Unreliable, Lapsed",High Risk
14774,1,0,1,0.0,Likely to Exit,67.65,5.2038,241.45,1,241.45,4.2426,550,19,0.0526,2010-06-29,2010-06-29,,Insufficient History,2,"Mid-Value, Unreliable, Lapsed",High Risk
14775,3,0,3,0.0,Likely to Exit,86.12,1.0765,1418.46,3,472.82,2.111,80,13,0.2308,2010-12-02,2011-10-12,1.053,Stable,1,"Mid-Value, Unreliable, Recent",High Risk
14776,10,0,10,0.0,Likely to Exit,219.94,1.0424,3339.02,19,175.74,0.9584,73,16,1.1875,2010-09-19,2011-10-19,0.88,Declining,0,"High-Value, Reliable, Recent",High Risk
14777,3,0,3,0.0,Likely to Exit,99.46,4.7362,239.26,4,59.82,3.6056,26,14,0.2857,2010-11-01,2011-12-05,,Insufficient History,1,"Mid-Value, Unreliable, Recent",High Risk
14778,2,0,2,0.0,Likely to Exit,109.95,3.1414,730.86,2,365.43,2.1309,149,11,0.1818,2011-02-04,2011-08-04,0.0,Declining,1,"Mid-Value, Unreliable, Recent",High Risk
14779,2,1,1,50.0,At Risk,279.8,6.8244,386.15,3,128.72,2.9784,302,12,0.25,2011-01-20,2011-03-04,,Insufficient History,2,"Mid-Value, Unreliable, Lapsed",Medium Risk
14780,2,0,2,0.0,Likely to Exit,74.7,2.7667,447.68,2,223.84,1.214,76,4,0.5,2011-09-21,2011-10-16,,Insufficient History,1,"Mid-Value, Unreliable, Recent",High Risk
14781,1,1,0,100.0,Very Loyal,530.31,530.31,-530.31,1,-530.31,0.0,442,15,0.0667,2010-10-15,2010-10-15,,Insufficient History,3,"Low-Value, Reliable, Lapsed",Low Risk
14782,1,0,1,0.0,Likely to Exit,15.1,2.5167,200.1,1,200.1,3.3166,341,12,0.0833,2011-01-24,2011-01-24,,Insufficient History,2,"Mid-Value, Unreliable, Lapsed",High Risk
14783,1,0,1,0.0,Likely to Exit,44.77,2.4872,305.35,2,152.68,4.6904,677,23,0.087,2010-02-18,2010-02-22,,Insufficient History,2,"Mid-Value, Unreliable, Lapsed",High Risk
14784,3,0,3,0.0,Likely to Exit,78.99,2.9256,449.93,3,149.98,1.9504,48,14,0.2143,2010-11-15,2011-11-13,,Insufficient History,1,"Mid-Value, Unreliable, Recent",High Risk
14785,1,0,1,0.0,Likely to Exit,2.83,0.9433,77.4,2,38.7,1.0,32,2,1.0,2011-11-24,2011-11-29,,Insufficient History,1,"Mid-Value, Unreliable, Recent",High Risk
14786,1,0,1,0.0,Likely to Exit,7.04,1.0057,90.96,1,90.96,4.2426,572,19,0.0526,2010-06-07,2010-06-07,,Insufficient History,2,"Mid-Value, Unreliable, Lapsed",High Risk
14787,1,0,1,0.0,Likely to Exit,34.32,2.288,110.65,1,110.65,4.0,493,17,0.0588,2010-08-25,2010-08-25,,Insufficient History,2,"Mid-Value, Unreliable, Lapsed",High Risk
14788,3,0,3,0.0,Likely to Exit,161.15,2.7784,1156.32,3,385.44,2.4946,29,21,0.1429,2010-04-22,2011-12-02,,Insufficient History,1,"Mid-Value, Unreliable, Recent",High Risk
14789,1,0,1,0.0,Likely to Exit,12.34,2.0567,197.64,1,197.64,1.0,50,2,0.5,2011-11-11,2011-11-11,,Insufficient History,1,"Mid-Value, Unreliable, Recent",High Risk
14790,8,0,8,0.0,Likely to Exit,257.33,1.7747,2526.62,10,252.66,1.6543,38,25,0.4,2009-12-11,2011-11-23,1.798,Increasing,0,"High-Value, Reliable, Recent",High Risk
14791,1,0,1,0.0,Likely to Exit,65.79,3.4626,303.63,1,303.63,4.4721,628,21,0.0476,2010-04-12,2010-04-12,,Insufficient History,2,"Mid-Value, Unreliable, Lapsed",High Risk
14792,1,0,1,0.0,Likely to Exit,12.4,3.1,0.0,2,0.0,1.4142,85,3,0.6667,2011-10-06,2011-10-07,,Insufficient History,3,"Low-Value, Reliable, Lapsed",High Risk
14793,3,0,3,0.0,Likely to Exit,107.65,2.6913,611.05,3,203.68,3.0305,26,19,0.1579,2010-06-22,2011-12-05,,Insufficient History,1,"Mid-Value, Unreliable, Recent",High Risk
14794,8,1,7,12.5,Likely to Exit,671.81,6.2786,1889.15,13,145.32,1.2318,24,17,0.7647,2010-08-09,2011-12-07,,Insufficient History,0,"High-Value, Reliable, Recent",High Risk
14795,1,0,1,0.0,Likely to Exit,44.0,7.3333,131.45,1,131.45,2.4495,188,7,0.1429,2011-06-26,2011-06-26,,Insufficient History,1,"Mid-Value, Unreliable, Recent",High Risk
14796,20,12,8,60.0,Likely to Stay,3277.28,2.0716,10691.12,39,274.13,0.8906,23,25,1.56,2009-12-14,2011-12-08,0.564,Declining,0,"High-Value, Reliable, Recent",Low Risk
14797,1,0,1,0.0,Likely to Exit,66.73,4.1706,300.31,1,300.31,4.1231,529,18,0.0556,2010-07-20,2010-07-20,,Insufficient History,2,"Mid-Value, Unreliable, Lapsed",High Risk
14798,7,0,7,0.0,Likely to Exit,85.03,1.6673,715.11,9,79.46,1.8728,74,22,0.4091,2010-03-01,2011-10-18,3.515,Increasing,1,"Mid-Value, Unreliable, Recent",High Risk
14799,2,0,2,0.0,Likely to Exit,97.71,4.2483,338.15,2,169.07,3.3995,73,25,0.08,2009-12-02,2011-10-19,,Insufficient History,1,"Mid-Value, Unreliable, Recent",High Risk
14800,12,5,7,41.67,At Risk,1771.31,2.6596,7415.59,23,322.42,1.0523,69,16,1.4375,2010-09-30,2011-10-23,0.701,Declining,0,"High-Value, Reliable, Recent",Medium Risk
14801,1,1,0,100.0,Very Loyal,145.34,2.4634,193.14,1,193.14,1.4142,83,3,0.3333,2011-10-09,2011-10-09,,Insufficient History,1,"Mid-Value, Unreliable, Recent",Low Risk
14802,2,2,0,100.0,Very Loyal,4508.94,751.49,-1502.98,6,-250.5,3.873,452,16,0.375,2010-09-24,2010-10-05,,Insufficient History,3,"Low-Value, Reliable, Lapsed",Low Risk
14803,3,0,3,0.0,Likely to Exit,127.01,2.8866,845.55,3,281.85,2.067,184,11,0.2727,2011-02-20,2011-06-30,,Insufficient History,1,"Mid-Value, Unreliable, Recent",High Risk
14804,1,0,1,0.0,Likely to Exit,50.89,4.2408,353.27,1,353.27,0.0,30,1,1.0,2011-12-01,2011-12-01,,Insufficient History,1,"Mid-Value, Unreliable, Recent",High Risk
14805,6,3,3,50.0,At Risk,624.79,4.7333,1104.64,7,157.81,1.7458,37,22,0.3182,2010-03-28,2011-11-24,,Insufficient History,1,"Mid-Value, Unreliable, Recent",Medium Risk
14806,2,0,2,0.0,Likely to Exit,38.83,1.9415,303.43,2,151.72,2.7575,97,16,0.125,2010-09-26,2011-09-25,0.0,Declining,1,"Mid-Value, Unreliable, Recent",High Risk
14807,2,0,2,0.0,Likely to Exit,128.24,3.206,519.29,2,259.64,3.447,412,23,0.087,2010-02-28,2010-11-14,,Insufficient History,2,"Mid-Value, Unreliable, Lapsed",High Risk
14808,4,2,2,50.0,At Risk,1236.84,4.8314,2175.37,15,145.02,0.9874,61,7,2.1429,2011-06-20,2011-10-31,0.539,Declining,0,"High-Value, Reliable, Recent",Medium Risk
14809,1,0,1,0.0,Likely to Exit,69.76,3.8756,686.76,2,343.38,4.5826,643,22,0.0909,2010-03-28,2010-03-28,,Insufficient History,2,"Mid-Value, Unreliable, Lapsed",High Risk
14810,10,3,7,30.0,Likely to Exit,774.37,2.3827,2537.02,13,195.16,0.7832,62,15,0.8667,2010-10-06,2011-10-30,0.37,Declining,0,"High-Value, Reliable, Recent",Medium Risk
14811,1,0,1,0.0,Likely to Exit,79.95,2.8554,170.5,1,170.5,3.6056,409,14,0.0714,2010-11-17,2010-11-17,,Insufficient History,2,"Mid-Value, Unreliable, Lapsed",High Risk
14812,1,0,1,0.0,Likely to Exit,79.42,2.1465,185.8,1,185.8,4.4721,620,21,0.0476,2010-04-20,2010-04-20,,Insufficient History,2,"Mid-Value, Unreliable, Lapsed",High Risk
14813,3,3,0,100.0,Very Loyal,556.02,3.1414,1090.87,4,272.72,2.4997,391,21,0.1905,2010-04-08,2010-12-05,,Insufficient History,1,"Mid-Value, Unreliable, Recent",Low Risk
14814,1,0,1,0.0,Likely to Exit,81.47,2.5459,160.46,1,160.46,4.3589,603,20,0.05,2010-05-07,2010-05-07,,Insufficient History,2,"Mid-Value, Unreliable, Lapsed",High Risk
14815,2,0,2,0.0,Likely to Exit,87.71,1.6549,778.5,2,389.25,0.8723,58,3,0.6667,2011-10-03,2011-11-03,,Insufficient History,1,"Mid-Value, Unreliable, Recent",High Risk
14816,1,1,0,100.0,Very Loyal,265.9,66.475,271.85,1,271.85,2.6458,219,8,0.125,2011-05-26,2011-05-26,,Insufficient History,1,"Mid-Value, Unreliable, Recent",Low Risk
14817,8,7,1,87.5,Very Loyal,959.06,4.0985,3889.21,9,432.13,1.6189,222,25,0.36,2009-12-08,2011-05-23,,Insufficient History,0,"High-Value, Reliable, Recent",Low Risk
14818,6,1,5,16.67,Likely to Exit,387.3,3.6196,1170.41,6,195.07,1.8112,95,22,0.2727,2010-03-02,2011-09-27,0.0,Declining,1,"Mid-Value, Unreliable, Recent",High Risk
14819,4,1,3,25.0,Likely to Exit,215.26,3.7765,470.16,4,117.54,2.6568,86,25,0.16,2009-12-21,2011-10-06,,Insufficient History,1,"Mid-Value, Unreliable, Recent",High Risk
14820,7,0,7,0.0,Likely to Exit,257.93,4.0302,1274.76,9,141.64,1.695,43,24,0.375,2010-01-31,2011-11-18,2.588,Increasing,1,"Mid-Value, Unreliable, Recent",High Risk
14821,4,1,3,25.0,Likely to Exit,210.89,2.929,1286.45,7,183.78,3.3107,388,23,0.3043,2010-02-01,2010-12-08,,Insufficient History,2,"Mid-Value, Unreliable, Lapsed",High Risk
14822,1,0,1,0.0,Likely to Exit,24.1,2.6778,157.7,1,157.7,4.0,507,17,0.0588,2010-08-11,2010-08-11,,Insufficient History,2,"Mid-Value, Unreliable, Lapsed",High Risk
14823,2,1,1,50.0,At Risk,296.43,4.2347,321.43,3,107.14,1.8401,202,8,0.375,2011-05-29,2011-06-12,,Insufficient History,1,"Mid-Value, Unreliable, Recent",Medium Risk
14824,7,2,5,28.57,Likely to Exit,414.04,2.5558,3952.51,12,329.38,1.5827,32,22,0.5455,2010-03-12,2011-11-29,0.493,Declining,0,"High-Value, Reliable, Recent",High Risk
14825,17,2,15,11.76,Likely to Exit,805.87,2.5665,4886.28,27,180.97,0.8315,25,21,1.2857,2010-04-06,2011-12-06,2.489,Increasing,0,"High-Value, Reliable, Recent",High Risk
14826,2,0,2,0.0,Likely to Exit,30.45,3.045,385.2,2,192.6,3.3271,603,24,0.0833,2010-01-13,2010-05-07,,Insufficient History,2,"Mid-Value, Unreliable, Lapsed",High Risk
14827,1,0,1,0.0,Likely to Exit,0.0,0.0,0.0,1,0.0,0.0,687,23,0.0435,2010-02-12,2010-02-12,,Insufficient History,3,"Low-Value, Reliable, Lapsed",High Risk
14828,11,0,11,0.0,Likely to Exit,191.33,1.8758,9803.46,14,700.25,1.4482,218,25,0.56,2009-12-07,2011-05-27,,Insufficient History,0,"High-Value, Reliable, Recent",High Risk
14829,5,0,5,0.0,Likely to Exit,254.59,2.253,1639.94,9,182.22,1.7473,51,16,0.5625,2010-09-29,2011-11-10,,Insufficient History,1,"Mid-Value, Unreliable, Recent",High Risk
14830,1,0,1,0.0,Likely to Exit,68.99,1.7247,197.13,1,197.13,1.4142,75,3,0.3333,2011-10-17,2011-10-17,,Insufficient History,1,"Mid-Value, Unreliable, Recent",High Risk
14831,5,2,3,40.0,At Risk,313.26,3.4807,1623.97,7,232.0,3.3912,596,25,0.28,2009-12-02,2010-05-14,,Insufficient History,2,"Mid-Value, Unreliable, Lapsed",Medium Risk
14832,1,1,0,100.0,Very Loyal,920.01,306.67,-274.63,3,-91.54,4.5826,652,22,0.1364,2010-03-19,2010-03-19,,Insufficient History,3,"Low-Value, Reliable, Lapsed",Low Risk
14833,1,0,1,0.0,Likely to Exit,14.0,2.0,94.8,1,94.8,4.1231,520,18,0.0556,2010-07-29,2010-07-29,,Insufficient History,2,"Mid-Value, Unreliable, Lapsed",High Risk
14834,6,1,5,16.67,Likely to Exit,376.41,4.1823,2184.21,9,242.69,1.3341,39,15,0.6,2010-10-28,2011-11-22,1.418,Increasing,0,"High-Value, Reliable, Recent",High Risk
14835,2,0,2,0.0,Likely to Exit,5.25,1.75,293.1,3,97.7,3.1496,549,21,0.1429,2010-04-01,2010-06-30,,Insufficient History,2,"Mid-Value, Unreliable, Lapsed",High Risk
14836,1,0,1,0.0,Likely to Exit,16.75,2.7917,102.45,3,34.15,1.0,32,2,1.5,2011-11-09,2011-11-29,,Insufficient History,1,"Mid-Value, Unreliable, Recent",High Risk
14837,9,0,9,0.0,Likely to Exit,350.66,1.6463,3445.82,12,287.15,1.4969,111,24,0.5,2010-01-24,2011-09-11,0.0,Declining,0,"High-Value, Reliable, Recent",High Risk
14838,2,1,1,50.0,At Risk,218.34,3.0752,773.67,2,386.84,4.1818,445,25,0.08,2009-12-03,2010-10-12,,Insufficient History,2,"Mid-Value, Unreliable, Lapsed",Medium Risk
14839,3,1,2,33.33,Likely to Exit,172.59,2.3323,915.28,3,305.09,2.7986,440,24,0.125,2010-01-04,2010-10-17,,Insufficient History,2,"Mid-Value, Unreliable, Lapsed",Medium Risk
14840,2,0,2,0.0,Likely to Exit,70.63,2.9429,340.21,3,113.4,3.5435,289,19,0.1579,2010-06-18,2011-03-17,,Insufficient History,2,"Mid-Value, Unreliable, Lapsed",High Risk
14841,10,2,8,20.0,Likely to Exit,947.92,3.1597,7163.0,14,511.64,1.3874,75,25,0.56,2009-12-02,2011-10-17,,Insufficient History,0,"High-Value, Reliable, Recent",High Risk
14842,5,3,2,60.0,Likely to Stay,1121.61,7.0988,2456.8,8,307.1,1.7291,57,11,0.7273,2011-02-04,2011-11-04,4.295,Increasing,0,"High-Value, Reliable, Recent",Low Risk
14843,1,0,1,0.0,Likely to Exit,13.9,1.5444,211.8,1,211.8,3.873,458,16,0.0625,2010-09-29,2010-09-29,,Insufficient History,2,"Mid-Value, Unreliable, Lapsed",High Risk
14844,8,4,4,50.0,At Risk,811.78,2.9096,6688.43,12,557.37,1.3683,85,21,0.5714,2010-04-12,2011-10-07,1.305,Increasing,0,"High-Value, Reliable, Recent",Medium Risk
14845,1,0,1,0.0,Likely to Exit,0.25,0.25,150.0,1,150.0,4.4721,621,21,0.0476,2010-04-19,2010-04-19,,Insufficient History,2,"Mid-Value, Unreliable, Lapsed",High Risk
14846,1,0,1,0.0,Likely to Exit,31.77,2.4438,406.8,2,203.4,3.7417,445,15,0.1333,2010-10-08,2010-10-12,,Insufficient History,2,"Mid-Value, Unreliable, Lapsed",High Risk
14847,4,1,3,25.0,Likely to Exit,282.14,4.3406,1320.6,4,330.15,2.647,170,20,0.2,2010-05-24,2011-07-14,0.0,Declining,1,"Mid-Value, Unreliable, Recent",High Risk
14848,1,0,1,0.0,Likely to Exit,14.69,1.3355,310.56,1,310.56,3.7417,426,15,0.0667,2010-10-31,2010-10-31,,Insufficient History,2,"Mid-Value, Unreliable, Lapsed",High Risk
14849,21,6,15,28.57,Likely to Exit,1803.94,2.3489,15542.44,50,310.85,0.5743,43,24,2.0833,2010-01-10,2011-11-18,0.891,Declining,0,"High-Value, Reliable, Recent",High Risk
14850,4,2,2,50.0,At Risk,431.71,2.1059,1575.21,9,175.02,2.6838,333,20,0.45,2010-05-20,2011-02-01,,Insufficient History,1,"Mid-Value, Unreliable, Recent",Medium Risk
14851,3,0,3,0.0,Likely to Exit,90.85,2.1631,829.41,3,276.47,2.5638,45,22,0.1364,2010-03-19,2011-11-16,,Insufficient History,1,"Mid-Value, Unreliable, Recent",High Risk
14852,12,1,11,8.33,Likely to Exit,760.43,2.4295,6123.63,21,291.6,0.9701,80,22,0.9545,2010-03-05,2011-10-12,0.661,Declining,0,"High-Value, Reliable, Recent",High Risk
14853,6,0,6,0.0,Likely to Exit,204.09,6.1845,1351.37,7,193.05,1.9083,30,21,0.3333,2010-04-13,2011-12-01,,Insufficient History,1,"Mid-Value, Unreliable, Recent",High Risk
14854,10,1,9,10.0,Likely to Exit,605.66,2.7282,4302.17,14,307.3,1.4158,100,24,0.5833,2010-01-22,2011-09-22,0.0,Declining,0,"High-Value, Reliable, Recent",High Risk
14855,5,3,2,60.0,Likely to Stay,620.98,2.9999,6520.3,7,931.47,2.4152,141,21,0.3333,2010-04-08,2011-08-12,0.0,Declining,0,"High-Value, Reliable, Recent",Low Risk
14856,2,1,1,50.0,At Risk,206.77,3.1329,1311.38,3,437.13,0.96,58,3,1.0,2011-10-14,2011-11-03,,Insufficient History,1,"Mid-Value, Unreliable, Recent",Medium Risk
14857,6,4,2,66.67,Likely to Stay,713.03,3.2708,3578.93,10,357.89,1.8831,81,22,0.4545,2010-03-15,2011-10-11,1.263,Increasing,0,"High-Value, Reliable, Recent",Low Risk
14858,1,0,1,0.0,Likely to Exit,21.45,1.95,180.75,1,180.75,4.1231,527,18,0.0556,2010-07-22,2010-07-22,,Insufficient History,2,"Mid-Value, Unreliable, Lapsed",High Risk
14859,4,1,3,25.0,Likely to Exit,204.56,3.0531,1703.94,6,283.99,2.0414,34,19,0.3158,2010-06-03,2011-11-27,0.677,Declining,1,"Mid-Value, Unreliable, Recent",High Risk
14860,2,0,2,0.0,Likely to Exit,10.78,0.8983,168.62,2,84.31,1.0,30,2,1.0,2011-11-20,2011-12-01,,Insufficient History,1,"Mid-Value, Unreliable, Recent",High Risk
14861,8,0,8,0.0,Likely to Exit,223.32,2.3507,1318.4,14,94.17,1.722,74,25,0.56,2009-12-08,2011-10-18,,Insufficient History,0,"High-Value, Reliable, Recent",High Risk
14862,2,0,2,0.0,Likely to Exit,103.42,2.1546,841.2,2,420.6,1.4934,47,6,0.3333,2011-07-14,2011-11-14,1.766,Increasing,1,"Mid-Value, Unreliable, Recent",High Risk
14863,1,0,1,0.0,Likely to Exit,22.23,2.0209,266.76,1,266.76,1.0,51,2,0.5,2011-11-10,2011-11-10,,Insufficient History,1,"Mid-Value, Unreliable, Recent",High Risk
14864,1,0,1,0.0,Likely to Exit,8.0,4.0,-48.75,1,-48.75,0.0,753,25,0.04,2009-12-08,2009-12-08,,Insufficient History,3,"Low-Value, Reliable, Lapsed",High Risk
14865,4,0,4,0.0,Likely to Exit,4.81,0.5344,129.72,4,32.43,3.0212,29,25,0.16,2009-12-01,2011-12-02,,Insufficient History,1,"Mid-Value, Unreliable, Recent",High Risk
14866,9,1,8,11.11,Likely to Exit,467.75,3.3174,20657.77,20,1032.89,1.5254,32,17,1.1765,2010-08-26,2011-11-29,1.166,Increasing,0,"High-Value, Reliable, Recent",High Risk
14867,12,3,9,25.0,Likely to Exit,798.84,5.6655,2901.46,19,152.71,1.4449,207,25,0.76,2009-12-05,2011-06-07,,Insufficient History,0,"High-Value, Reliable, Recent",High Risk
14868,8,1,7,12.5,Likely to Exit,552.02,2.5795,4170.06,13,320.77,1.0478,25,15,0.8667,2010-10-15,2011-12-06,1.092,Stable,0,"High-Value, Reliable, Recent",High Risk
14869,6,2,4,33.33,Likely to Exit,636.76,2.4585,2776.8,9,308.53,1.8894,25,25,0.36,2009-12-16,2011-12-06,0.845,Declining,0,"High-Value, Reliable, Recent",Medium Risk
14870,6,1,5,16.67,Likely to Exit,348.15,5.0457,1794.6,9,199.4,1.9582,283,24,0.375,2010-01-25,2011-03-23,,Insufficient History,1,"Mid-Value, Unreliable, Recent",High Risk
14871,8,1,7,12.5,Likely to Exit,682.4,3.395,1258.97,9,139.89,1.6268,25,25,0.36,2009-12-01,2011-12-06,,Insufficient History,1,"Mid-Value, Unreliable, Recent",High Risk
14872,3,0,3,0.0,Likely to Exit,76.97,1.7493,802.68,4,200.67,2.5637,502,22,0.1818,2010-03-16,2010-08-16,,Insufficient History,2,"Mid-Value, Unreliable, Lapsed",High Risk
14873,2,1,1,50.0,At Risk,221.49,4.5202,854.13,2,427.06,3.243,232,22,0.0909,2010-03-16,2011-05-13,,Insufficient History,1,"Mid-Value, Unreliable, Recent",Medium Risk
14874,1,0,1,0.0,Likely to Exit,7.18,1.1967,116.18,1,116.18,4.2426,557,19,0.0526,2010-06-22,2010-06-22,,Insufficient History,2,"Mid-Value, Unreliable, Lapsed",High Risk
14875,5,2,3,40.0,At Risk,423.34,4.552,2841.55,7,405.94,2.3334,31,16,0.4375,2010-09-24,2011-11-30,-0.003,Declining,0,"High-Value, Reliable, Recent",Medium Risk
14876,2,0,2,0.0,Likely to Exit,32.36,2.4892,256.7,2,128.35,3.5267,543,20,0.1,2010-05-27,2010-07-06,,Insufficient History,2,"Mid-Value, Unreliable, Lapsed",High Risk
14877,2,1,1,50.0,At Risk,206.55,3.1295,437.0,2,218.5,3.1673,440,22,0.0909,2010-03-07,2010-10-17,,Insufficient History,2,"Mid-Value, Unreliable, Lapsed",Medium Risk
14878,17,2,15,11.76,Likely to Exit,1038.04,2.7245,3812.22,28,136.15,0.7547,34,23,1.2174,2010-02-21,2011-11-27,2.636,Increasing,0,"High-Value, Reliable, Recent",High Risk
14879,1,0,1,0.0,Likely to Exit,83.59,3.0959,185.06,1,185.06,4.7958,706,24,0.0417,2010-01-24,2010-01-24,,Insufficient History,2,"Mid-Value, Unreliable, Lapsed",High Risk
14880,3,0,3,0.0,Likely to Exit,175.69,3.7381,706.19,3,235.4,1.7806,99,11,0.2727,2011-02-24,2011-09-23,0.0,Declining,1,"Mid-Value, Unreliable, Recent",High Risk
14881,1,0,1,0.0,Likely to Exit,23.34,1.3729,255.4,1,255.4,1.0,41,2,0.5,2011-11-20,2011-11-20,,Insufficient History,1,"Mid-Value, Unreliable, Recent",High Risk
14882,6,0,6,0.0,Likely to Exit,264.83,3.7833,3426.55,15,228.44,2.5383,48,22,0.6818,2010-03-30,2011-11-13,,Insufficient History,0,"High-Value, Reliable, Recent",High Risk
14883,5,0,5,0.0,Likely to Exit,69.66,1.29,756.64,7,108.09,1.1129,40,8,0.875,2011-05-12,2011-11-21,0.865,Declining,1,"Mid-Value, Unreliable, Recent",High Risk
14884,1,0,1,0.0,Likely to Exit,15.0,1.875,120.6,1,120.6,4.6904,691,23,0.0435,2010-02-08,2010-02-08,,Insufficient History,2,"Mid-Value, Unreliable, Lapsed",High Risk
14885,3,0,3,0.0,Likely to Exit,49.55,1.5484,1496.12,4,374.03,2.3697,153,17,0.2353,2010-08-31,2011-07-31,0.0,Declining,1,"Mid-Value, Unreliable, Recent",High Risk
14886,1,0,1,0.0,Likely to Exit,56.3,3.1278,364.8,1,364.8,2.8284,274,9,0.1111,2011-04-01,2011-04-01,,Insufficient History,2,"Mid-Value, Unreliable, Lapsed",High Risk
14887,1,0,1,0.0,Likely to Exit,9.67,1.6117,1862.0,1,1862.0,1.7321,101,4,0.25,2011-09-21,2011-09-21,,Insufficient History,1,"Mid-Value, Unreliable, Recent",High Risk
14888,1,0,1,0.0,Likely to Exit,44.2,2.21,369.2,1,369.2,2.6458,229,8,0.125,2011-05-16,2011-05-16,,Insufficient History,1,"Mid-Value, Unreliable, Recent",High Risk
14889,1,0,1,0.0,Likely to Exit,22.6,2.26,135.9,1,135.9,3.3166,358,12,0.0833,2011-01-07,2011-01-07,,Insufficient History,2,"Mid-Value, Unreliable, Lapsed",High Risk
14890,3,0,3,0.0,Likely to Exit,127.52,2.2372,817.25,3,272.42,2.813,275,23,0.1304,2010-02-18,2011-03-31,,Insufficient History,1,"Mid-Value, Unreliable, Recent",High Risk
14891,4,0,4,0.0,Likely to Exit,126.01,2.0002,1106.73,4,276.68,1.9805,170,16,0.25,2010-09-29,2011-07-14,0.0,Declining,1,"Mid-Value, Unreliable, Recent",High Risk
14892,1,0,1,0.0,Likely to Exit,45.65,3.5115,202.35,1,202.35,4.7958,712,24,0.0417,2010-01-18,2010-01-18,,Insufficient History,2,"Mid-Value, Unreliable, Lapsed",High Risk
14893,3,2,1,66.67,Likely to Stay,340.05,3.0914,1782.26,6,297.04,3.3049,31,21,0.2857,2010-04-01,2011-11-30,,Insufficient History,1,"Mid-Value, Unreliable, Recent",Low Risk
14894,4,0,4,0.0,Likely to Exit,155.02,3.1637,1412.21,5,282.44,2.841,107,25,0.2,2009-12-02,2011-09-15,0.0,Declining,1,"Mid-Value, Unreliable, Recent",High Risk
14895,20,13,7,65.0,Likely to Stay,4277.36,4.6544,24488.82,48,510.18,0.9039,29,25,1.92,2009-12-03,2011-12-02,0.971,Stable,0,"High-Value, Reliable, Recent",Low Risk
14896,8,5,3,62.5,Likely to Stay,815.3,2.7637,1973.47,10,197.35,1.8679,226,25,0.4,2009-12-06,2011-05-19,,Insufficient History,0,"High-Value, Reliable, Recent",Low Risk
14897,9,1,8,11.11,Likely to Exit,561.38,4.3858,3100.74,9,344.53,1.6454,29,25,0.36,2009-12-15,2011-12-02,6.009,Increasing,0,"High-Value, Reliable, Recent",High Risk
14898,12,3,9,25.0,Likely to Exit,981.95,3.1272,3356.86,18,186.49,1.2756,45,25,0.72,2009-12-03,2011-11-16,0.73,Declining,0,"High-Value, Reliable, Recent",High Risk
14899,1,1,0,100.0,Very Loyal,518.54,3.785,1384.88,1,1384.88,3.6056,417,14,0.0714,2010-11-09,2010-11-09,,Insufficient History,2,"Mid-Value, Unreliable, Lapsed",Low Risk
14900,1,0,1,0.0,Likely to Exit,0.29,0.29,13.92,1,13.92,4.1231,544,18,0.0556,2010-07-05,2010-07-05,,Insufficient History,2,"Mid-Value, Unreliable, Lapsed",High Risk
14901,7,1,6,14.29,Likely to Exit,518.26,3.0308,2277.05,13,175.16,1.6811,33,18,0.7222,2010-07-29,2011-11-28,0.549,Declining,0,"High-Value, Reliable, Recent",High Risk
14902,3,0,3,0.0,Likely to Exit,174.95,2.6915,1000.27,5,200.05,2.3271,43,19,0.2632,2010-06-04,2011-11-18,,Insufficient History,1,"Mid-Value, Unreliable, Recent",High Risk
14903,6,5,1,83.33,Very Loyal,1022.29,2.8085,2744.48,10,274.45,1.0286,43,10,1.0,2011-03-06,2011-11-18,0.658,Declining,0,"High-Value, Reliable, Recent",Low Risk
14904,3,1,2,33.33,Likely to Exit,171.98,1.1943,1640.64,4,410.16,2.0466,24,15,0.2667,2010-10-08,2011-12-07,,Insufficient History,1,"Mid-Value, Unreliable, Recent",Medium Risk
14905,8,0,8,0.0,Likely to Exit,191.79,2.3678,1939.69,10,193.97,1.5458,176,25,0.4,2009-12-03,2011-07-08,0.0,Declining,0,"High-Value, Reliable, Recent",High Risk
14906,1,1,0,100.0,Very Loyal,203.86,67.9533,-66.98,3,-22.33,3.873,467,16,0.1875,2010-09-20,2010-09-20,,Insufficient History,3,"Low-Value, Reliable, Lapsed",Low Risk
14907,10,4,6,40.0,At Risk,1091.49,3.567,6094.69,23,264.99,1.7012,25,25,0.92,2009-12-08,2011-12-06,0.529,Declining,0,"High-Value, Reliable, Recent",Medium Risk
14908,2,0,2,0.0,Likely to Exit,46.95,3.3536,381.9,2,190.95,2.9419,96,16,0.125,2010-09-02,2011-09-26,0.0,Declining,1,"Mid-Value, Unreliable, Recent",High Risk
14909,4,1,3,25.0,Likely to Exit,252.67,3.0813,1380.98,5,276.2,2.8459,450,23,0.2174,2010-02-14,2010-10-07,,Insufficient History,2,"Mid-Value, Unreliable, Lapsed",High Risk
14910,3,0,3,0.0,Likely to Exit,103.59,2.9597,389.86,7,55.69,0.3401,24,3,2.3333,2011-10-16,2011-12-07,,Insufficient History,1,"Mid-Value, Unreliable, Recent",High Risk
14911,25,9,16,36.0,Likely to Exit,71343.06,6.1434,270248.53,510,529.9,0.5239,23,25,20.4,2009-12-01,2011-12-08,1.132,Increasing,0,"High-Value, Reliable, Recent",Medium Risk
14912,6,2,4,33.33,Likely to Exit,1301.25,19.136,748.58,11,68.05,2.1978,38,24,0.4583,2010-01-26,2011-11-23,,Insufficient History,1,"Mid-Value, Unreliable, Recent",Medium Risk
14913,8,2,6,25.0,Likely to Exit,459.03,1.8584,4073.13,8,509.14,1.3497,57,17,0.4706,2010-08-11,2011-11-04,,Insufficient History,0,"High-Value, Reliable, Recent",High Risk
14914,1,0,1,0.0,Likely to Exit,1.95,1.95,-5.85,1,-5.85,0.0,627,21,0.0476,2010-04-13,2010-04-13,,Insufficient History,3,"Low-Value, Reliable, Lapsed",High Risk
14915,10,0,10,0.0,Likely to Exit,353.63,3.8438,1752.65,13,134.82,1.4455,107,25,0.52,2009-12-03,2011-09-15,0.0,Declining,0,"High-Value, Reliable, Recent",High Risk
14916,6,0,6,0.0,Likely to Exit,299.61,2.1401,2888.21,11,262.56,1.6541,92,21,0.5238,2010-04-01,2011-09-30,0.0,Declining,0,"High-Value, Reliable, Recent",High Risk
14917,1,0,1,0.0,Likely to Exit,64.75,2.2328,1123.75,2,561.88,4.4721,618,21,0.0952,2010-04-22,2010-04-22,,Insufficient History,2,"Mid-Value, Unreliable, Lapsed",High Risk
14918,8,2,6,25.0,Likely to Exit,559.19,3.9659,5955.81,9,661.76,1.3247,137,21,0.4286,2010-04-08,2011-08-16,0.0,Declining,0,"High-Value, Reliable, Recent",High Risk
14919,1,0,1,0.0,Likely to Exit,41.85,3.2192,359.35,1,359.35,4.2426,561,19,0.0526,2010-06-18,2010-06-18,,Insufficient History,2,"Mid-Value, Unreliable, Lapsed",High Risk
14920,2,2,0,100.0,Very Loyal,342.96,3.5357,1607.17,3,535.72,3.0773,234,20,0.15,2010-05-23,2011-05-11,,Insufficient History,1,"Mid-Value, Unreliable, Recent",Low Risk
14921,2,1,1,50.0,At Risk,154.06,1.9751,1316.07,2,658.04,1.8853,52,8,0.25,2011-05-22,2011-11-09,,Insufficient History,1,"Mid-Value, Unreliable, Recent",Medium Risk
14922,2,1,1,50.0,At Risk,199.42,3.9884,843.74,2,421.87,2.9511,415,18,0.1111,2010-07-20,2010-11-11,,Insufficient History,2,"Mid-Value, Unreliable, Lapsed",Medium Risk
14923,1,1,0,100.0,Very Loyal,151.61,3.4457,749.1,1,749.1,1.4142,72,3,0.3333,2011-10-20,2011-10-20,,Insufficient History,1,"Mid-Value, Unreliable, Recent",Low Risk
14924,3,2,1,66.67,Likely to Stay,308.31,9.9455,931.01,3,310.34,2.5166,267,22,0.1364,2010-03-10,2011-04-08,,Insufficient History,1,"Mid-Value, Unreliable, Recent",Low Risk
14925,1,0,1,0.0,Likely to Exit,7.95,7.95,-7.95,1,-7.95,0.0,753,25,0.04,2009-12-08,2009-12-08,,Insufficient History,3,"Low-Value, Reliable, Lapsed",High Risk
14926,2,0,2,0.0,Likely to Exit,11.1,2.775,337.65,3,112.55,3.1675,403,21,0.1429,2010-04-20,2010-11-23,,Insufficient History,2,"Mid-Value, Unreliable, Lapsed",High Risk
14927,1,0,1,0.0,Likely to Exit,46.6,2.33,308.2,1,308.2,3.6056,418,14,0.0714,2010-11-08,2010-11-08,,Insufficient History,2,"Mid-Value, Unreliable, Lapsed",High Risk
14928,1,0,1,0.0,Likely to Exit,38.83,1.6179,204.46,2,102.23,4.5826,641,22,0.0909,2010-03-22,2010-03-30,,Insufficient History,2,"Mid-Value, Unreliable, Lapsed",High Risk
14929,2,0,2,0.0,Likely to Exit,74.0,2.1765,836.69,2,418.34,2.8497,54,15,0.1333,2010-10-14,2011-11-07,,Insufficient History,1,"Mid-Value, Unreliable, Recent",High Risk
14930,7,4,3,57.14,At Risk,1420.47,4.9841,5136.64,9,570.74,1.81,130,21,0.4286,2010-04-12,2011-08-23,0.0,Declining,0,"High-Value, Reliable, Recent",Medium Risk
14931,5,1,4,20.0,Likely to Exit,791.06,18.8348,964.68,6,160.78,0.9194,26,9,0.6667,2011-04-13,2011-12-05,1.567,Increasing,1,"Mid-Value, Unreliable, Recent",High Risk
14932,2,1,1,50.0,At Risk,410.03,8.368,1029.66,2,514.83,2.6813,387,14,0.1429,2010-11-19,2010-12-09,,Insufficient History,2,"Mid-Value, Unreliable, Lapsed",Medium Risk
14933,1,0,1,0.0,Likely to Exit,14.75,2.95,885.0,5,177.0,3.873,465,16,0.3125,2010-09-21,2010-09-22,,Insufficient History,2,"Mid-Value, Unreliable, Lapsed",High Risk
14934,4,4,0,100.0,Very Loyal,944.83,3.8098,2444.1,9,271.57,1.7719,94,16,0.5625,2010-09-24,2011-09-28,0.0,Declining,0,"High-Value, Reliable, Recent",Low Risk
14935,2,0,2,0.0,Likely to Exit,44.0,1.6923,2849.83,2,1424.91,3.2713,319,22,0.0909,2010-03-30,2011-02-15,,Insufficient History,2,"Mid-Value, Unreliable, Lapsed",High Risk
14936,8,8,0,100.0,Very Loyal,2073.38,3.912,12378.46,14,884.18,1.2552,31,20,0.7,2010-05-05,2011-11-30,2.119,Increasing,0,"High-Value, Reliable, Recent",Low Risk
14937,2,0,2,0.0,Likely to Exit,119.85,3.4243,1617.63,4,404.41,1.2288,78,5,0.8,2011-08-01,2011-10-14,,Insufficient History,1,"Mid-Value, Unreliable, Recent",High Risk
14938,2,1,1,50.0,At Risk,239.57,3.1522,2289.43,4,572.36,4.3589,524,20,0.2,2010-05-26,2010-07-25,,Insufficient History,2,"Mid-Value, Unreliable, Lapsed",Medium Risk
14939,1,1,0,100.0,Very Loyal,934.66,934.66,-934.66,1,-934.66,0.0,652,22,0.0455,2010-03-19,2010-03-19,,Insufficient History,3,"Low-Value, Reliable, Lapsed",Low Risk
14940,2,0,2,0.0,Likely to Exit,52.55,1.6422,531.49,2,265.75,3.5695,439,25,0.08,2009-12-06,2010-10-18,,Insufficient History,2,"Mid-Value, Unreliable, Lapsed",High Risk
14941,1,0,1,0.0,Likely to Exit,16.4,2.3429,182.1,1,182.1,4.3589,600,20,0.05,2010-05-10,2010-05-10,,Insufficient History,2,"Mid-Value, Unreliable, Lapsed",High Risk
14942,4,0,4,0.0,Likely to Exit,87.44,4.372,706.56,5,141.31,2.5265,423,25,0.2,2009-12-10,2010-11-03,,Insufficient History,2,"Mid-Value, Unreliable, Lapsed",High Risk
14943,1,0,1,0.0,Likely to Exit,15.92,3.184,107.62,1,107.62,4.6904,685,23,0.0435,2010-02-14,2010-02-14,,Insufficient History,2,"Mid-Value, Unreliable, Lapsed",High Risk
14944,14,4,10,28.57,Likely to Exit,1041.07,3.3583,9674.92,24,403.12,1.3516,51,23,1.0435,2010-02-17,2011-11-10,0.311,Declining,0,"High-Value, Reliable, Recent",High Risk
14945,1,0,1,0.0,Likely to Exit,17.05,1.55,179.4,1,179.4,3.7417,435,15,0.0667,2010-10-22,2010-10-22,,Insufficient History,2,"Mid-Value, Unreliable, Lapsed",High Risk
14946,1,0,1,0.0,Likely to Exit,14.05,4.6833,100.9,1,100.9,1.0,36,2,0.5,2011-11-25,2011-11-25,,Insufficient History,1,"Mid-Value, Unreliable, Recent",High Risk
14947,6,1,5,16.67,Likely to Exit,277.37,5.1365,1049.79,6,174.97,1.806,94,22,0.2727,2010-03-25,2011-09-28,0.0,Declining,1,"Mid-Value, Unreliable, Recent",High Risk
14948,5,0,5,0.0,Likely to Exit,179.71,2.808,1066.57,7,152.37,0.9769,45,8,0.875,2011-05-04,2011-11-16,0.418,Declining,1,"Mid-Value, Unreliable, Recent",High Risk
14949,5,0,5,0.0,Likely to Exit,88.5,2.95,498.55,6,83.09,2.3915,481,25,0.24,2009-12-18,2010-09-06,,Insufficient History,2,"Mid-Value, Unreliable, Lapsed",High Risk
14950,2,0,2,0.0,Likely to Exit,108.62,5.431,361.25,2,180.62,1.0,30,2,1.0,2011-11-20,2011-12-01,,Insufficient History,1,"Mid-Value, Unreliable, Recent",High Risk
14951,1,0,1,0.0,Likely to Exit,37.9,1.895,311.69,1,311.69,1.7321,101,4,0.25,2011-09-21,2011-09-21,,Insufficient History,1,"Mid-Value, Unreliable, Recent",High Risk
14952,18,5,13,27.78,Likely to Exit,1236.89,3.7595,17244.25,43,401.03,1.2313,68,25,1.72,2009-12-03,2011-10-24,0.425,Declining,0,"High-Value, Reliable, Recent",High Risk
14953,3,3,0,100.0,Very Loyal,535.3,2.0588,1005.37,5,201.07,2.1212,47,16,0.3125,2010-09-30,2011-11-14,,Insufficient History,1,"Mid-Value, Unreliable, Recent",Low Risk
14954,2,2,0,100.0,Very Loyal,390.83,3.1018,503.44,2,251.72,3.5144,34,24,0.0833,2010-01-05,2011-11-27,,Insufficient History,1,"Mid-Value, Unreliable, Recent",Low Risk
14955,1,0,1,0.0,Likely to Exit,81.42,2.6265,163.77,1,163.77,4.899,754,25,0.04,2009-12-07,2009-12-07,,Insufficient History,2,"Mid-Value, Unreliable, Lapsed",High Risk
14956,1,0,1,0.0,Likely to Exit,2.12,0.53,1325.0,1,1325.0,3.7417,443,15,0.0667,2010-10-14,2010-10-14,,Insufficient History,2,"Mid-Value, Unreliable, Lapsed",High Risk
14957,2,0,2,0.0,Likely to Exit,77.04,2.6566,333.29,2,166.64,3.8254,275,22,0.0909,2010-03-05,2011-03-31,,Insufficient History,2,"Mid-Value, Unreliable, Lapsed",High Risk
14958,6,1,5,16.67,Likely to Exit,408.77,5.6774,957.94,6,159.66,1.8398,169,25,0.24,2009-12-03,2011-07-15,0.0,Declining,1,"Mid-Value, Unreliable, Recent",High Risk
14959,4,0,4,0.0,Likely to Exit,95.34,1.563,684.97,5,136.99,1.395,81,11,0.4545,2011-02-16,2011-10-11,1.285,Increasing,1,"Mid-Value, Unreliable, Recent",High Risk
14960,2,0,2,0.0,Likely to Exit,48.7,1.8037,221.27,2,110.63,1.6256,30,7,0.2857,2011-06-21,2011-12-01,,Insufficient History,1,"Mid-Value, Unreliable, Recent",High Risk
14961,15,10,5,66.67,Likely to Stay,2005.6,2.9494,16328.9,28,583.17,1.2157,32,25,1.12,2009-12-04,2011-11-29,0.421,Declining,0,"High-Value, Reliable, Recent",Low Risk
14962,3,0,3,0.0,Likely to Exit,71.59,5.1136,366.91,4,91.73,2.6467,292,20,0.2,2010-05-04,2011-03-14,,Insufficient History,1,"Mid-Value, Unreliable, Recent",High Risk
14963,7,5,2,71.43,Likely to Stay,1096.61,2.2154,3158.63,13,242.97,1.4759,31,18,0.7222,2010-07-02,2011-11-30,,Insufficient History,0,"High-Value, Reliable, Recent",Low Risk
14964,1,0,1,0.0,Likely to Exit,44.26,3.4046,206.21,1,206.21,2.8284,269,9,0.1111,2011-04-06,2011-04-06,,Insufficient History,2,"Mid-Value, Unreliable, Lapsed",High Risk
14965,1,1,0,100.0,Very Loyal,196.56,2.3682,599.0,2,299.5,1.7321,118,4,0.5,2011-09-04,2011-09-04,,Insufficient History,1,"Mid-Value, Unreliable, Recent",Low Risk
14966,3,2,1,66.67,Likely to Stay,371.06,2.3191,1115.84,6,185.97,2.9942,36,25,0.24,2009-12-15,2011-11-25,,Insufficient History,1,"Mid-Value, Unreliable, Recent",Low Risk
14967,5,1,4,20.0,Likely to Exit,399.98,13.3327,1680.52,7,240.07,2.4703,71,25,0.28,2009-12-03,2011-10-21,,Insufficient History,1,"Mid-Value, Unreliable, Recent",High Risk
14968,2,1,1,50.0,At Risk,285.33,3.3568,504.99,2,252.49,2.895,52,16,0.125,2010-09-07,2011-11-09,,Insufficient History,1,"Mid-Value, Unreliable, Recent",Medium Risk
14969,1,0,1,0.0,Likely to Exit,42.11,3.2392,906.23,1,906.23,4.7958,725,24,0.0417,2010-01-05,2010-01-05,,Insufficient History,2,"Mid-Value, Unreliable, Lapsed",High Risk
14970,9,1,8,11.11,Likely to Exit,621.88,4.8967,3593.4,16,224.59,1.4697,90,23,0.6957,2010-02-14,2011-10-02,1.399,Increasing,0,"High-Value, Reliable, Recent",High Risk
14971,2,2,0,100.0,Very Loyal,496.33,3.1021,1116.57,3,372.19,0.7185,57,3,1.0,2011-10-27,2011-11-04,,Insufficient History,0,"High-Value, Reliable, Recent",Low Risk
14972,2,0,2,0.0,Likely to Exit,94.1,4.705,145.07,2,72.53,2.8937,150,14,0.1429,2010-11-23,2011-08-03,0.0,Declining,1,"Mid-Value, Unreliable, Recent",High Risk
14973,3,2,1,66.67,Likely to Stay,680.31,21.2597,1314.45,3,438.15,1.5407,129,9,0.3333,2011-04-28,2011-08-24,0.0,Declining,1,"Mid-Value, Unreliable, Recent",Low Risk
14974,1,0,1,0.0,Likely to Exit,72.81,3.4671,114.39,1,114.39,1.0,59,2,0.5,2011-11-02,2011-11-02,,Insufficient History,1,"Mid-Value, Unreliable, Recent",High Risk
14975,2,0,2,0.0,Likely to Exit,46.97,1.8065,472.39,2,236.19,2.5995,79,15,0.1333,2010-10-14,2011-10-13,,Insufficient History,1,"Mid-Value, Unreliable, Recent",High Risk
14976,5,0,5,0.0,Likely to Exit,291.04,3.9868,765.86,8,95.73,1.2608,79,12,0.6667,2011-01-17,2011-10-13,2.105,Increasing,1,"Mid-Value, Unreliable, Recent",High Risk
14977,1,0,1,0.0,Likely to Exit,9.84,2.46,31.93,1,31.93,4.899,747,25,0.04,2009-12-14,2009-12-14,,Insufficient History,2,"Mid-Value, Unreliable, Lapsed",High Risk
14978,8,7,1,87.5,Very Loyal,1552.58,5.263,3106.34,12,258.86,1.3972,94,21,0.5714,2010-04-28,2011-09-28,0.0,Declining,0,"High-Value, Reliable, Recent",Low Risk
14979,1,1,0,100.0,Very Loyal,158.65,2.9934,439.46,1,439.46,4.899,757,25,0.04,2009-12-04,2009-12-04,,Insufficient History,2,"Mid-Value, Unreliable, Lapsed",Low Risk
14980,1,0,1,0.0,Likely to Exit,83.7,3.4875,150.68,1,150.68,4.899,759,25,0.04,2009-12-02,2009-12-02,,Insufficient History,2,"Mid-Value, Unreliable, Lapsed",High Risk
14981,3,0,3,0.0,Likely to Exit,50.68,2.1117,313.52,3,104.51,2.8345,268,15,0.2,2010-10-12,2011-04-07,,Insufficient History,1,"Mid-Value, Unreliable, Recent",High Risk
14982,1,0,1,0.0,Likely to Exit,97.73,2.5059,237.78,1,237.78,4.3589,594,20,0.05,2010-05-16,2010-05-16,,Insufficient History,2,"Mid-Value, Unreliable, Lapsed",High Risk
14983,1,0,1,0.0,Likely to Exit,77.1,2.57,183.2,1,183.2,4.7958,711,24,0.0417,2010-01-19,2010-01-19,,Insufficient History,2,"Mid-Value, Unreliable, Lapsed",High Risk
14984,5,0,5,0.0,Likely to Exit,252.04,4.5007,1271.41,6,211.9,2.5095,41,24,0.25,2010-01-11,2011-11-20,,Insufficient History,1,"Mid-Value, Unreliable, Recent",High Risk
14985,2,0,2,0.0,Likely to Exit,166.02,1.9083,296.75,2,148.38,2.3808,220,13,0.1538,2010-12-16,2011-05-25,,Insufficient History,1,"Mid-Value, Unreliable, Recent",High Risk
14986,2,1,1,50.0,At Risk,230.75,2.3075,566.9,2,283.45,3.3523,398,24,0.0833,2010-01-24,2010-11-28,,Insufficient History,2,"Mid-Value, Unreliable, Lapsed",Medium Risk
14987,4,0,4,0.0,Likely to Exit,55.1,3.0611,1632.25,9,181.36,2.5587,37,25,0.36,2009-12-02,2011-11-24,,Insufficient History,1,"Mid-Value, Unreliable, Recent",High Risk
14988,5,3,2,60.0,Likely to Stay,530.76,2.1752,2066.6,7,295.23,2.1296,233,21,0.3333,2010-04-16,2011-05-12,,Insufficient History,0,"High-Value, Reliable, Recent",Low Risk
14989,1,0,1,0.0,Likely to Exit,55.7,3.0944,342.4,1,342.4,4.6904,683,23,0.0435,2010-02-16,2010-02-16,,Insufficient History,2,"Mid-Value, Unreliable, Lapsed",High Risk
14990,2,0,2,0.0,Likely to Exit,99.86,2.3223,305.42,2,152.71,3.5652,634,25,0.08,2009-12-09,2010-04-06,,Insufficient History,2,"Mid-Value, Unreliable, Lapsed",High Risk
14991,1,0,1,0.0,Likely to Exit,85.31,4.0624,314.67,1,314.67,3.7417,452,15,0.0667,2010-10-05,2010-10-05,,Insufficient History,2,"Mid-Value, Unreliable, Lapsed",High Risk
14992,1,0,1,0.0,Likely to Exit,50.84,1.883,210.5,1,210.5,3.873,464,16,0.0625,2010-09-23,2010-09-23,,Insufficient History,2,"Mid-Value, Unreliable, Lapsed",High Risk
14993,1,0,1,0.0,Likely to Exit,17.14,1.714,36.13,1,36.13,4.3589,585,20,0.05,2010-05-25,2010-05-25,,Insufficient History,2,"Mid-Value, Unreliable, Lapsed",High Risk
14994,4,4,0,100.0,Very Loyal,703.62,2.1988,886.33,8,110.79,2.2887,404,22,0.3636,2010-03-26,2010-11-22,,Insufficient History,1,"Mid-Value, Unreliable, Recent",Low Risk
14995,2,0,2,0.0,Likely to Exit,158.78,2.603,233.23,2,116.62,2.0007,60,10,0.2,2011-03-04,2011-11-01,,Insufficient History,1,"Mid-Value, Unreliable, Recent",High Risk
14996,1,0,1,0.0,Likely to Exit,92.88,2.2654,442.29,2,221.14,4.0,503,17,0.1176,2010-08-15,2010-08-15,,Insufficient History,2,"Mid-Value, Unreliable, Lapsed",High Risk
14997,4,0,4,0.0,Likely to Exit,27.54,0.7062,771.38,5,154.28,2.32,68,23,0.2174,2010-02-22,2011-10-24,0.385,Declining,1,"Mid-Value, Unreliable, Recent",High Risk
14998,4,3,1,75.0,Likely to Stay,435.36,3.428,770.73,4,192.68,2.1491,192,21,0.1905,2010-04-13,2011-06-22,,Insufficient History,1,"Mid-Value, Unreliable, Recent",Low Risk
14999,1,0,1,0.0,Likely to Exit,29.12,3.2356,129.48,1,129.48,4.4721,614,21,0.0476,2010-04-26,2010-04-26,,Insufficient History,2,"Mid-Value, Unreliable, Lapsed",High Risk
15000,1,1,0,100.0,Very Loyal,218.26,2.8345,490.52,1,490.52,1.4142,69,3,0.3333,2011-10-23,2011-10-23,,Insufficient History,1,"Mid-Value, Unreliable, Recent",Low Risk
15001,1,1,0,100.0,Very Loyal,200.35,3.7102,230.86,2,115.43,3.6056,416,14,0.1429,2010-11-10,2010-11-10,,Insufficient History,2,"Mid-Value, Unreliable, Lapsed",Low Risk
15002,8,5,3,62.5,Likely to Stay,1012.99,2.7378,4817.28,9,535.25,1.7285,137,24,0.375,2010-01-12,2011-08-16,0.0,Declining,0,"High-Value, Reliable, Recent",Low Risk
15003,4,4,0,100.0,Very Loyal,763.21,2.1806,1055.7,7,150.81,2.3424,495,24,0.2917,2010-01-26,2010-08-23,,Insufficient History,2,"Mid-Value, Unreliable, Lapsed",Low Risk
15004,1,1,0,100.0,Very Loyal,489.12,3.0957,1246.32,1,1246.32,2.2361,169,6,0.1667,2011-07-15,2011-07-15,0.0,Declining,1,"Mid-Value, Unreliable, Recent",Low Risk
15005,24,18,6,75.0,Likely to Stay,6322.37,2.4813,13763.27,76,181.1,0.4833,37,25,3.04,2009-12-01,2011-11-24,0.93,Stable,0,"High-Value, Reliable, Recent",Low Risk
15006,2,2,0,100.0,Very Loyal,520.32,2.5136,825.14,2,412.57,2.716,73,16,0.125,2010-09-12,2011-10-19,,Insufficient History,1,"Mid-Value, Unreliable, Recent",Low Risk
15007,1,0,1,0.0,Likely to Exit,37.93,3.1608,156.91,1,156.91,2.2361,181,6,0.1667,2011-07-03,2011-07-03,0.0,Declining,1,"Mid-Value, Unreliable, Recent",High Risk
15008,2,0,2,0.0,Likely to Exit,3.6,0.3,360.0,2,180.0,3.35,502,22,0.0909,2010-03-12,2010-08-16,,Insufficient History,2,"Mid-Value, Unreliable, Lapsed",High Risk
15009,1,1,0,100.0,Very Loyal,447.39,2.4582,1261.78,3,420.59,1.0,34,2,1.5,2011-11-14,2011-11-27,,Insufficient History,0,"High-Value, Reliable, Recent",Low Risk
15010,1,0,1,0.0,Likely to Exit,63.37,3.1685,308.94,1,308.94,1.0,57,2,0.5,2011-11-04,2011-11-04,,Insufficient History,1,"Mid-Value, Unreliable, Recent",High Risk
15011,2,0,2,0.0,Likely to Exit,41.57,2.0785,416.6,2,208.3,2.5568,417,15,0.1333,2010-10-19,2010-11-09,,Insufficient History,2,"Mid-Value, Unreliable, Lapsed",High Risk
15012,3,3,0,100.0,Very Loyal,677.26,2.6559,860.62,3,286.87,2.457,75,20,0.15,2010-05-12,2011-10-17,,Insufficient History,1,"Mid-Value, Unreliable, Recent",Low Risk
15013,8,0,8,0.0,Likely to Exit,564.11,1.589,1641.3,10,164.13,1.4747,509,24,0.4167,2010-01-31,2010-08-09,,Insufficient History,1,"Mid-Value, Unreliable, Recent",High Risk
15014,2,0,2,0.0,Likely to Exit,60.66,1.7331,260.17,2,130.09,1.5911,65,7,0.2857,2011-06-16,2011-10-27,,Insufficient History,1,"Mid-Value, Unreliable, Recent",High Risk
15015,7,3,4,42.86,At Risk,676.93,2.1978,2275.82,20,113.79,1.8924,523,25,0.8,2009-12-14,2010-07-26,,Insufficient History,0,"High-Value, Reliable, Recent",Medium Risk
15016,4,0,4,0.0,Likely to Exit,357.87,3.2534,622.3,6,103.72,1.9548,194,19,0.3158,2010-06-14,2011-06-20,,Insufficient History,1,"Mid-Value, Unreliable, Recent",High Risk
15017,1,0,1,0.0,Likely to Exit,65.25,3.2625,125.58,1,125.58,1.0,55,2,0.5,2011-11-06,2011-11-06,,Insufficient History,1,"Mid-Value, Unreliable, Recent",High Risk
15018,3,1,2,33.33,Likely to Exit,278.18,7.5184,567.51,4,141.88,1.8345,60,13,0.3077,2010-12-07,2011-11-01,,Insufficient History,1,"Mid-Value, Unreliable, Recent",Medium Risk
15019,1,1,0,100.0,Very Loyal,155.98,2.2283,266.0,1,266.0,3.0,288,10,0.1,2011-03-18,2011-03-18,,Insufficient History,2,"Mid-Value, Unreliable, Lapsed",Low Risk
15020,1,0,1,0.0,Likely to Exit,89.41,3.1932,203.42,1,203.42,3.6056,401,14,0.0714,2010-11-25,2010-11-25,,Insufficient History,2,"Mid-Value, Unreliable, Lapsed",High Risk
15021,10,10,0,100.0,Very Loyal,1921.25,2.6318,2689.59,17,158.21,0.9631,30,18,0.9444,2010-07-29,2011-12-01,0.882,Declining,0,"High-Value, Reliable, Recent",Low Risk
15022,3,2,1,66.67,Likely to Stay,451.89,2.9344,1186.09,5,237.22,2.7696,33,24,0.2083,2010-01-31,2011-11-28,,Insufficient History,1,"Mid-Value, Unreliable, Recent",Low Risk
15023,17,15,2,88.24,Very Loyal,4000.1,3.9217,12092.19,23,525.75,0.6985,25,23,1.0,2010-02-03,2011-12-06,1.213,Increasing,0,"High-Value, Reliable, Recent",Low Risk
15024,7,4,3,57.14,At Risk,1017.74,2.7432,4075.51,16,254.72,1.4258,31,15,1.0667,2010-10-11,2011-11-30,5.178,Increasing,0,"High-Value, Reliable, Recent",Medium Risk
15025,2,2,0,100.0,Very Loyal,442.7,3.0322,1013.09,2,506.55,3.1071,55,20,0.1,2010-05-20,2011-11-06,,Insufficient History,1,"Mid-Value, Unreliable, Recent",Low Risk
15026,5,0,5,0.0,Likely to Exit,297.59,2.1256,1061.61,5,212.32,1.7013,102,16,0.3125,2010-09-17,2011-09-20,0.0,Declining,1,"Mid-Value, Unreliable, Recent",High Risk
15027,7,0,7,0.0,Likely to Exit,354.16,3.7677,2974.04,13,228.77,1.7851,52,22,0.5909,2010-03-25,2011-11-09,,Insufficient History,0,"High-Value, Reliable, Recent",High Risk
15028,4,1,3,25.0,Likely to Exit,282.01,2.3698,1157.71,6,192.95,1.7135,30,14,0.4286,2010-11-10,2011-12-01,,Insufficient History,1,"Mid-Value, Unreliable, Recent",High Risk
15029,1,0,1,0.0,Likely to Exit,30.17,2.7427,362.15,2,181.08,4.5826,640,22,0.0909,2010-03-30,2010-03-31,,Insufficient History,2,"Mid-Value, Unreliable, Lapsed",High Risk
15030,6,0,6,0.0,Likely to Exit,133.04,3.8011,1964.66,9,218.3,1.9018,93,22,0.4091,2010-03-04,2011-09-29,0.0,Declining,1,"Mid-Value, Unreliable, Recent",High Risk
15031,11,5,6,45.45,At Risk,1238.07,2.7884,2857.37,16,178.59,1.4928,26,25,0.64,2009-12-08,2011-12-05,3.662,Increasing,0,"High-Value, Reliable, Recent",Medium Risk
15032,7,0,7,0.0,Likely to Exit,257.2,2.0094,13285.65,10,1328.57,2.1938,278,25,0.4,2009-12-10,2011-03-28,,Insufficient History,0,"High-Value, Reliable, Recent",High Risk
15033,8,3,5,37.5,Likely to Exit,1078.9,2.1031,2571.02,11,233.73,0.9014,26,12,0.9167,2011-01-14,2011-12-05,2.155,Increasing,0,"High-Value, Reliable, Recent",Medium Risk
15034,11,10,1,90.91,Very Loyal,2346.51,3.0474,8282.45,17,487.2,1.0733,37,20,0.85,2010-05-11,2011-11-24,1.633,Increasing,0,"High-Value, Reliable, Recent",Low Risk
15035,1,0,1,0.0,Likely to Exit,57.47,2.1285,252.73,1,252.73,1.7321,111,4,0.25,2011-09-11,2011-09-11,,Insufficient History,1,"Mid-Value, Unreliable, Recent",High Risk
15036,2,2,0,100.0,Very Loyal,267.73,2.1081,465.55,3,155.18,1.5845,94,7,0.4286,2011-06-13,2011-09-28,0.0,Declining,1,"Mid-Value, Unreliable, Recent",Low Risk
15037,1,1,0,100.0,Very Loyal,106.93,2.2277,402.51,2,201.25,3.6056,398,14,0.1429,2010-11-28,2010-11-28,,Insufficient History,2,"Mid-Value, Unreliable, Lapsed",Low Risk
15038,7,6,1,85.71,Very Loyal,1017.68,3.5459,1269.96,10,127.0,1.1831,65,15,0.6667,2010-10-10,2011-10-27,,Insufficient History,0,"High-Value, Reliable, Recent",Low Risk
15039,24,18,6,75.0,Likely to Stay,9221.42,3.2816,39742.99,107,371.43,0.6794,31,25,4.28,2009-12-10,2011-11-30,0.349,Declining,0,"High-Value, Reliable, Recent",Low Risk
15040,1,0,1,0.0,Likely to Exit,7.49,7.49,7.49,1,7.49,4.2426,563,19,0.0526,2010-06-16,2010-06-16,,Insufficient History,3,"Low-Value, Reliable, Lapsed",High Risk
15041,2,1,1,50.0,At Risk,190.99,1.785,294.02,2,147.01,2.7224,192,16,0.125,2010-09-21,2011-06-22,,Insufficient History,1,"Mid-Value, Unreliable, Recent",Medium Risk
15042,2,0,2,0.0,Likely to Exit,30.89,3.4322,315.45,2,157.72,3.1146,221,21,0.0952,2010-04-23,2011-05-24,,Insufficient History,1,"Mid-Value, Unreliable, Recent",High Risk
15043,5,0,5,0.0,Likely to Exit,171.82,3.3042,2873.8,6,478.97,1.9095,53,19,0.3158,2010-06-24,2011-11-08,,Insufficient History,1,"Mid-Value, Unreliable, Recent",High Risk
15044,20,13,7,65.0,Likely to Stay,4732.9,5.0728,15841.53,47,337.05,0.9144,41,25,1.88,2009-12-16,2011-11-20,4.263,Increasing,0,"High-Value, Reliable, Recent",Low Risk
15045,3,0,3,0.0,Likely to Exit,95.78,7.3677,633.66,3,211.22,2.0041,173,10,0.3,2011-03-27,2011-07-11,0.0,Declining,1,"Mid-Value, Unreliable, Recent",High Risk
15046,18,2,16,11.11,Likely to Exit,1272.29,3.1031,7583.38,28,270.83,0.8916,31,24,1.1667,2010-01-14,2011-11-30,1.155,Increasing,0,"High-Value, Reliable, Recent",High Risk
15047,1,0,1,0.0,Likely to Exit,49.94,2.27,343.62,1,343.62,3.0,291,10,0.1,2011-03-15,2011-03-15,,Insufficient History,2,"Mid-Value, Unreliable, Lapsed",High Risk
15048,4,1,3,25.0,Likely to Exit,312.43,2.5821,479.27,5,95.85,1.7372,87,13,0.3846,2010-12-06,2011-10-05,0.921,Stable,1,"Mid-Value, Unreliable, Recent",High Risk
15049,1,0,1,0.0,Likely to Exit,5.49,1.83,121.17,1,121.17,3.0,295,10,0.1,2011-03-11,2011-03-11,,Insufficient History,2,"Mid-Value, Unreliable, Lapsed",High Risk
15050,4,2,2,50.0,At Risk,423.93,2.6831,4138.87,7,591.27,1.9345,47,17,0.4118,2010-08-16,2011-11-14,0.32,Declining,0,"High-Value, Reliable, Recent",Medium Risk
15051,9,2,7,22.22,Likely to Exit,705.47,2.4243,3920.16,10,392.02,1.4986,45,25,0.4,2009-12-01,2011-11-16,2.684,Increasing,0,"High-Value, Reliable, Recent",High Risk
15052,1,1,0,100.0,Very Loyal,105.34,3.5113,215.78,1,215.78,3.3166,341,12,0.0833,2011-01-24,2011-01-24,,Insufficient History,2,"Mid-Value, Unreliable, Lapsed",Low Risk
15053,3,0,3,0.0,Likely to Exit,111.97,1.577,697.79,3,232.6,1.5331,26,10,0.3,2011-03-03,2011-12-05,0.856,Declining,1,"Mid-Value, Unreliable, Recent",High Risk
15054,2,1,1,50.0,At Risk,195.26,1.7128,302.1,2,151.05,0.721,34,3,0.6667,2011-10-30,2011-11-27,,Insufficient History,1,"Mid-Value, Unreliable, Recent",Medium Risk
15055,3,1,2,33.33,Likely to Exit,267.02,3.1414,560.07,3,186.69,2.8165,496,25,0.12,2009-12-16,2010-08-22,,Insufficient History,2,"Mid-Value, Unreliable, Lapsed",Medium Risk
15056,1,0,1,0.0,Likely to Exit,22.25,3.1786,133.45,1,133.45,4.1231,542,18,0.0556,2010-07-07,2010-07-07,,Insufficient History,2,"Mid-Value, Unreliable, Lapsed",High Risk
15057,5,0,5,0.0,Likely to Exit,239.62,3.3749,3184.56,6,530.76,2.2794,297,25,0.24,2009-12-05,2011-03-09,,Insufficient History,1,"Mid-Value, Unreliable, Recent",High Risk
15058,13,2,11,15.38,Likely to Exit,1048.07,2.9276,3377.18,17,198.66,1.0801,47,23,0.7391,2010-02-24,2011-11-14,1.579,Increasing,0,"High-Value, Reliable, Recent",High Risk
15059,14,11,3,78.57,Likely to Stay,1876.01,3.1111,3427.62,27,126.95,0.9699,62,25,1.08,2009-12-06,2011-10-30,1.194,Increasing,0,"High-Value, Reliable, Recent",Low Risk
15060,2,1,1,50.0,At Risk,209.13,1.7283,303.09,4,75.77,0.8904,30,2,2.0,2011-11-30,2011-12-01,,Insufficient History,1,"Mid-Value, Unreliable, Recent",Medium Risk
15061,24,8,16,33.33,Likely to Exit,2363.62,2.3684,136391.48,138,988.34,1.1421,25,25,5.52,2009-12-01,2011-12-06,1.685,Increasing,0,"High-Value, Reliable, Recent",Medium Risk
15062,7,2,5,28.57,Likely to Exit,408.27,2.5677,2585.62,8,323.2,1.5858,93,21,0.381,2010-04-08,2011-09-29,0.0,Declining,0,"High-Value, Reliable, Recent",High Risk
15063,1,0,1,0.0,Likely to Exit,42.85,8.57,370.8,1,370.8,2.6458,235,8,0.125,2011-05-10,2011-05-10,,Insufficient History,1,"Mid-Value, Unreliable, Recent",High Risk
15064,4,2,2,50.0,At Risk,320.0,3.9506,1254.41,4,313.6,2.3454,432,25,0.16,2009-12-22,2010-10-25,,Insufficient History,1,"Mid-Value, Unreliable, Recent",Medium Risk
15065,6,3,3,50.0,At Risk,852.28,5.0431,3304.71,7,472.1,1.8364,59,15,0.4667,2010-10-25,2011-11-02,,Insufficient History,0,"High-Value, Reliable, Recent",Medium Risk
15066,2,1,1,50.0,At Risk,249.53,4.7081,760.59,2,380.3,1.4142,53,3,0.6667,2011-10-17,2011-11-08,,Insufficient History,1,"Mid-Value, Unreliable, Recent",Medium Risk
15067,4,4,0,100.0,Very Loyal,713.16,3.9841,3865.13,6,644.19,2.1352,100,21,0.2857,2010-04-11,2011-09-22,0.0,Declining,0,"High-Value, Reliable, Recent",Low Risk
15068,4,4,0,100.0,Very Loyal,510.03,2.3078,1176.85,4,294.21,2.1399,68,22,0.1818,2010-03-28,2011-10-24,,Insufficient History,1,"Mid-Value, Unreliable, Recent",Low Risk
15069,1,1,0,100.0,Very Loyal,316.64,4.5234,1109.53,1,1109.53,2.4495,201,7,0.1429,2011-06-13,2011-06-13,,Insufficient History,1,"Mid-Value, Unreliable, Recent",Low Risk
15070,3,0,3,0.0,Likely to Exit,118.7,3.4912,843.25,3,281.08,2.7547,394,25,0.12,2009-12-15,2010-12-02,,Insufficient History,2,"Mid-Value, Unreliable, Lapsed",High Risk
15071,4,0,4,0.0,Likely to Exit,253.48,4.6941,1455.56,4,363.89,2.21,115,20,0.2,2010-05-18,2011-09-07,0.0,Declining,1,"Mid-Value, Unreliable, Recent",High Risk
15072,1,0,1,0.0,Likely to Exit,18.35,1.4115,187.52,1,187.52,4.0,501,17,0.0588,2010-08-17,2010-08-17,,Insufficient History,2,"Mid-Value, Unreliable, Lapsed",High Risk
15073,6,2,4,33.33,Likely to Exit,628.72,3.4736,2357.04,9,261.89,2.0383,31,24,0.375,2010-01-27,2011-11-30,,Insufficient History,0,"High-Value, Reliable, Recent",Medium Risk
15074,3,0,3,0.0,Likely to Exit,144.46,1.9789,1566.33,3,522.11,2.2879,127,17,0.1765,2010-08-29,2011-08-26,0.0,Declining,1,"Mid-Value, Unreliable, Recent",High Risk
15075,1,0,1,0.0,Likely to Exit,89.45,3.313,773.03,1,773.03,1.7321,99,4,0.25,2011-09-23,2011-09-23,,Insufficient History,1,"Mid-Value, Unreliable, Recent",High Risk
15076,3,2,1,66.67,Likely to Stay,288.12,3.5137,1425.84,5,285.17,2.8842,194,18,0.2778,2010-07-05,2011-06-20,,Insufficient History,1,"Mid-Value, Unreliable, Recent",Low Risk
15077,4,0,4,0.0,Likely to Exit,168.67,4.9609,2423.88,4,605.97,3.5332,478,25,0.16,2009-12-09,2010-09-09,,Insufficient History,2,"Mid-Value, Unreliable, Lapsed",High Risk
15078,24,6,18,25.0,Likely to Exit,2199.71,2.709,17576.52,64,274.63,0.5002,29,25,2.56,2009-12-04,2011-12-02,0.64,Declining,0,"High-Value, Reliable, Recent",High Risk
15079,10,3,7,30.0,Likely to Exit,637.63,4.1405,3686.75,17,216.87,1.7276,234,25,0.68,2009-12-08,2011-05-11,,Insufficient History,0,"High-Value, Reliable, Recent",Medium Risk
15080,2,0,2,0.0,Likely to Exit,74.05,2.3887,546.25,2,273.12,2.9898,449,18,0.1111,2010-07-26,2010-10-08,,Insufficient History,2,"Mid-Value, Unreliable, Lapsed",High Risk
15081,11,1,10,9.09,Likely to Exit,515.78,4.6467,1948.27,13,149.87,1.0701,44,19,0.6842,2010-06-22,2011-11-17,1.911,Increasing,0,"High-Value, Reliable, Recent",High Risk
15082,1,0,1,0.0,Likely to Exit,13.45,2.2417,93.35,1,93.35,4.6904,690,23,0.0435,2010-02-09,2010-02-09,,Insufficient History,2,"Mid-Value, Unreliable, Lapsed",High Risk
15083,1,0,1,0.0,Likely to Exit,33.35,6.67,88.2,1,88.2,3.0,278,10,0.1,2011-03-28,2011-03-28,,Insufficient History,2,"Mid-Value, Unreliable, Lapsed",High Risk
15084,2,1,1,50.0,At Risk,184.74,5.9594,965.2,2,482.6,3.2921,401,22,0.0909,2010-03-04,2010-11-25,,Insufficient History,2,"Mid-Value, Unreliable, Lapsed",Medium Risk
15085,1,0,1,0.0,Likely to Exit,20.91,2.3233,347.54,1,347.54,4.899,751,25,0.04,2009-12-10,2009-12-10,,Insufficient History,2,"Mid-Value, Unreliable, Lapsed",High Risk
15086,2,0,2,0.0,Likely to Exit,31.74,2.8855,218.53,2,109.26,3.1624,586,22,0.0909,2010-03-24,2010-05-24,,Insufficient History,2,"Mid-Value, Unreliable, Lapsed",High Risk
15087,1,0,1,0.0,Likely to Exit,30.54,2.036,306.94,1,306.94,3.0,303,10,0.1,2011-03-03,2011-03-03,,Insufficient History,2,"Mid-Value, Unreliable, Lapsed",High Risk
15088,2,1,1,50.0,At Risk,320.19,5.3365,1140.27,3,380.09,0.9274,43,3,1.0,2011-10-03,2011-11-18,,Insufficient History,1,"Mid-Value, Unreliable, Recent",Medium Risk
15089,4,1,3,25.0,Likely to Exit,481.39,3.3199,2420.84,6,403.47,1.2557,32,5,1.2,2011-08-03,2011-11-29,,Insufficient History,0,"High-Value, Reliable, Recent",High Risk
15090,1,0,1,0.0,Likely to Exit,81.92,3.5617,381.32,1,381.32,3.1623,330,11,0.0909,2011-02-04,2011-02-04,,Insufficient History,2,"Mid-Value, Unreliable, Lapsed",High Risk
15091,4,0,4,0.0,Likely to Exit,156.76,2.6127,1023.11,6,170.52,3.4034,75,25,0.24,2009-12-01,2011-10-17,,Insufficient History,1,"Mid-Value, Unreliable, Recent",High Risk
15092,3,1,2,33.33,Likely to Exit,240.93,5.2376,773.16,4,193.29,2.2243,237,16,0.25,2010-09-03,2011-05-08,,Insufficient History,1,"Mid-Value, Unreliable, Recent",Medium Risk
15093,18,1,17,5.56,Likely to Exit,883.95,2.5548,13657.88,34,401.7,0.8315,40,25,1.36,2009-12-08,2011-11-21,0.904,Stable,0,"High-Value, Reliable, Recent",High Risk
15094,2,0,2,0.0,Likely to Exit,15.25,3.05,83.0,2,41.5,3.2344,485,22,0.0909,2010-03-05,2010-09-02,,Insufficient History,2,"Mid-Value, Unreliable, Lapsed",High Risk
15095,9,0,9,0.0,Likely to Exit,320.91,2.5469,3135.74,11,285.07,1.5937,125,24,0.4583,2010-01-21,2011-08-28,0.0,Declining,0,"High-Value, Reliable, Recent",High Risk
15096,1,0,1,0.0,Likely to Exit,34.23,3.1118,219.39,1,219.39,1.4142,64,3,0.3333,2011-10-28,2011-10-28,,Insufficient History,1,"Mid-Value, Unreliable, Recent",High Risk
15097,2,1,1,50.0,At Risk,211.02,3.1032,587.05,5,117.41,3.3255,26,20,0.25,2010-05-05,2011-12-05,,Insufficient History,1,"Mid-Value, Unreliable, Recent",Medium Risk
15098,1,1,0,100.0,Very Loyal,40278.9,8055.78,649.5,5,129.9,2.4495,204,7,0.7143,2011-06-10,2011-06-10,,Insufficient History,1,"Mid-Value, Unreliable, Recent",Low Risk
15099,1,0,1,0.0,Likely to Exit,47.69,2.0735,410.48,1,410.48,1.7321,106,4,0.25,2011-09-16,2011-09-16,,Insufficient History,1,"Mid-Value, Unreliable, Recent",High Risk
15100,4,0,4,0.0,Likely to Exit,200.3,7.7038,2319.5,14,165.68,2.8844,352,24,0.5833,2010-01-07,2011-01-13,,Insufficient History,1,"Mid-Value, Unreliable, Recent",High Risk
15101,7,2,5,28.57,Likely to Exit,334.88,5.2325,1303.49,11,118.5,2.34,30,21,0.5238,2010-04-28,2011-12-01,,Insufficient History,1,"Mid-Value, Unreliable, Recent",High Risk
15102,1,0,1,0.0,Likely to Exit,88.98,3.2956,554.67,2,277.34,4.2426,552,19,0.1053,2010-06-11,2010-06-27,,Insufficient History,2,"Mid-Value, Unreliable, Lapsed",High Risk
15103,2,1,1,50.0,At Risk,197.64,5.6469,703.36,2,351.68,1.0287,53,4,0.5,2011-09-14,2011-11-08,,Insufficient History,1,"Mid-Value, Unreliable, Recent",Medium Risk
15104,3,2,1,66.67,Likely to Stay,399.29,5.6238,1002.54,3,334.18,2.0896,188,10,0.3,2011-03-02,2011-06-26,,Insufficient History,1,"Mid-Value, Unreliable, Recent",Low Risk
15105,6,0,6,0.0,Likely to Exit,376.07,2.4905,3094.91,9,343.88,1.6736,40,22,0.4091,2010-03-23,2011-11-21,0.954,Stable,0,"High-Value, Reliable, Recent",High Risk
15106,5,0,5,0.0,Likely to Exit,256.96,2.5192,1407.73,7,201.1,1.119,39,10,0.7,2011-03-15,2011-11-22,1.542,Increasing,1,"Mid-Value, Unreliable, Recent",High Risk
15107,5,2,3,40.0,At Risk,318.49,6.0092,856.26,12,71.36,1.9184,333,16,0.75,2010-09-14,2011-02-01,,Insufficient History,1,"Mid-Value, Unreliable, Recent",Medium Risk
15108,3,1,2,33.33,Likely to Exit,294.05,4.8205,1291.75,5,258.35,1.6208,163,9,0.5556,2011-04-26,2011-07-21,0.0,Declining,1,"Mid-Value, Unreliable, Recent",Medium Risk
15109,3,1,2,33.33,Likely to Exit,279.05,5.4716,961.9,4,240.48,2.8826,262,25,0.16,2009-12-04,2011-04-13,,Insufficient History,1,"Mid-Value, Unreliable, Recent",Medium Risk
15110,7,0,7,0.0,Likely to Exit,416.7,7.1845,1480.0,9,164.44,1.4081,45,17,0.5294,2010-08-11,2011-11-16,2.967,Increasing,1,"Mid-Value, Unreliable, Recent",High Risk
15111,5,3,2,60.0,Likely to Stay,594.38,3.9363,2730.87,5,546.17,1.9967,51,21,0.2381,2010-04-26,2011-11-10,,Insufficient History,0,"High-Value, Reliable, Recent",Low Risk
15112,1,0,1,0.0,Likely to Exit,30.5,4.3571,209.4,1,209.4,4.4721,633,21,0.0476,2010-04-07,2010-04-07,,Insufficient History,2,"Mid-Value, Unreliable, Lapsed",High Risk
15113,2,1,1,50.0,At Risk,220.52,2.1834,3439.41,4,859.85,0.7671,31,3,1.3333,2011-10-16,2011-11-30,,Insufficient History,0,"High-Value, Reliable, Recent",Medium Risk
15114,10,0,10,0.0,Likely to Exit,417.81,1.8087,3400.12,12,283.34,1.0447,52,15,0.8,2010-10-14,2011-11-09,0.415,Declining,0,"High-Value, Reliable, Recent",High Risk
15115,2,0,2,0.0,Likely to Exit,121.97,3.3881,528.1,3,176.03,3.5317,40,25,0.12,2009-12-07,2011-11-21,,Insufficient History,1,"Mid-Value, Unreliable, Recent",High Risk
15116,4,0,4,0.0,Likely to Exit,124.3,2.7622,1352.75,4,338.19,1.1266,39,8,0.5,2011-05-19,2011-11-22,1.805,Increasing,1,"Mid-Value, Unreliable, Recent",High Risk
15117,6,0,6,0.0,Likely to Exit,272.97,2.068,2484.32,9,276.04,1.6954,36,22,0.4091,2010-03-15,2011-11-25,2.407,Increasing,0,"High-Value, Reliable, Recent",High Risk
15118,1,0,1,0.0,Likely to Exit,0.17,0.17,244.8,1,244.8,2.2361,156,6,0.1667,2011-07-28,2011-07-28,0.0,Declining,1,"Mid-Value, Unreliable, Recent",High Risk
15119,1,1,0,100.0,Very Loyal,108.2,7.7286,266.4,1,266.4,2.8284,267,9,0.1111,2011-04-08,2011-04-08,,Insufficient History,2,"Mid-Value, Unreliable, Lapsed",Low Risk
15120,2,1,1,50.0,At Risk,107.06,4.8664,343.82,2,171.91,2.2361,151,6,0.3333,2011-07-29,2011-08-02,0.0,Declining,1,"Mid-Value, Unreliable, Recent",Medium Risk
15121,2,0,2,0.0,Likely to Exit,118.35,4.2268,457.72,2,228.86,2.2274,72,11,0.1818,2011-02-24,2011-10-20,,Insufficient History,1,"Mid-Value, Unreliable, Recent",High Risk
15122,11,3,8,27.27,Likely to Exit,824.4,3.4932,4461.42,16,278.84,1.3141,107,22,0.7273,2010-03-30,2011-09-15,0.0,Declining,0,"High-Value, Reliable, Recent",High Risk
15123,5,3,2,60.0,Likely to Stay,549.57,3.0031,4656.17,5,931.23,2.0336,29,22,0.2273,2010-03-16,2011-12-02,,Insufficient History,0,"High-Value, Reliable, Recent",Low Risk
15124,4,0,4,0.0,Likely to Exit,97.56,3.1471,450.82,4,112.7,2.2232,44,23,0.1739,2010-02-26,2011-11-17,,Insufficient History,1,"Mid-Value, Unreliable, Recent",High Risk
15125,14,1,13,7.14,Likely to Exit,1047.61,4.0138,16124.33,36,447.9,1.4049,47,22,1.6364,2010-03-31,2011-11-14,0.205,Declining,0,"High-Value, Reliable, Recent",High Risk
15126,2,0,2,0.0,Likely to Exit,70.07,2.8028,449.49,2,224.75,3.3538,558,24,0.0833,2010-01-21,2010-06-21,,Insufficient History,2,"Mid-Value, Unreliable, Lapsed",High Risk
15127,2,0,2,0.0,Likely to Exit,85.89,3.0675,711.5,2,355.75,2.8607,87,18,0.1111,2010-07-08,2011-10-05,,Insufficient History,1,"Mid-Value, Unreliable, Recent",High Risk
15128,5,1,4,20.0,Likely to Exit,291.66,2.2095,1732.22,9,192.47,1.4528,82,15,0.6,2010-10-05,2011-10-10,0.964,Stable,0,"High-Value, Reliable, Recent",High Risk
15129,15,0,15,0.0,Likely to Exit,508.5,2.4565,6860.18,23,298.27,0.7515,72,21,1.0952,2010-04-08,2011-10-20,0.654,Declining,0,"High-Value, Reliable, Recent",High Risk
15130,1,0,1,0.0,Likely to Exit,53.24,2.42,330.11,1,330.11,2.4495,191,7,0.1429,2011-06-23,2011-06-23,,Insufficient History,1,"Mid-Value, Unreliable, Recent",High Risk
15131,1,0,1,0.0,Likely to Exit,14.56,2.08,80.28,1,80.28,3.6056,416,14,0.0714,2010-11-10,2010-11-10,,Insufficient History,2,"Mid-Value, Unreliable, Lapsed",High Risk
15132,5,0,5,0.0,Likely to Exit,107.26,2.0627,977.93,5,195.59,1.3338,40,10,0.5,2011-03-22,2011-11-21,0.385,Declining,1,"Mid-Value, Unreliable, Recent",High Risk
15133,5,0,5,0.0,Likely to Exit,128.14,2.6151,1806.9,5,361.38,1.6652,149,18,0.2778,2010-07-07,2011-08-04,0.0,Declining,1,"Mid-Value, Unreliable, Recent",High Risk
15134,9,0,9,0.0,Likely to Exit,188.66,2.2195,1596.29,10,159.63,0.9853,36,15,0.6667,2010-10-13,2011-11-25,1.008,Stable,0,"High-Value, Reliable, Recent",High Risk
15135,2,0,2,0.0,Likely to Exit,103.59,4.9329,293.78,3,97.93,2.9287,255,19,0.1579,2010-06-01,2011-04-20,,Insufficient History,1,"Mid-Value, Unreliable, Recent",High Risk
15136,3,0,3,0.0,Likely to Exit,144.07,2.088,1282.45,5,256.49,0.6804,24,4,1.25,2011-09-04,2011-12-07,,Insufficient History,1,"Mid-Value, Unreliable, Recent",High Risk
15137,4,0,4,0.0,Likely to Exit,80.69,2.0172,747.55,5,149.51,3.395,542,25,0.2,2009-12-08,2010-07-07,,Insufficient History,2,"Mid-Value, Unreliable, Lapsed",High Risk
15138,1,1,0,100.0,Very Loyal,144.38,4.3752,486.59,2,243.3,3.6056,407,14,0.1429,2010-11-11,2010-11-19,,Insufficient History,2,"Mid-Value, Unreliable, Lapsed",Low Risk
15139,2,0,2,0.0,Likely to Exit,17.61,1.3546,178.96,2,89.48,2.4078,261,12,0.1667,2011-01-07,2011-04-14,,Insufficient History,1,"Mid-Value, Unreliable, Recent",High Risk
15140,8,0,8,0.0,Likely to Exit,288.09,2.5495,3239.44,9,359.94,1.3063,74,16,0.5625,2010-09-23,2011-10-18,0.326,Declining,0,"High-Value, Reliable, Recent",High Risk
15141,6,0,6,0.0,Likely to Exit,153.26,1.8465,1378.31,9,153.15,1.9308,479,22,0.4091,2010-03-28,2010-09-08,,Insufficient History,1,"Mid-Value, Unreliable, Recent",High Risk
15142,5,1,4,20.0,Likely to Exit,303.85,2.1248,2608.97,7,372.71,1.9684,68,18,0.3889,2010-07-27,2011-10-24,,Insufficient History,0,"High-Value, Reliable, Recent",High Risk
15143,2,0,2,0.0,Likely to Exit,94.14,3.0368,563.63,2,281.81,2.5588,247,15,0.1333,2010-10-03,2011-04-28,,Insufficient History,1,"Mid-Value, Unreliable, Recent",High Risk
15144,18,3,15,16.67,Likely to Exit,1105.04,3.1304,12006.51,33,363.83,0.8514,30,25,1.32,2009-12-13,2011-12-01,1.114,Increasing,0,"High-Value, Reliable, Recent",High Risk
15145,3,1,2,33.33,Likely to Exit,228.72,3.4137,1194.73,4,298.68,1.7546,26,9,0.4444,2011-04-05,2011-12-05,,Insufficient History,1,"Mid-Value, Unreliable, Recent",Medium Risk
15146,2,0,2,0.0,Likely to Exit,143.32,1.5086,1313.66,3,437.89,2.2054,186,11,0.2727,2011-02-21,2011-06-28,,Insufficient History,1,"Mid-Value, Unreliable, Recent",High Risk
15147,2,0,2,0.0,Likely to Exit,88.5,3.0517,608.65,2,304.32,2.8284,240,9,0.2222,2011-04-13,2011-05-05,,Insufficient History,1,"Mid-Value, Unreliable, Recent",High Risk
15148,1,0,1,0.0,Likely to Exit,50.71,2.5355,301.29,1,301.29,1.0,32,2,0.5,2011-11-29,2011-11-29,,Insufficient History,1,"Mid-Value, Unreliable, Recent",High Risk
15149,3,2,1,66.67,Likely to Stay,511.27,7.4097,1554.61,5,310.92,2.7159,155,23,0.2174,2010-02-28,2011-07-29,0.0,Declining,1,"Mid-Value, Unreliable, Recent",Low Risk
15150,8,6,2,75.0,Likely to Stay,1627.25,2.8251,8990.58,14,642.18,1.4504,39,19,0.7368,2010-06-14,2011-11-22,0.311,Declining,0,"High-Value, Reliable, Recent",Low Risk
15151,2,2,0,100.0,Very Loyal,786.34,13.7954,2085.61,2,1042.8,2.8363,445,18,0.1111,2010-07-18,2010-10-12,,Insufficient History,2,"Mid-Value, Unreliable, Lapsed",Low Risk
15152,7,4,3,57.14,At Risk,1043.47,3.3879,5197.97,18,288.78,1.762,31,24,0.75,2010-01-07,2011-11-30,1.052,Stable,0,"High-Value, Reliable, Recent",Medium Risk
15153,1,1,0,100.0,Very Loyal,102.65,4.6659,329.25,1,329.25,1.0,53,2,0.5,2011-11-08,2011-11-08,,Insufficient History,1,"Mid-Value, Unreliable, Recent",Low Risk
15154,2,2,0,100.0,Very Loyal,768.5,3.941,1332.26,4,333.06,3.2079,96,17,0.2353,2010-08-18,2011-09-26,0.0,Declining,1,"Mid-Value, Unreliable, Recent",Low Risk
15155,1,0,1,0.0,Likely to Exit,93.91,3.9129,383.97,1,383.97,3.6056,405,14,0.0714,2010-11-21,2010-11-21,,Insufficient History,2,"Mid-Value, Unreliable, Lapsed",High Risk
15156,2,1,1,50.0,At Risk,156.26,2.8411,961.49,3,320.5,0.3389,23,2,1.5,2011-11-06,2011-12-08,,Insufficient History,1,"Mid-Value, Unreliable, Recent",Medium Risk
15157,6,1,5,16.67,Likely to Exit,284.69,1.7793,2587.54,7,369.65,2.3317,25,25,0.28,2009-12-10,2011-12-06,1.123,Increasing,0,"High-Value, Reliable, Recent",High Risk
15158,2,1,1,50.0,At Risk,360.24,27.7108,437.66,3,145.89,2.5958,67,14,0.2143,2010-11-03,2011-10-25,,Insufficient History,1,"Mid-Value, Unreliable, Recent",Medium Risk
15159,14,10,4,71.43,Likely to Stay,2285.94,2.7877,22049.4,38,580.25,0.7937,23,15,2.5333,2010-10-04,2011-12-08,2.644,Increasing,0,"High-Value, Reliable, Recent",Low Risk
15160,3,0,3,0.0,Likely to Exit,58.81,2.557,589.27,4,147.32,2.2853,379,15,0.2667,2010-10-14,2010-12-17,,Insufficient History,1,"Mid-Value, Unreliable, Recent",High Risk
15161,1,0,1,0.0,Likely to Exit,61.75,1.8712,119.92,1,119.92,3.6056,410,14,0.0714,2010-11-16,2010-11-16,,Insufficient History,2,"Mid-Value, Unreliable, Lapsed",High Risk
15162,1,0,1,0.0,Likely to Exit,83.2,5.2,241.5,2,120.75,4.899,750,25,0.08,2009-12-08,2009-12-11,,Insufficient History,2,"Mid-Value, Unreliable, Lapsed",High Risk
15163,2,0,2,0.0,Likely to Exit,70.68,2.4372,304.47,2,152.23,1.7324,40,8,0.25,2011-05-31,2011-11-21,,Insufficient History,1,"Mid-Value, Unreliable, Recent",High Risk
15164,9,5,4,55.56,At Risk,993.6,2.7372,2052.02,10,205.2,1.4499,90,24,0.4167,2010-01-18,2011-10-02,,Insufficient History,0,"High-Value, Reliable, Recent",Medium Risk
15165,1,1,0,100.0,Very Loyal,269.3,4.987,975.5,1,975.5,3.4641,395,13,0.0769,2010-12-01,2010-12-01,,Insufficient History,2,"Mid-Value, Unreliable, Lapsed",Low Risk
15166,1,0,1,0.0,Likely to Exit,29.64,2.47,167.16,1,167.16,4.0,489,17,0.0588,2010-08-29,2010-08-29,,Insufficient History,2,"Mid-Value, Unreliable, Lapsed",High Risk
15167,4,4,0,100.0,Very Loyal,1007.5,3.2188,1659.67,5,331.93,2.5432,342,23,0.2174,2010-02-04,2011-01-23,,Insufficient History,1,"Mid-Value, Unreliable, Recent",Low Risk
15168,1,0,1,0.0,Likely to Exit,16.69,3.338,106.56,1,106.56,1.0,47,2,0.5,2011-11-14,2011-11-14,,Insufficient History,1,"Mid-Value, Unreliable, Recent",High Risk
15169,2,1,1,50.0,At Risk,138.65,2.35,569.22,2,284.61,3.5057,404,25,0.08,2009-12-13,2010-11-22,,Insufficient History,2,"Mid-Value, Unreliable, Lapsed",Medium Risk
15170,1,0,1,0.0,Likely to Exit,12.7,3.175,81.15,1,81.15,3.7417,428,15,0.0667,2010-10-29,2010-10-29,,Insufficient History,2,"Mid-Value, Unreliable, Lapsed",High Risk
15171,1,0,1,0.0,Likely to Exit,23.95,3.4214,1034.5,2,517.25,3.3166,346,12,0.1667,2011-01-12,2011-01-19,,Insufficient History,2,"Mid-Value, Unreliable, Lapsed",High Risk
15172,5,0,5,0.0,Likely to Exit,229.67,2.0879,1624.05,5,324.81,0.944,30,9,0.5556,2011-04-17,2011-12-01,0.521,Declining,1,"Mid-Value, Unreliable, Recent",High Risk
15173,5,0,5,0.0,Likely to Exit,246.55,2.8017,1399.26,8,174.91,1.9896,402,21,0.381,2010-04-01,2010-11-24,,Insufficient History,1,"Mid-Value, Unreliable, Recent",High Risk
15174,2,0,2,0.0,Likely to Exit,83.87,2.4668,481.46,2,240.73,2.8154,344,15,0.1333,2010-10-25,2011-01-21,,Insufficient History,2,"Mid-Value, Unreliable, Lapsed",High Risk
15175,1,0,1,0.0,Likely to Exit,17.03,0.7404,224.14,1,224.14,1.7321,93,4,0.25,2011-09-29,2011-09-29,,Insufficient History,1,"Mid-Value, Unreliable, Recent",High Risk
15176,2,1,1,50.0,At Risk,233.17,4.3994,985.09,2,492.55,4.6904,618,23,0.087,2010-02-10,2010-04-22,,Insufficient History,2,"Mid-Value, Unreliable, Lapsed",Medium Risk
15177,1,0,1,0.0,Likely to Exit,98.36,3.7831,948.93,1,948.93,3.7417,447,15,0.0667,2010-10-10,2010-10-10,,Insufficient History,2,"Mid-Value, Unreliable, Lapsed",High Risk
15178,1,0,1,0.0,Likely to Exit,4.05,1.35,40.5,1,40.5,3.0,282,10,0.1,2011-03-24,2011-03-24,,Insufficient History,2,"Mid-Value, Unreliable, Lapsed",High Risk
15179,14,3,11,21.43,Likely to Exit,962.26,2.9884,7426.82,17,436.87,1.3462,40,25,0.68,2009-12-03,2011-11-21,,Insufficient History,0,"High-Value, Reliable, Recent",High Risk
15180,3,0,3,0.0,Likely to Exit,131.93,2.2747,904.43,3,301.48,2.6485,389,21,0.1429,2010-04-29,2010-12-07,,Insufficient History,2,"Mid-Value, Unreliable, Lapsed",High Risk
15181,6,0,6,0.0,Likely to Exit,56.85,2.3687,948.45,8,118.56,2.1362,88,25,0.32,2009-12-08,2011-10-04,,Insufficient History,1,"Mid-Value, Unreliable, Recent",High Risk
15182,8,1,7,12.5,Likely to Exit,439.0,3.4297,2942.75,14,210.2,1.6526,176,24,0.5833,2010-01-29,2011-07-08,0.0,Declining,0,"High-Value, Reliable, Recent",High Risk
15183,2,0,2,0.0,Likely to Exit,145.21,3.7233,637.03,4,159.26,3.1991,569,20,0.2,2010-05-04,2010-06-10,,Insufficient History,2,"Mid-Value, Unreliable, Lapsed",High Risk
15184,4,1,3,25.0,Likely to Exit,257.54,3.0299,689.95,4,172.49,2.3649,51,25,0.16,2009-12-16,2011-11-10,,Insufficient History,1,"Mid-Value, Unreliable, Recent",High Risk
15185,1,0,1,0.0,Likely to Exit,48.88,2.3276,310.62,1,310.62,1.7321,92,4,0.25,2011-09-30,2011-09-30,,Insufficient History,1,"Mid-Value, Unreliable, Recent",High Risk
15186,5,0,5,0.0,Likely to Exit,173.9,3.3442,1403.2,5,280.64,2.1533,36,24,0.2083,2010-01-12,2011-11-25,,Insufficient History,1,"Mid-Value, Unreliable, Recent",High Risk
15187,8,0,8,0.0,Likely to Exit,291.2,3.1312,4670.08,18,259.45,0.5737,23,8,2.25,2011-05-11,2011-12-08,1.768,Increasing,0,"High-Value, Reliable, Recent",High Risk
15188,1,0,1,0.0,Likely to Exit,59.91,2.6048,310.43,1,310.43,4.899,747,25,0.04,2009-12-14,2009-12-14,,Insufficient History,2,"Mid-Value, Unreliable, Lapsed",High Risk
15189,16,4,12,25.0,Likely to Exit,1111.88,4.2601,17101.13,58,294.85,0.7696,23,18,3.2222,2010-07-18,2011-12-08,0.57,Declining,0,"High-Value, Reliable, Recent",High Risk
15190,1,0,1,0.0,Likely to Exit,90.49,2.2622,834.44,1,834.44,3.7417,456,15,0.0667,2010-10-01,2010-10-01,,Insufficient History,2,"Mid-Value, Unreliable, Lapsed",High Risk
15191,2,0,2,0.0,Likely to Exit,116.3,3.3229,588.05,3,196.02,3.3659,485,24,0.125,2010-01-20,2010-09-02,,Insufficient History,2,"Mid-Value, Unreliable, Lapsed",High Risk
15192,5,0,5,0.0,Likely to Exit,271.97,2.5658,1981.39,5,396.28,2.068,141,24,0.2083,2010-01-29,2011-08-12,0.0,Declining,1,"Mid-Value, Unreliable, Recent",High Risk
15193,1,1,0,100.0,Very Loyal,121.55,6.3974,499.32,1,499.32,1.4142,82,3,0.3333,2011-10-10,2011-10-10,,Insufficient History,1,"Mid-Value, Unreliable, Recent",Low Risk
15194,18,5,13,27.78,Likely to Exit,1254.75,2.4176,12187.68,39,312.5,1.0394,25,25,1.56,2009-12-03,2011-12-06,1.512,Increasing,0,"High-Value, Reliable, Recent",High Risk
15195,1,0,1,0.0,Likely to Exit,2.75,2.75,3861.0,1,3861.0,0.0,24,1,1.0,2011-12-07,2011-12-07,,Insufficient History,1,"Mid-Value, Unreliable, Recent",High Risk
15196,2,0,2,0.0,Likely to Exit,105.15,2.4453,316.25,2,158.12,3.3937,454,25,0.08,2009-12-13,2010-10-03,,Insufficient History,2,"Mid-Value, Unreliable, Lapsed",High Risk
15197,8,0,8,0.0,Likely to Exit,216.15,3.275,1427.84,10,142.78,2.0038,30,25,0.4,2009-12-11,2011-12-01,,Insufficient History,1,"Mid-Value, Unreliable, Recent",High Risk
15198,5,0,5,0.0,Likely to Exit,101.03,3.1572,559.45,6,93.24,2.0462,114,24,0.25,2010-01-19,2011-09-08,0.0,Declining,1,"Mid-Value, Unreliable, Recent",High Risk
15199,10,0,10,0.0,Likely to Exit,219.0,4.2941,3122.4,10,312.24,1.0025,81,20,0.5,2010-05-13,2011-10-11,0.969,Stable,0,"High-Value, Reliable, Recent",High Risk
15200,1,1,0,100.0,Very Loyal,113.9,3.7967,549.05,1,549.05,4.0,516,17,0.0588,2010-08-02,2010-08-02,,Insufficient History,2,"Mid-Value, Unreliable, Lapsed",Low Risk
15201,6,0,6,0.0,Likely to Exit,229.39,1.7511,1525.9,14,108.99,1.5829,100,21,0.6667,2010-04-07,2011-09-22,0.0,Declining,0,"High-Value, Reliable, Recent",High Risk
15202,1,1,0,100.0,Very Loyal,14573.16,1821.645,-2570.18,8,-321.27,3.7417,442,15,0.5333,2010-10-13,2010-10-15,,Insufficient History,3,"Low-Value, Reliable, Lapsed",Low Risk
15203,14,0,14,0.0,Likely to Exit,465.95,1.3585,4400.18,15,293.35,0.9871,47,25,0.6,2009-12-08,2011-11-14,0.376,Declining,0,"High-Value, Reliable, Recent",High Risk
15204,1,0,1,0.0,Likely to Exit,21.64,2.4044,316.58,1,316.58,3.4641,379,13,0.0769,2010-12-17,2010-12-17,,Insufficient History,2,"Mid-Value, Unreliable, Lapsed",High Risk
15205,2,1,1,50.0,At Risk,140.74,3.7037,648.83,3,216.28,1.423,107,5,0.6,2011-08-04,2011-09-15,,Insufficient History,1,"Mid-Value, Unreliable, Recent",Medium Risk
15206,4,0,4,0.0,Likely to Exit,24.15,2.6833,420.3,4,105.08,1.7044,32,10,0.4,2011-03-09,2011-11-29,0.838,Declining,1,"Mid-Value, Unreliable, Recent",High Risk
15207,2,0,2,0.0,Likely to Exit,44.96,1.6652,653.77,5,130.75,2.9756,431,19,0.2632,2010-06-10,2010-10-26,,Insufficient History,2,"Mid-Value, Unreliable, Lapsed",High Risk
15208,6,0,6,0.0,Likely to Exit,230.43,4.7027,968.02,7,138.29,1.3753,23,15,0.4667,2010-10-12,2011-12-08,,Insufficient History,1,"Mid-Value, Unreliable, Recent",High Risk
15209,1,0,1,0.0,Likely to Exit,45.29,3.4838,178.98,1,178.98,4.899,752,25,0.04,2009-12-09,2009-12-09,,Insufficient History,2,"Mid-Value, Unreliable, Lapsed",High Risk
15210,3,2,1,66.67,Likely to Stay,317.73,4.7422,1176.19,3,392.06,2.4834,247,20,0.15,2010-05-13,2011-04-28,,Insufficient History,1,"Mid-Value, Unreliable, Recent",Low Risk
15211,2,2,0,100.0,Very Loyal,404.57,5.3943,1277.48,2,638.74,2.3997,82,13,0.1538,2010-12-09,2011-10-10,,Insufficient History,1,"Mid-Value, Unreliable, Recent",Low Risk
15212,2,0,2,0.0,Likely to Exit,45.54,3.795,195.43,3,65.14,2.4502,261,14,0.2143,2010-11-28,2011-04-14,,Insufficient History,1,"Mid-Value, Unreliable, Recent",High Risk
15213,1,0,1,0.0,Likely to Exit,38.94,1.5576,325.05,3,108.35,3.3166,340,12,0.25,2011-01-14,2011-01-25,,Insufficient History,2,"Mid-Value, Unreliable, Lapsed",High Risk
15214,6,0,6,0.0,Likely to Exit,266.37,2.4215,1661.44,8,207.68,1.0213,23,9,0.8889,2011-04-11,2011-12-08,2.31,Increasing,1,"Mid-Value, Unreliable, Recent",High Risk
15215,8,4,4,50.0,At Risk,765.87,4.8168,1496.46,11,136.04,1.8772,66,21,0.5238,2010-04-06,2011-10-26,1.189,Increasing,0,"High-Value, Reliable, Recent",Medium Risk
15216,2,0,2,0.0,Likely to Exit,93.81,3.9087,486.09,2,243.04,3.7408,109,22,0.0909,2010-03-31,2011-09-13,0.0,Declining,1,"Mid-Value, Unreliable, Recent",High Risk
15217,1,1,0,100.0,Very Loyal,104.02,3.715,426.24,1,426.24,4.3589,585,20,0.05,2010-05-25,2010-05-25,,Insufficient History,2,"Mid-Value, Unreliable, Lapsed",Low Risk
15218,17,2,15,11.76,Likely to Exit,1216.84,2.9679,11456.0,25,458.24,0.7584,32,24,1.0417,2010-01-26,2011-11-29,0.505,Declining,0,"High-Value, Reliable, Recent",High Risk
15219,2,0,2,0.0,Likely to Exit,131.22,5.0469,685.45,2,342.73,3.1825,198,22,0.0909,2010-03-01,2011-06-16,,Insufficient History,1,"Mid-Value, Unreliable, Recent",High Risk
15220,6,1,5,16.67,Likely to Exit,303.58,2.5511,1758.92,7,251.27,0.9869,73,10,0.7,2011-03-04,2011-10-19,1.468,Increasing,0,"High-Value, Reliable, Recent",High Risk
15221,4,2,2,50.0,At Risk,530.5,10.61,1816.1,7,259.44,2.2939,388,22,0.3182,2010-03-12,2010-12-08,,Insufficient History,1,"Mid-Value, Unreliable, Recent",Medium Risk
15222,8,0,8,0.0,Likely to Exit,173.02,1.102,3415.66,17,200.92,1.7194,340,25,0.68,2009-12-16,2011-01-25,,Insufficient History,0,"High-Value, Reliable, Recent",High Risk
15223,4,1,3,25.0,Likely to Exit,180.11,3.9154,1117.1,6,186.18,2.8148,247,25,0.24,2009-12-05,2011-04-28,,Insufficient History,1,"Mid-Value, Unreliable, Recent",High Risk
15224,4,0,4,0.0,Likely to Exit,113.58,2.8395,837.26,8,104.66,2.503,380,24,0.3333,2010-01-15,2010-12-16,,Insufficient History,1,"Mid-Value, Unreliable, Recent",High Risk
15225,1,0,1,0.0,Likely to Exit,79.35,3.45,409.4,1,409.4,2.8284,256,9,0.1111,2011-04-19,2011-04-19,,Insufficient History,1,"Mid-Value, Unreliable, Recent",High Risk
15226,1,0,1,0.0,Likely to Exit,30.74,3.8425,154.41,1,154.41,3.1623,332,11,0.0909,2011-02-02,2011-02-02,,Insufficient History,2,"Mid-Value, Unreliable, Lapsed",High Risk
15227,8,0,8,0.0,Likely to Exit,534.35,4.4529,2488.49,9,276.5,1.3466,58,22,0.4091,2010-03-16,2011-11-03,,Insufficient History,0,"High-Value, Reliable, Recent",High Risk
15228,6,3,3,50.0,At Risk,753.46,3.2062,5570.52,7,795.79,1.5105,88,18,0.3889,2010-07-28,2011-10-04,1.21,Increasing,0,"High-Value, Reliable, Recent",Medium Risk
15229,1,0,1,0.0,Likely to Exit,14.45,1.6056,160.5,1,160.5,4.3589,608,20,0.05,2010-05-02,2010-05-02,,Insufficient History,2,"Mid-Value, Unreliable, Lapsed",High Risk
15230,1,0,1,0.0,Likely to Exit,40.98,1.7817,429.6,2,214.8,2.8284,261,9,0.2222,2011-04-13,2011-04-14,,Insufficient History,1,"Mid-Value, Unreliable, Recent",High Risk
15231,2,0,2,0.0,Likely to Exit,33.22,1.9541,228.36,2,114.18,4.5826,618,22,0.0909,2010-03-28,2010-04-22,,Insufficient History,2,"Mid-Value, Unreliable, Lapsed",High Risk
15232,2,0,2,0.0,Likely to Exit,31.95,1.0306,612.06,2,306.03,1.4144,135,6,0.3333,2011-07-22,2011-08-18,0.0,Declining,1,"Mid-Value, Unreliable, Recent",High Risk
15233,1,0,1,0.0,Likely to Exit,4.95,4.95,59.4,1,59.4,3.6056,423,14,0.0714,2010-11-03,2010-11-03,,Insufficient History,2,"Mid-Value, Unreliable, Lapsed",High Risk
15234,1,0,1,0.0,Likely to Exit,23.56,1.6829,197.0,1,197.0,3.0,298,10,0.1,2011-03-08,2011-03-08,,Insufficient History,2,"Mid-Value, Unreliable, Lapsed",High Risk
15235,6,1,5,16.67,Likely to Exit,553.52,2.96,2937.81,16,183.61,1.2753,239,14,1.1429,2010-11-16,2011-05-06,,Insufficient History,0,"High-Value, Reliable, Recent",High Risk
15236,1,0,1,0.0,Likely to Exit,24.58,1.6387,321.05,1,321.05,3.1623,320,11,0.0909,2011-02-14,2011-02-14,,Insufficient History,2,"Mid-Value, Unreliable, Lapsed",High Risk
15237,4,1,3,25.0,Likely to Exit,249.52,2.5204,1412.32,4,353.08,1.8348,23,9,0.4444,2011-04-26,2011-12-08,0.356,Declining,1,"Mid-Value, Unreliable, Recent",High Risk
15238,3,1,2,33.33,Likely to Exit,249.58,4.7996,1056.54,5,211.31,1.2062,51,7,0.7143,2011-06-08,2011-11-10,0.633,Declining,1,"Mid-Value, Unreliable, Recent",Medium Risk
15239,3,0,3,0.0,Likely to Exit,112.67,2.1667,764.34,3,254.78,1.033,32,4,0.75,2011-09-22,2011-11-29,,Insufficient History,1,"Mid-Value, Unreliable, Recent",High Risk
15240,14,2,12,14.29,Likely to Exit,692.22,2.8254,4315.0,20,215.75,1.2002,66,25,0.8,2009-12-05,2011-10-26,0.961,Stable,0,"High-Value, Reliable, Recent",High Risk
15241,10,0,10,0.0,Likely to Exit,312.81,1.6909,3032.31,12,252.69,1.4488,88,23,0.5217,2010-02-23,2011-10-04,0.996,Stable,0,"High-Value, Reliable, Recent",High Risk
15242,1,0,1,0.0,Likely to Exit,8.62,2.155,302.04,1,302.04,3.7417,444,15,0.0667,2010-10-13,2010-10-13,,Insufficient History,2,"Mid-Value, Unreliable, Lapsed",High Risk
15243,2,1,1,50.0,At Risk,190.19,3.1179,927.28,2,463.64,2.7935,96,16,0.125,2010-09-30,2011-09-26,0.0,Declining,1,"Mid-Value, Unreliable, Recent",Medium Risk
15244,3,1,2,33.33,Likely to Exit,259.26,5.1852,850.18,4,212.54,2.5898,87,23,0.1739,2010-02-11,2011-10-05,,Insufficient History,1,"Mid-Value, Unreliable, Recent",Medium Risk
15245,7,1,6,14.29,Likely to Exit,276.01,1.8649,4610.84,8,576.36,1.5697,156,21,0.381,2010-04-23,2011-07-28,0.0,Declining,0,"High-Value, Reliable, Recent",High Risk
15246,3,0,3,0.0,Likely to Exit,153.25,3.0049,780.4,3,260.13,2.377,260,19,0.1579,2010-06-02,2011-04-15,,Insufficient History,1,"Mid-Value, Unreliable, Recent",High Risk
15247,4,0,4,0.0,Likely to Exit,50.68,2.8156,967.11,4,241.78,2.3155,144,19,0.2105,2010-06-20,2011-08-09,0.0,Declining,1,"Mid-Value, Unreliable, Recent",High Risk
15248,3,1,2,33.33,Likely to Exit,347.27,3.1286,1865.03,4,466.26,2.8807,433,19,0.2105,2010-06-23,2010-10-24,,Insufficient History,2,"Mid-Value, Unreliable, Lapsed",Medium Risk
15249,13,2,11,15.38,Likely to Exit,1561.34,3.0376,9147.15,21,435.58,1.0699,53,22,0.9545,2010-03-26,2011-11-08,0.378,Declining,0,"High-Value, Reliable, Recent",High Risk
15250,1,0,1,0.0,Likely to Exit,3.75,1.25,60.0,1,60.0,4.5826,662,22,0.0455,2010-03-09,2010-03-09,,Insufficient History,2,"Mid-Value, Unreliable, Lapsed",High Risk
15251,17,2,15,11.76,Likely to Exit,1000.29,4.0662,20095.6,31,648.25,1.0966,31,24,1.2917,2010-01-29,2011-11-30,0.19,Declining,0,"High-Value, Reliable, Recent",High Risk
15252,5,0,5,0.0,Likely to Exit,319.58,2.6412,2053.06,7,293.29,1.8534,58,21,0.3333,2010-04-07,2011-11-03,,Insufficient History,1,"Mid-Value, Unreliable, Recent",High Risk
15253,7,0,7,0.0,Likely to Exit,259.61,2.1455,2033.29,12,169.44,1.6642,38,20,0.6,2010-05-02,2011-11-23,0.598,Declining,0,"High-Value, Reliable, Recent",High Risk
15254,4,1,3,25.0,Likely to Exit,232.58,3.4203,1073.4,4,268.35,2.7551,149,25,0.16,2009-12-01,2011-08-04,0.0,Declining,1,"Mid-Value, Unreliable, Recent",High Risk
15255,7,3,4,42.86,At Risk,563.43,2.9193,3670.77,11,333.71,1.8804,88,25,0.44,2009-12-03,2011-10-04,,Insufficient History,0,"High-Value, Reliable, Recent",Medium Risk
15256,2,0,2,0.0,Likely to Exit,18.9,1.89,170.4,2,85.2,3.04,170,20,0.1,2010-05-27,2011-07-14,0.0,Declining,1,"Mid-Value, Unreliable, Recent",High Risk
15257,2,2,0,100.0,Very Loyal,461.6,35.5077,600.9,3,200.3,2.5578,303,15,0.2,2010-10-21,2011-03-03,,Insufficient History,1,"Mid-Value, Unreliable, Recent",Low Risk
15258,2,0,2,0.0,Likely to Exit,191.68,5.6376,623.16,2,311.58,1.7322,190,8,0.25,2011-05-06,2011-06-24,,Insufficient History,1,"Mid-Value, Unreliable, Recent",High Risk
15259,3,1,2,33.33,Likely to Exit,464.96,8.1572,1182.38,4,295.6,2.6866,534,24,0.1667,2010-01-26,2010-07-15,,Insufficient History,2,"Mid-Value, Unreliable, Lapsed",Medium Risk
15260,16,4,12,25.0,Likely to Exit,1353.58,3.3504,9098.38,30,303.28,1.1101,122,25,1.2,2009-12-06,2011-08-31,0.0,Declining,0,"High-Value, Reliable, Recent",High Risk
15261,3,1,2,33.33,Likely to Exit,326.21,3.5458,1508.0,4,377.0,2.7576,157,15,0.2667,2010-10-01,2011-07-27,0.0,Declining,1,"Mid-Value, Unreliable, Recent",Medium Risk
15262,3,0,3,0.0,Likely to Exit,73.59,2.8304,418.82,3,139.61,2.2139,345,17,0.1765,2010-08-08,2011-01-20,,Insufficient History,1,"Mid-Value, Unreliable, Recent",High Risk
15263,1,0,1,0.0,Likely to Exit,35.49,2.9575,156.51,1,156.51,2.0,128,5,0.2,2011-08-25,2011-08-25,,Insufficient History,1,"Mid-Value, Unreliable, Recent",High Risk
15264,3,1,2,33.33,Likely to Exit,182.26,3.1975,844.2,3,281.4,2.9239,86,19,0.1579,2010-06-27,2011-10-06,,Insufficient History,1,"Mid-Value, Unreliable, Recent",Medium Risk
15265,4,3,1,75.0,Likely to Stay,696.78,3.6103,3345.64,4,836.41,2.6585,173,25,0.16,2009-12-01,2011-07-11,0.0,Declining,0,"High-Value, Reliable, Recent",Low Risk
15266,4,0,4,0.0,Likely to Exit,271.31,5.898,841.7,6,140.28,2.3561,360,24,0.25,2010-01-07,2011-01-05,,Insufficient History,1,"Mid-Value, Unreliable, Recent",High Risk
15267,4,0,4,0.0,Likely to Exit,20.19,1.8355,1717.36,5,343.47,1.4112,44,7,0.7143,2011-06-10,2011-11-17,0.832,Declining,1,"Mid-Value, Unreliable, Recent",High Risk
15268,2,0,2,0.0,Likely to Exit,103.9,3.8481,941.25,4,235.31,3.1147,500,21,0.1905,2010-04-13,2010-08-18,,Insufficient History,2,"Mid-Value, Unreliable, Lapsed",High Risk
15269,2,2,0,100.0,Very Loyal,251.03,7.1723,1225.36,3,408.45,2.6029,45,14,0.2143,2010-11-14,2011-11-16,,Insufficient History,1,"Mid-Value, Unreliable, Recent",Low Risk
15270,13,3,10,23.08,Likely to Exit,1152.71,5.8513,7193.99,31,232.06,1.5861,37,25,1.24,2009-12-17,2011-11-24,1.066,Stable,0,"High-Value, Reliable, Recent",High Risk
15271,14,6,8,42.86,At Risk,1632.3,2.5992,4639.29,26,178.43,0.7591,29,17,1.5294,2010-08-05,2011-12-02,1.646,Increasing,0,"High-Value, Reliable, Recent",Medium Risk
15272,6,5,1,83.33,Very Loyal,1294.47,4.2165,2085.48,6,347.58,1.8286,79,23,0.2609,2010-02-14,2011-10-13,1.415,Increasing,0,"High-Value, Reliable, Recent",Low Risk
15273,1,0,1,0.0,Likely to Exit,1.06,1.06,228.96,1,228.96,4.4721,621,21,0.0476,2010-04-19,2010-04-19,,Insufficient History,2,"Mid-Value, Unreliable, Lapsed",High Risk
15274,2,0,2,0.0,Likely to Exit,96.77,2.0589,716.57,2,358.29,0.0717,26,2,1.0,2011-11-21,2011-12-05,,Insufficient History,1,"Mid-Value, Unreliable, Recent",High Risk
15275,1,1,0,100.0,Very Loyal,139.49,3.3212,609.19,2,304.59,1.0,53,2,1.0,2011-11-02,2011-11-08,,Insufficient History,1,"Mid-Value, Unreliable, Recent",Low Risk
15276,3,3,0,100.0,Very Loyal,485.58,2.503,631.03,5,126.21,2.4154,88,15,0.3333,2010-10-01,2011-10-04,,Insufficient History,1,"Mid-Value, Unreliable, Recent",Low Risk
15277,2,0,2,0.0,Likely to Exit,51.76,1.9908,476.34,2,238.17,2.5576,68,15,0.1333,2010-10-10,2011-10-24,,Insufficient History,1,"Mid-Value, Unreliable, Recent",High Risk
15278,2,0,2,0.0,Likely to Exit,36.62,1.2628,496.16,4,124.04,3.243,583,23,0.1739,2010-02-12,2010-05-27,,Insufficient History,2,"Mid-Value, Unreliable, Lapsed",High Risk
15279,5,0,5,0.0,Likely to Exit,380.38,3.8422,1541.74,7,220.25,1.9023,376,23,0.3043,2010-02-02,2010-12-20,,Insufficient History,1,"Mid-Value, Unreliable, Recent",High Risk
15280,3,0,3,0.0,Likely to Exit,102.0,1.6721,406.22,3,135.41,2.4006,194,20,0.15,2010-05-17,2011-06-20,,Insufficient History,1,"Mid-Value, Unreliable, Recent",High Risk
15281,10,4,6,40.0,At Risk,1985.08,3.649,8317.62,22,378.07,1.968,80,15,1.4667,2010-10-08,2011-10-12,0.531,Declining,0,"High-Value, Reliable, Recent",Medium Risk
15282,1,0,1,0.0,Likely to Exit,35.33,1.3085,348.59,1,348.59,4.3589,592,20,0.05,2010-05-18,2010-05-18,,Insufficient History,2,"Mid-Value, Unreliable, Lapsed",High Risk
15283,3,0,3,0.0,Likely to Exit,64.49,6.449,135.43,4,33.86,2.8694,412,18,0.2222,2010-07-09,2010-11-14,,Insufficient History,2,"Mid-Value, Unreliable, Lapsed",High Risk
15284,1,0,1,0.0,Likely to Exit,4.95,4.95,24.75,1,24.75,4.1231,522,18,0.0556,2010-07-27,2010-07-27,,Insufficient History,2,"Mid-Value, Unreliable, Lapsed",High Risk
15285,1,0,1,0.0,Likely to Exit,5.67,0.945,94.92,1,94.92,3.7417,429,15,0.0667,2010-10-28,2010-10-28,,Insufficient History,2,"Mid-Value, Unreliable, Lapsed",High Risk
15286,1,0,1,0.0,Likely to Exit,13.35,4.45,240.55,1,240.55,1.4142,71,3,0.3333,2011-10-21,2011-10-21,,Insufficient History,1,"Mid-Value, Unreliable, Recent",High Risk
15287,6,0,6,0.0,Likely to Exit,82.17,2.2208,854.58,6,142.43,2.3498,44,25,0.24,2009-12-02,2011-11-17,0.423,Declining,1,"Mid-Value, Unreliable, Recent",High Risk
15288,9,2,7,22.22,Likely to Exit,574.43,3.1736,3883.13,10,388.31,1.4579,65,23,0.4348,2010-02-12,2011-10-27,0.785,Declining,0,"High-Value, Reliable, Recent",High Risk
15289,6,0,6,0.0,Likely to Exit,138.4,1.398,1570.71,7,224.39,1.924,51,22,0.3182,2010-03-28,2011-11-10,0.761,Declining,1,"Mid-Value, Unreliable, Recent",High Risk
15290,20,2,18,10.0,Likely to Exit,839.19,2.788,10355.58,30,345.19,0.9095,26,23,1.3043,2010-02-24,2011-12-05,1.397,Increasing,0,"High-Value, Reliable, Recent",High Risk
15291,17,5,12,29.41,Likely to Exit,1453.0,5.4419,13451.24,53,253.8,0.7473,47,25,2.12,2009-12-03,2011-11-14,2.596,Increasing,0,"High-Value, Reliable, Recent",High Risk
15292,1,1,0,100.0,Very Loyal,115.82,4.6328,180.94,1,180.94,2.6458,223,8,0.125,2011-05-22,2011-05-22,,Insufficient History,1,"Mid-Value, Unreliable, Recent",Low Risk
15293,1,0,1,0.0,Likely to Exit,29.15,1.5342,247.5,1,247.5,4.6904,687,23,0.0435,2010-02-12,2010-02-12,,Insufficient History,2,"Mid-Value, Unreliable, Lapsed",High Risk
15294,2,0,2,0.0,Likely to Exit,64.75,3.8088,222.3,2,111.15,3.7417,422,15,0.1333,2010-10-25,2010-11-04,,Insufficient History,2,"Mid-Value, Unreliable, Lapsed",High Risk
15295,1,1,0,100.0,Very Loyal,104.82,1.9777,217.24,1,217.24,4.6904,676,23,0.0435,2010-02-23,2010-02-23,,Insufficient History,2,"Mid-Value, Unreliable, Lapsed",Low Risk
15296,12,8,4,66.67,Likely to Stay,1809.31,3.3077,10223.93,20,511.2,1.5615,66,24,0.8333,2010-01-21,2011-10-26,2.087,Increasing,0,"High-Value, Reliable, Recent",Low Risk
15297,2,0,2,0.0,Likely to Exit,113.54,2.7693,635.04,4,158.76,0.7869,32,3,1.3333,2011-10-07,2011-11-29,,Insufficient History,1,"Mid-Value, Unreliable, Recent",High Risk
15298,19,0,19,0.0,Likely to Exit,1050.38,2.3187,8356.03,29,288.14,0.6931,24,25,1.16,2009-12-08,2011-12-07,2.379,Increasing,0,"High-Value, Reliable, Recent",High Risk
15299,11,1,10,9.09,Likely to Exit,1387.88,69.394,7243.62,15,482.91,2.4073,89,25,0.6,2009-12-01,2011-10-03,-30.667,Declining,0,"High-Value, Reliable, Recent",High Risk
15300,1,0,1,0.0,Likely to Exit,80.14,2.8621,496.44,1,496.44,1.4142,86,3,0.3333,2011-10-06,2011-10-06,,Insufficient History,1,"Mid-Value, Unreliable, Recent",High Risk
15301,12,6,6,50.0,At Risk,1168.84,3.0439,7561.21,19,397.96,0.7362,72,16,1.1875,2010-09-15,2011-10-20,0.346,Declining,0,"High-Value, Reliable, Recent",Medium Risk
15302,1,0,1,0.0,Likely to Exit,91.45,5.7156,291.05,2,145.53,4.899,744,25,0.08,2009-12-09,2009-12-17,,Insufficient History,2,"Mid-Value, Unreliable, Lapsed",High Risk
15303,4,2,2,50.0,At Risk,340.14,4.7907,1178.78,4,294.7,2.771,312,24,0.1667,2010-01-25,2011-02-22,,Insufficient History,1,"Mid-Value, Unreliable, Recent",Medium Risk
15304,8,0,8,0.0,Likely to Exit,230.2,7.1937,905.45,11,82.31,1.1708,82,15,0.7333,2010-10-14,2011-10-10,1.235,Increasing,1,"Mid-Value, Unreliable, Recent",High Risk
15305,1,0,1,0.0,Likely to Exit,17.15,3.43,93.6,1,93.6,4.2426,577,19,0.0526,2010-06-02,2010-06-02,,Insufficient History,2,"Mid-Value, Unreliable, Lapsed",High Risk
15306,7,0,7,0.0,Likely to Exit,434.74,2.6671,3480.98,10,348.1,1.9135,86,23,0.4348,2010-02-18,2011-10-06,0.787,Declining,0,"High-Value, Reliable, Recent",High Risk
15307,1,0,1,0.0,Likely to Exit,80.95,6.7458,205.3,1,205.3,1.7321,117,4,0.25,2011-09-05,2011-09-05,,Insufficient History,1,"Mid-Value, Unreliable, Recent",High Risk
15308,1,0,1,0.0,Likely to Exit,84.84,4.04,302.27,2,151.13,3.0,292,10,0.2,2011-03-10,2011-03-14,,Insufficient History,2,"Mid-Value, Unreliable, Lapsed",High Risk
15309,4,0,4,0.0,Likely to Exit,207.49,3.4015,715.53,10,71.55,2.7549,632,25,0.4,2009-12-04,2010-04-08,,Insufficient History,2,"Mid-Value, Unreliable, Lapsed",High Risk
15310,1,0,1,0.0,Likely to Exit,72.55,1.6122,1634.64,1,1634.64,4.0,500,17,0.0588,2010-08-18,2010-08-18,,Insufficient History,2,"Mid-Value, Unreliable, Lapsed",High Risk
15311,25,19,6,76.0,Likely to Stay,12703.83,2.6932,113513.07,270,420.42,0.42,22,25,10.8,2009-12-01,2011-12-09,1.104,Increasing,0,"High-Value, Reliable, Recent",Low Risk
15312,11,0,11,0.0,Likely to Exit,460.87,2.7932,2916.49,14,208.32,1.1892,97,25,0.56,2009-12-16,2011-09-25,0.0,Declining,0,"High-Value, Reliable, Recent",High Risk
15313,1,0,1,0.0,Likely to Exit,2.08,2.08,52.0,1,52.0,2.0,132,5,0.2,2011-08-21,2011-08-21,,Insufficient History,1,"Mid-Value, Unreliable, Recent",High Risk
15314,3,0,3,0.0,Likely to Exit,88.53,1.7359,800.65,4,200.16,2.608,221,15,0.2667,2010-10-07,2011-05-24,,Insufficient History,1,"Mid-Value, Unreliable, Recent",High Risk
15315,2,0,2,0.0,Likely to Exit,33.44,0.88,551.54,3,183.85,1.2578,86,5,0.6,2011-08-15,2011-10-06,,Insufficient History,1,"Mid-Value, Unreliable, Recent",High Risk
15316,1,0,1,0.0,Likely to Exit,1.65,1.65,165.0,1,165.0,3.3166,348,12,0.0833,2011-01-17,2011-01-17,,Insufficient History,2,"Mid-Value, Unreliable, Lapsed",High Risk
15317,2,0,2,0.0,Likely to Exit,19.7,3.2833,112.05,2,56.02,4.899,699,25,0.08,2009-12-08,2010-01-31,,Insufficient History,2,"Mid-Value, Unreliable, Lapsed",High Risk
15318,1,0,1,0.0,Likely to Exit,19.33,0.5858,312.62,1,312.62,0.0,25,1,1.0,2011-12-06,2011-12-06,,Insufficient History,1,"Mid-Value, Unreliable, Recent",High Risk
15319,1,0,1,0.0,Likely to Exit,51.86,3.2412,204.5,1,204.5,3.0,305,10,0.1,2011-03-01,2011-03-01,,Insufficient History,2,"Mid-Value, Unreliable, Lapsed",High Risk
15320,1,1,0,100.0,Very Loyal,110.29,3.0636,267.13,1,267.13,1.4142,66,3,0.3333,2011-10-26,2011-10-26,,Insufficient History,1,"Mid-Value, Unreliable, Recent",Low Risk
15321,10,6,4,60.0,Likely to Stay,964.28,2.9309,6560.65,18,364.48,1.8317,71,25,0.72,2009-12-17,2011-10-21,-0.061,Declining,0,"High-Value, Reliable, Recent",Low Risk
15322,3,2,1,66.67,Likely to Stay,327.41,3.6379,1314.15,3,438.05,2.7394,86,17,0.1765,2010-08-20,2011-10-06,-0.113,Declining,1,"Mid-Value, Unreliable, Recent",Low Risk
15323,4,0,4,0.0,Likely to Exit,145.95,3.9446,320.9,4,80.23,2.673,555,23,0.1739,2010-02-16,2010-06-24,,Insufficient History,2,"Mid-Value, Unreliable, Lapsed",High Risk
15324,1,0,1,0.0,Likely to Exit,18.47,2.3087,140.22,1,140.22,4.7958,723,24,0.0417,2010-01-07,2010-01-07,,Insufficient History,2,"Mid-Value, Unreliable, Lapsed",High Risk
15325,6,2,4,33.33,Likely to Exit,459.75,2.0343,1596.81,9,177.42,1.8862,125,23,0.3913,2010-02-16,2011-08-28,0.0,Declining,0,"High-Value, Reliable, Recent",Medium Risk
15326,5,1,4,20.0,Likely to Exit,449.61,3.0795,1529.82,10,152.98,2.5034,355,25,0.4,2009-12-01,2011-01-10,,Insufficient History,1,"Mid-Value, Unreliable, Recent",High Risk
15327,1,0,1,0.0,Likely to Exit,43.97,4.397,208.75,1,208.75,1.4142,74,3,0.3333,2011-10-18,2011-10-18,,Insufficient History,1,"Mid-Value, Unreliable, Recent",High Risk
15328,1,0,1,0.0,Likely to Exit,19.71,2.4638,107.24,1,107.24,3.7417,429,15,0.0667,2010-10-28,2010-10-28,,Insufficient History,2,"Mid-Value, Unreliable, Lapsed",High Risk
15329,13,1,12,7.69,Likely to Exit,793.95,4.4604,2742.98,20,137.15,1.3987,57,25,0.8,2009-12-14,2011-11-04,0.605,Declining,0,"High-Value, Reliable, Recent",High Risk
15330,2,0,2,0.0,Likely to Exit,7.29,0.5608,714.96,2,357.48,0.7184,54,3,0.6667,2011-10-10,2011-11-07,,Insufficient History,1,"Mid-Value, Unreliable, Recent",High Risk
15331,2,0,2,0.0,Likely to Exit,83.66,1.8187,755.41,4,188.85,3.0861,521,21,0.1905,2010-04-09,2010-07-28,,Insufficient History,2,"Mid-Value, Unreliable, Lapsed",High Risk
15332,3,3,0,100.0,Very Loyal,494.41,2.6159,6553.74,6,1092.29,2.4125,388,18,0.3333,2010-07-14,2010-12-08,,Insufficient History,0,"High-Value, Reliable, Recent",Low Risk
15333,1,0,1,0.0,Likely to Exit,47.42,2.9638,1028.56,1,1028.56,2.6458,230,8,0.125,2011-05-15,2011-05-15,,Insufficient History,1,"Mid-Value, Unreliable, Recent",High Risk
15334,2,1,1,50.0,At Risk,148.14,1.4964,351.67,3,117.22,1.6626,178,7,0.4286,2011-06-19,2011-07-06,0.0,Declining,1,"Mid-Value, Unreliable, Recent",Medium Risk
15335,1,1,0,100.0,Very Loyal,101.39,2.8164,173.97,1,173.97,1.4142,75,3,0.3333,2011-10-17,2011-10-17,,Insufficient History,1,"Mid-Value, Unreliable, Recent",Low Risk
15336,1,0,1,0.0,Likely to Exit,74.4,4.96,240.5,1,240.5,3.6056,423,14,0.0714,2010-11-03,2010-11-03,,Insufficient History,2,"Mid-Value, Unreliable, Lapsed",High Risk
15337,2,0,2,0.0,Likely to Exit,95.83,3.9929,344.72,2,172.36,3.7417,424,15,0.1333,2010-10-24,2010-11-02,,Insufficient History,2,"Mid-Value, Unreliable, Lapsed",High Risk
15338,1,1,0,100.0,Very Loyal,148.55,2.4758,283.43,1,283.43,4.7958,699,24,0.0417,2010-01-31,2010-01-31,,Insufficient History,2,"Mid-Value, Unreliable, Lapsed",Low Risk
15339,6,4,2,66.67,Likely to Stay,650.57,2.8042,1634.09,11,148.55,2.0704,88,23,0.4783,2010-02-08,2011-10-04,,Insufficient History,0,"High-Value, Reliable, Recent",Low Risk
15340,1,0,1,0.0,Likely to Exit,11.1,1.5857,105.5,1,105.5,4.3589,583,20,0.05,2010-05-27,2010-05-27,,Insufficient History,2,"Mid-Value, Unreliable, Lapsed",High Risk
15341,3,0,3,0.0,Likely to Exit,65.02,2.6008,2401.02,3,800.34,3.6945,102,20,0.15,2010-05-28,2011-09-20,0.0,Declining,1,"Mid-Value, Unreliable, Recent",High Risk
15342,1,0,1,0.0,Likely to Exit,59.92,2.3046,391.76,2,195.88,2.0,138,5,0.4,2011-08-02,2011-08-15,,Insufficient History,1,"Mid-Value, Unreliable, Recent",High Risk
15343,1,1,0,100.0,Very Loyal,134.2,6.3905,364.5,1,364.5,1.7321,109,4,0.25,2011-09-13,2011-09-13,,Insufficient History,1,"Mid-Value, Unreliable, Recent",Low Risk
15344,4,1,3,25.0,Likely to Exit,245.22,7.6631,476.58,5,95.32,0.7894,22,4,1.25,2011-09-26,2011-12-09,,Insufficient History,1,"Mid-Value, Unreliable, Recent",High Risk
15345,2,1,1,50.0,At Risk,180.46,7.8461,367.69,2,183.84,1.4142,57,3,0.6667,2011-10-25,2011-11-04,,Insufficient History,1,"Mid-Value, Unreliable, Recent",Medium Risk
15346,2,0,2,0.0,Likely to Exit,122.81,3.2318,591.65,4,147.91,2.5838,354,15,0.2667,2010-10-04,2011-01-11,,Insufficient History,1,"Mid-Value, Unreliable, Recent",High Risk
15347,3,0,3,0.0,Likely to Exit,125.3,2.914,1333.9,6,222.32,2.1133,388,16,0.375,2010-09-28,2010-12-08,,Insufficient History,1,"Mid-Value, Unreliable, Recent",High Risk
15348,1,0,1,0.0,Likely to Exit,19.02,2.1133,158.04,1,158.04,1.7321,94,4,0.25,2011-09-28,2011-09-28,,Insufficient History,1,"Mid-Value, Unreliable, Recent",High Risk
15349,2,1,1,50.0,At Risk,211.7,2.9403,473.81,2,236.9,1.8818,180,7,0.2857,2011-06-05,2011-07-04,0.0,Declining,1,"Mid-Value, Unreliable, Recent",Medium Risk
15350,2,0,2,0.0,Likely to Exit,86.5,2.4714,663.25,2,331.63,2.5769,395,14,0.1429,2010-11-21,2010-12-01,,Insufficient History,2,"Mid-Value, Unreliable, Lapsed",High Risk
15351,5,5,0,100.0,Very Loyal,1134.33,2.9387,3615.18,15,241.01,1.6646,34,15,1.0,2010-10-03,2011-11-27,1.661,Increasing,0,"High-Value, Reliable, Recent",Low Risk
15352,1,1,0,100.0,Very Loyal,102.95,2.7824,114.95,1,114.95,4.2426,570,19,0.0526,2010-06-09,2010-06-09,,Insufficient History,2,"Mid-Value, Unreliable, Lapsed",Low Risk
15353,7,6,1,85.71,Very Loyal,1174.43,3.0269,3154.05,8,394.26,1.6734,276,25,0.32,2009-12-02,2011-03-30,,Insufficient History,0,"High-Value, Reliable, Recent",Low Risk
15354,1,1,0,100.0,Very Loyal,663.6,94.8,-94.8,7,-13.54,4.4721,620,21,0.3333,2010-04-15,2010-04-20,,Insufficient History,3,"Low-Value, Reliable, Lapsed",Low Risk
15355,2,0,2,0.0,Likely to Exit,85.6,6.1143,277.05,2,138.53,0.7154,51,3,0.6667,2011-10-17,2011-11-10,,Insufficient History,1,"Mid-Value, Unreliable, Recent",High Risk
15356,11,8,3,72.73,Likely to Stay,1546.77,2.0487,3464.95,13,266.53,0.7084,53,15,0.8667,2010-10-13,2011-11-08,0.149,Declining,0,"High-Value, Reliable, Recent",Low Risk
15357,1,0,1,0.0,Likely to Exit,36.75,36.75,-36.75,1,-36.75,0.0,704,24,0.0417,2010-01-26,2010-01-26,,Insufficient History,3,"Low-Value, Reliable, Lapsed",High Risk
15358,24,8,16,33.33,Likely to Exit,2271.75,1.972,16837.35,55,306.13,0.5255,26,25,2.2,2009-12-07,2011-12-05,0.821,Declining,0,"High-Value, Reliable, Recent",Medium Risk
15359,3,0,3,0.0,Likely to Exit,21.92,1.2894,162.6,9,18.07,3.3347,576,24,0.375,2010-01-15,2010-06-03,,Insufficient History,2,"Mid-Value, Unreliable, Lapsed",High Risk
15360,1,0,1,0.0,Likely to Exit,30.57,2.3515,427.93,1,427.93,1.4142,61,3,0.3333,2011-10-31,2011-10-31,,Insufficient History,1,"Mid-Value, Unreliable, Recent",High Risk
15361,3,0,3,0.0,Likely to Exit,100.26,10.026,689.07,4,172.27,2.7795,383,19,0.2105,2010-06-14,2010-12-13,,Insufficient History,2,"Mid-Value, Unreliable, Lapsed",High Risk
15362,2,0,2,0.0,Likely to Exit,144.48,3.612,613.08,2,306.54,3.3915,470,25,0.08,2009-12-01,2010-09-17,,Insufficient History,2,"Mid-Value, Unreliable, Lapsed",High Risk
15363,3,0,3,0.0,Likely to Exit,147.54,2.8373,996.16,3,332.05,2.8737,263,17,0.1765,2010-08-04,2011-04-12,,Insufficient History,1,"Mid-Value, Unreliable, Recent",High Risk
15364,2,0,2,0.0,Likely to Exit,57.36,1.9779,913.19,2,456.6,2.0913,117,10,0.2,2011-03-30,2011-09-05,0.0,Declining,1,"Mid-Value, Unreliable, Recent",High Risk
15365,7,4,3,57.14,At Risk,1055.14,4.1378,3573.26,15,238.22,2.2127,47,23,0.6522,2010-02-04,2011-11-14,-0.354,Declining,0,"High-Value, Reliable, Recent",Medium Risk
15366,7,0,7,0.0,Likely to Exit,272.21,1.9725,2389.08,7,341.3,1.6951,97,23,0.3043,2010-02-26,2011-09-25,0.0,Declining,1,"Mid-Value, Unreliable, Recent",High Risk
15367,9,4,5,44.44,At Risk,805.49,2.8665,5005.73,13,385.06,1.5104,79,25,0.52,2009-12-10,2011-10-13,,Insufficient History,0,"High-Value, Reliable, Recent",Medium Risk
15368,2,0,2,0.0,Likely to Exit,39.89,4.9863,722.74,2,361.37,2.5283,43,14,0.1429,2010-11-10,2011-11-18,,Insufficient History,1,"Mid-Value, Unreliable, Recent",High Risk
15369,8,1,7,12.5,Likely to Exit,1792.28,17.2335,1713.39,13,131.8,3.0884,166,25,0.52,2009-12-08,2011-07-18,-0.0,Declining,1,"Mid-Value, Unreliable, Recent",High Risk
15370,7,1,6,14.29,Likely to Exit,532.4,3.6717,3713.51,9,412.61,1.4436,62,15,0.6,2010-10-25,2011-10-30,0.392,Declining,0,"High-Value, Reliable, Recent",High Risk
15371,1,0,1,0.0,Likely to Exit,4.95,4.95,59.4,1,59.4,4.6904,684,23,0.0435,2010-02-15,2010-02-15,,Insufficient History,2,"Mid-Value, Unreliable, Lapsed",High Risk
15372,5,0,5,0.0,Likely to Exit,108.84,1.814,5954.42,10,595.44,2.5134,159,23,0.4348,2010-02-14,2011-07-25,0.0,Declining,0,"High-Value, Reliable, Recent",High Risk
15373,13,2,11,15.38,Likely to Exit,1086.63,5.2749,3218.59,18,178.81,1.1757,30,20,0.9,2010-05-02,2011-12-01,4.376,Increasing,0,"High-Value, Reliable, Recent",High Risk
15374,2,0,2,0.0,Likely to Exit,18.41,1.841,307.32,2,153.66,3.1774,150,22,0.0909,2010-03-25,2011-08-03,0.0,Declining,1,"Mid-Value, Unreliable, Recent",High Risk
15375,1,0,1,0.0,Likely to Exit,6.88,1.1467,60.96,1,60.96,4.7958,712,24,0.0417,2010-01-18,2010-01-18,,Insufficient History,2,"Mid-Value, Unreliable, Lapsed",High Risk
15376,3,2,1,66.67,Likely to Stay,338.75,2.8953,1233.36,3,411.12,1.4677,62,8,0.375,2011-05-01,2011-10-30,0.73,Declining,1,"Mid-Value, Unreliable, Recent",Low Risk
15377,2,0,2,0.0,Likely to Exit,111.0,5.0455,1179.95,5,235.99,2.8911,404,15,0.3333,2010-10-20,2010-11-22,,Insufficient History,2,"Mid-Value, Unreliable, Lapsed",High Risk
15378,2,0,2,0.0,Likely to Exit,22.7,1.8917,246.5,2,123.25,2.8468,484,18,0.1111,2010-07-26,2010-09-03,,Insufficient History,2,"Mid-Value, Unreliable, Lapsed",High Risk
15379,6,3,3,50.0,At Risk,700.73,2.6443,4806.44,9,534.05,1.4751,191,14,0.6429,2010-11-04,2011-06-23,,Insufficient History,0,"High-Value, Reliable, Recent",Medium Risk
15380,10,0,10,0.0,Likely to Exit,278.11,4.9663,3422.2,13,263.25,1.2744,30,25,0.52,2009-12-01,2011-12-01,0.895,Declining,0,"High-Value, Reliable, Recent",High Risk
15381,5,0,5,0.0,Likely to Exit,115.99,4.6396,1887.62,6,314.6,2.0109,235,20,0.3,2010-05-05,2011-05-10,,Insufficient History,1,"Mid-Value, Unreliable, Recent",High Risk
15382,13,8,5,61.54,Likely to Stay,1542.13,2.4021,13646.5,20,682.33,1.4495,36,25,0.8,2009-12-04,2011-11-25,0.482,Declining,0,"High-Value, Reliable, Recent",Low Risk
15383,1,0,1,0.0,Likely to Exit,10.5,10.5,-10.5,1,-10.5,0.0,704,24,0.0417,2010-01-26,2010-01-26,,Insufficient History,3,"Low-Value, Reliable, Lapsed",High Risk
15384,4,1,3,25.0,Likely to Exit,246.39,2.0196,2014.49,5,402.9,2.5937,191,21,0.2381,2010-04-26,2011-06-23,,Insufficient History,1,"Mid-Value, Unreliable, Recent",High Risk
15385,3,0,3,0.0,Likely to Exit,47.06,2.241,942.08,3,314.03,2.646,62,24,0.125,2010-01-31,2011-10-30,,Insufficient History,1,"Mid-Value, Unreliable, Recent",High Risk
15386,1,0,1,0.0,Likely to Exit,42.98,1.3865,394.14,1,394.14,2.4495,208,7,0.1429,2011-06-06,2011-06-06,,Insufficient History,1,"Mid-Value, Unreliable, Recent",High Risk
15387,1,0,1,0.0,Likely to Exit,43.3,2.165,468.65,1,468.65,4.0,514,17,0.0588,2010-08-04,2010-08-04,,Insufficient History,2,"Mid-Value, Unreliable, Lapsed",High Risk
15388,1,0,1,0.0,Likely to Exit,20.63,2.063,140.54,1,140.54,3.0,292,10,0.1,2011-03-14,2011-03-14,,Insufficient History,2,"Mid-Value, Unreliable, Lapsed",High Risk
15389,5,0,5,0.0,Likely to Exit,5.84,0.9733,2733.8,5,546.76,2.0541,194,24,0.2083,2010-01-27,2011-06-20,,Insufficient History,1,"Mid-Value, Unreliable, Recent",High Risk
15390,2,0,2,0.0,Likely to Exit,147.51,1.9157,1216.66,2,608.33,2.746,418,15,0.1333,2010-10-26,2010-11-08,,Insufficient History,2,"Mid-Value, Unreliable, Lapsed",High Risk
15391,1,0,1,0.0,Likely to Exit,84.86,6.5277,282.92,2,141.46,4.3589,592,20,0.1,2010-05-04,2010-05-18,,Insufficient History,2,"Mid-Value, Unreliable, Lapsed",High Risk
15392,6,1,5,16.67,Likely to Exit,373.99,2.5792,2891.82,8,361.48,1.4521,26,15,0.5333,2010-10-04,2011-12-05,2.665,Increasing,0,"High-Value, Reliable, Recent",High Risk
15393,5,0,5,0.0,Likely to Exit,147.58,3.3541,891.34,5,178.27,2.1657,38,25,0.2,2009-12-15,2011-11-23,,Insufficient History,1,"Mid-Value, Unreliable, Recent",High Risk
15394,11,3,8,27.27,Likely to Exit,826.01,3.607,5251.4,13,403.95,1.3408,31,25,0.52,2009-12-15,2011-11-30,0.789,Declining,0,"High-Value, Reliable, Recent",High Risk
15395,1,0,1,0.0,Likely to Exit,45.8,6.5429,107.45,1,107.45,3.3166,347,12,0.0833,2011-01-18,2011-01-18,,Insufficient History,2,"Mid-Value, Unreliable, Lapsed",High Risk
15396,2,0,2,0.0,Likely to Exit,57.09,3.5681,796.38,2,398.19,3.1246,134,20,0.1,2010-05-05,2011-08-19,0.0,Declining,1,"Mid-Value, Unreliable, Recent",High Risk
15397,1,0,1,0.0,Likely to Exit,29.6,4.9333,94.0,1,94.0,3.1623,311,11,0.0909,2011-02-23,2011-02-23,,Insufficient History,2,"Mid-Value, Unreliable, Lapsed",High Risk
15398,2,1,1,50.0,At Risk,199.67,2.6982,1339.63,3,446.54,1.0032,38,4,0.75,2011-09-22,2011-11-23,,Insufficient History,1,"Mid-Value, Unreliable, Recent",Medium Risk
15399,3,0,3,0.0,Likely to Exit,95.49,1.9098,815.77,3,271.92,0.5872,23,4,0.75,2011-09-21,2011-12-08,,Insufficient History,1,"Mid-Value, Unreliable, Recent",High Risk
15400,7,0,7,0.0,Likely to Exit,80.65,2.8804,1252.8,9,139.2,1.585,114,20,0.45,2010-05-28,2011-09-08,0.0,Declining,1,"Mid-Value, Unreliable, Recent",High Risk
15401,2,0,2,0.0,Likely to Exit,64.8,4.6286,216.95,2,108.47,3.107,474,20,0.1,2010-05-20,2010-09-13,,Insufficient History,2,"Mid-Value, Unreliable, Lapsed",High Risk
15402,6,2,4,33.33,Likely to Exit,448.18,3.3698,1816.64,7,259.52,1.8447,170,21,0.3333,2010-04-27,2011-07-14,0.0,Declining,1,"Mid-Value, Unreliable, Recent",Medium Risk
15403,2,0,2,0.0,Likely to Exit,3.32,0.415,170.88,2,85.44,3.4179,513,25,0.08,2009-12-09,2010-08-05,,Insufficient History,2,"Mid-Value, Unreliable, Lapsed",High Risk
15404,1,0,1,0.0,Likely to Exit,27.51,1.7194,257.06,1,257.06,3.6056,397,14,0.0714,2010-11-29,2010-11-29,,Insufficient History,2,"Mid-Value, Unreliable, Lapsed",High Risk
15405,2,1,1,50.0,At Risk,130.97,4.3657,659.84,2,329.92,3.0056,211,20,0.1,2010-05-12,2011-06-03,,Insufficient History,1,"Mid-Value, Unreliable, Recent",Medium Risk
15406,3,2,1,66.67,Likely to Stay,345.34,2.7192,891.77,6,148.63,2.197,40,16,0.375,2010-09-12,2011-11-21,,Insufficient History,1,"Mid-Value, Unreliable, Recent",Low Risk
15407,4,3,1,75.0,Likely to Stay,596.19,3.8967,1056.44,4,264.11,1.4773,55,11,0.3636,2011-02-07,2011-11-06,,Insufficient History,1,"Mid-Value, Unreliable, Recent",Low Risk
15408,1,1,0,100.0,Very Loyal,152.19,4.4762,267.18,1,267.18,3.0,286,10,0.1,2011-03-20,2011-03-20,,Insufficient History,2,"Mid-Value, Unreliable, Lapsed",Low Risk
15409,2,0,2,0.0,Likely to Exit,37.8,3.15,117.2,2,58.6,4.899,723,25,0.08,2009-12-18,2010-01-07,,Insufficient History,2,"Mid-Value, Unreliable, Lapsed",High Risk
15410,8,2,6,25.0,Likely to Exit,590.04,3.6422,4685.72,10,468.57,1.4264,106,21,0.4762,2010-04-19,2011-09-16,0.0,Declining,0,"High-Value, Reliable, Recent",High Risk
15411,5,2,3,40.0,At Risk,413.56,4.1356,1346.38,5,269.28,1.0975,48,7,0.7143,2011-06-10,2011-11-13,0.425,Declining,1,"Mid-Value, Unreliable, Recent",Medium Risk
15412,1,0,1,0.0,Likely to Exit,34.71,3.471,190.53,1,190.53,2.4495,193,7,0.1429,2011-06-21,2011-06-21,,Insufficient History,1,"Mid-Value, Unreliable, Recent",High Risk
15413,3,1,2,33.33,Likely to Exit,9416.82,348.7711,-2531.38,7,-361.63,3.5837,452,25,0.28,2009-12-01,2010-10-05,,Insufficient History,3,"Low-Value, Reliable, Lapsed",Medium Risk
15414,2,1,1,50.0,At Risk,125.25,3.2115,774.9,3,258.3,2.683,31,9,0.3333,2011-04-11,2011-11-30,,Insufficient History,1,"Mid-Value, Unreliable, Recent",Medium Risk
15415,1,0,1,0.0,Likely to Exit,83.79,1.7456,572.81,1,572.81,3.3166,335,12,0.0833,2011-01-30,2011-01-30,,Insufficient History,2,"Mid-Value, Unreliable, Lapsed",High Risk
15416,6,4,2,66.67,Likely to Stay,756.36,3.2885,4554.65,9,506.07,1.9463,86,23,0.3913,2010-02-01,2011-10-06,0.977,Stable,0,"High-Value, Reliable, Recent",Low Risk
15417,1,0,1,0.0,Likely to Exit,52.46,1.8736,508.8,1,508.8,1.7321,107,4,0.25,2011-09-15,2011-09-15,,Insufficient History,1,"Mid-Value, Unreliable, Recent",High Risk
15418,2,1,1,50.0,At Risk,147.43,2.1367,452.32,2,226.16,3.0126,447,20,0.1,2010-05-02,2010-10-10,,Insufficient History,2,"Mid-Value, Unreliable, Lapsed",Medium Risk
15419,1,0,1,0.0,Likely to Exit,10.49,1.3112,135.86,1,135.86,1.0,46,2,0.5,2011-11-15,2011-11-15,,Insufficient History,1,"Mid-Value, Unreliable, Recent",High Risk
15420,5,0,5,0.0,Likely to Exit,78.63,1.4041,743.0,6,123.83,2.1079,456,25,0.24,2009-12-05,2010-10-01,,Insufficient History,1,"Mid-Value, Unreliable, Recent",High Risk
15421,9,2,7,22.22,Likely to Exit,837.99,2.6519,3805.34,10,380.53,1.536,80,25,0.4,2009-12-07,2011-10-12,,Insufficient History,0,"High-Value, Reliable, Recent",High Risk
15422,5,1,4,20.0,Likely to Exit,438.73,3.6259,1615.02,8,201.88,2.0828,345,23,0.3478,2010-02-07,2011-01-20,,Insufficient History,1,"Mid-Value, Unreliable, Recent",High Risk
15423,4,0,4,0.0,Likely to Exit,108.18,6.3635,219.14,4,54.78,2.8936,60,22,0.1818,2010-03-28,2011-11-01,,Insufficient History,1,"Mid-Value, Unreliable, Recent",High Risk
15424,2,0,2,0.0,Likely to Exit,41.47,1.2567,597.78,3,199.26,2.7638,276,16,0.1875,2010-09-02,2011-03-30,,Insufficient History,1,"Mid-Value, Unreliable, Recent",High Risk
15425,4,2,2,50.0,At Risk,452.07,3.1394,1944.57,4,486.14,2.5595,422,23,0.1739,2010-02-14,2010-11-04,,Insufficient History,1,"Mid-Value, Unreliable, Recent",Medium Risk
15426,6,4,2,66.67,Likely to Stay,1403.13,2.584,2592.95,11,235.72,1.905,41,20,0.55,2010-05-02,2011-11-20,,Insufficient History,0,"High-Value, Reliable, Recent",Low Risk
15427,2,2,0,100.0,Very Loyal,648.43,2.1191,1483.14,3,494.38,0.9351,55,3,1.0,2011-10-23,2011-11-06,,Insufficient History,0,"High-Value, Reliable, Recent",Low Risk
15428,4,0,4,0.0,Likely to Exit,208.84,4.7464,762.75,4,190.69,2.4613,37,25,0.16,2009-12-17,2011-11-24,,Insufficient History,1,"Mid-Value, Unreliable, Recent",High Risk
15429,2,0,2,0.0,Likely to Exit,172.52,2.0786,364.9,3,121.63,1.0487,48,4,0.75,2011-09-25,2011-11-13,,Insufficient History,1,"Mid-Value, Unreliable, Recent",High Risk
15430,3,1,2,33.33,Likely to Exit,163.55,3.989,903.75,3,301.25,3.7261,489,19,0.1579,2010-06-29,2010-08-29,,Insufficient History,2,"Mid-Value, Unreliable, Lapsed",Medium Risk
15431,1,0,1,0.0,Likely to Exit,4.04,2.02,153.24,1,153.24,4.1231,524,18,0.0556,2010-07-25,2010-07-25,,Insufficient History,2,"Mid-Value, Unreliable, Lapsed",High Risk
15432,2,0,2,0.0,Likely to Exit,90.43,5.0239,301.26,4,75.31,2.9229,45,19,0.2105,2010-06-16,2011-11-16,,Insufficient History,1,"Mid-Value, Unreliable, Recent",High Risk
15433,3,0,3,0.0,Likely to Exit,66.29,1.2508,417.87,3,139.29,2.1886,101,10,0.3,2011-03-17,2011-09-21,-0.0,Declining,1,"Mid-Value, Unreliable, Recent",High Risk
15434,8,1,7,12.5,Likely to Exit,467.27,3.3617,2517.11,13,193.62,1.5636,30,24,0.5417,2010-01-24,2011-12-01,1.62,Increasing,0,"High-Value, Reliable, Recent",High Risk
15435,1,1,0,100.0,Very Loyal,108.32,3.7352,149.29,1,149.29,1.0,44,2,0.5,2011-11-17,2011-11-17,,Insufficient History,1,"Mid-Value, Unreliable, Recent",Low Risk
15436,3,3,0,100.0,Very Loyal,703.66,2.1388,1122.53,3,374.18,1.4773,34,9,0.3333,2011-04-19,2011-11-27,,Insufficient History,1,"Mid-Value, Unreliable, Recent",Low Risk
15437,2,1,1,50.0,At Risk,168.95,2.964,393.45,2,196.72,3.1628,284,22,0.0909,2010-03-09,2011-03-22,,Insufficient History,2,"Mid-Value, Unreliable, Lapsed",Medium Risk
15438,1,0,1,0.0,Likely to Exit,88.44,3.5376,156.58,1,156.58,2.2361,153,6,0.1667,2011-07-31,2011-07-31,0.0,Declining,1,"Mid-Value, Unreliable, Recent",High Risk
15439,2,0,2,0.0,Likely to Exit,155.65,2.7307,1269.05,4,317.26,3.2975,426,23,0.1739,2010-02-24,2010-10-31,,Insufficient History,2,"Mid-Value, Unreliable, Lapsed",High Risk
15440,3,0,3,0.0,Likely to Exit,145.0,2.3387,383.68,3,127.89,1.3034,76,8,0.375,2011-05-15,2011-10-16,1.305,Increasing,1,"Mid-Value, Unreliable, Recent",High Risk
15441,3,0,3,0.0,Likely to Exit,200.57,3.5188,1254.21,3,418.07,2.8394,418,25,0.12,2009-12-09,2010-11-08,,Insufficient History,2,"Mid-Value, Unreliable, Lapsed",High Risk
15442,1,0,1,0.0,Likely to Exit,9.9,4.95,594.0,1,594.0,2.8284,270,9,0.1111,2011-04-05,2011-04-05,,Insufficient History,1,"Mid-Value, Unreliable, Recent",High Risk
15443,11,9,2,81.82,Very Loyal,1907.2,2.9296,5116.14,16,319.76,1.275,23,22,0.7273,2010-03-07,2011-12-08,3.688,Increasing,0,"High-Value, Reliable, Recent",Low Risk
15444,2,2,0,100.0,Very Loyal,613.38,2.8008,1418.26,2,709.13,0.9487,31,3,0.6667,2011-10-30,2011-11-30,,Insufficient History,1,"Mid-Value, Unreliable, Recent",Low Risk
15445,2,0,2,0.0,Likely to Exit,68.95,4.925,284.5,2,142.25,3.151,286,21,0.0952,2010-04-28,2011-03-20,,Insufficient History,2,"Mid-Value, Unreliable, Lapsed",High Risk
15446,4,1,3,25.0,Likely to Exit,244.34,2.1064,398.85,5,79.77,2.7794,398,25,0.2,2009-12-13,2010-11-28,,Insufficient History,2,"Mid-Value, Unreliable, Lapsed",High Risk
15447,4,0,4,0.0,Likely to Exit,121.92,4.064,484.93,6,80.82,2.1671,352,22,0.2727,2010-03-24,2011-01-13,,Insufficient History,1,"Mid-Value, Unreliable, Recent",High Risk
15448,2,1,1,50.0,At Risk,150.76,3.0767,788.81,2,394.4,3.353,334,23,0.087,2010-02-03,2011-01-31,,Insufficient History,2,"Mid-Value, Unreliable, Lapsed",Medium Risk
15449,5,0,5,0.0,Likely to Exit,117.37,1.8931,971.22,5,194.24,1.5309,48,10,0.5,2011-03-23,2011-11-13,-198.073,Declining,1,"Mid-Value, Unreliable, Recent",High Risk
15450,1,0,1,0.0,Likely to Exit,65.18,2.1727,429.84,1,429.84,1.0,52,2,0.5,2011-11-09,2011-11-09,,Insufficient History,1,"Mid-Value, Unreliable, Recent",High Risk
15451,2,0,2,0.0,Likely to Exit,190.71,3.0271,233.21,2,116.6,3.0872,456,21,0.0952,2010-04-19,2010-10-01,,Insufficient History,2,"Mid-Value, Unreliable, Lapsed",High Risk
15452,6,2,4,33.33,Likely to Exit,496.42,2.4575,1799.11,6,299.85,2.0631,51,18,0.3333,2010-07-16,2011-11-10,0.755,Declining,1,"Mid-Value, Unreliable, Recent",Medium Risk
15453,6,3,3,50.0,At Risk,727.96,2.5453,1388.37,7,198.34,0.579,23,7,1.0,2011-06-05,2011-12-08,1.837,Increasing,0,"High-Value, Reliable, Recent",Medium Risk
15454,2,0,2,0.0,Likely to Exit,118.21,2.8832,307.69,2,153.84,3.2088,384,22,0.0909,2010-03-31,2010-12-12,,Insufficient History,2,"Mid-Value, Unreliable, Lapsed",High Risk
15455,1,0,1,0.0,Likely to Exit,25.5,12.75,38.25,1,38.25,4.4721,619,21,0.0476,2010-04-21,2010-04-21,,Insufficient History,2,"Mid-Value, Unreliable, Lapsed",High Risk
15456,8,1,7,12.5,Likely to Exit,460.4,2.0017,2119.27,10,211.93,1.5884,305,25,0.4,2009-12-08,2011-03-01,,Insufficient History,0,"High-Value, Reliable, Recent",High Risk
15457,1,1,0,100.0,Very Loyal,109.19,1.8826,237.07,1,237.07,3.0,284,10,0.1,2011-03-22,2011-03-22,,Insufficient History,2,"Mid-Value, Unreliable, Lapsed",Low Risk
15458,2,0,2,0.0,Likely to Exit,17.27,1.3285,370.44,2,185.22,2.4725,47,14,0.1429,2010-11-02,2011-11-14,,Insufficient History,1,"Mid-Value, Unreliable, Recent",High Risk
15459,2,0,2,0.0,Likely to Exit,23.82,3.4029,202.83,2,101.42,2.8304,439,18,0.1111,2010-07-30,2010-10-18,,Insufficient History,2,"Mid-Value, Unreliable, Lapsed",High Risk
15460,1,1,0,100.0,Very Loyal,164.04,2.8283,216.76,1,216.76,3.4641,376,13,0.0769,2010-12-20,2010-12-20,,Insufficient History,2,"Mid-Value, Unreliable, Lapsed",Low Risk
15461,3,0,3,0.0,Likely to Exit,29.44,5.888,391.3,3,130.43,3.3921,482,25,0.12,2009-12-01,2010-09-05,,Insufficient History,2,"Mid-Value, Unreliable, Lapsed",High Risk
15462,4,0,4,0.0,Likely to Exit,91.85,2.2402,737.05,4,184.26,2.6472,116,16,0.25,2010-09-20,2011-09-06,0.0,Declining,1,"Mid-Value, Unreliable, Recent",High Risk
15463,1,0,1,0.0,Likely to Exit,12.99,1.8557,126.14,1,126.14,1.0,51,2,0.5,2011-11-10,2011-11-10,,Insufficient History,1,"Mid-Value, Unreliable, Recent",High Risk
15464,1,1,0,100.0,Very Loyal,661.11,4.2109,1048.85,1,1048.85,3.3166,360,12,0.0833,2011-01-05,2011-01-05,,Insufficient History,2,"Mid-Value, Unreliable, Lapsed",Low Risk
15465,18,6,12,33.33,Likely to Exit,1476.36,5.4478,12226.15,39,313.49,0.9645,41,25,1.56,2009-12-10,2011-11-20,0.956,Stable,0,"High-Value, Reliable, Recent",Medium Risk
15466,4,4,0,100.0,Very Loyal,593.95,2.2413,1571.01,4,392.75,2.6648,107,25,0.16,2009-12-03,2011-09-15,0.0,Declining,1,"Mid-Value, Unreliable, Recent",Low Risk
15467,2,0,2,0.0,Likely to Exit,120.68,2.277,511.88,4,127.97,1.6897,31,6,0.6667,2011-07-10,2011-11-30,0.272,Declining,1,"Mid-Value, Unreliable, Recent",High Risk
15468,4,2,2,50.0,At Risk,296.65,3.371,1387.48,7,198.21,2.6153,57,14,0.5,2010-11-12,2011-11-04,,Insufficient History,1,"Mid-Value, Unreliable, Recent",Medium Risk
15469,4,0,4,0.0,Likely to Exit,261.65,5.567,834.4,6,139.07,2.1086,65,16,0.375,2010-09-27,2011-10-27,0.738,Declining,1,"Mid-Value, Unreliable, Recent",High Risk
15470,1,0,1,0.0,Likely to Exit,1.26,0.315,63.42,1,63.42,4.3589,597,20,0.05,2010-05-13,2010-05-13,,Insufficient History,2,"Mid-Value, Unreliable, Lapsed",High Risk
15471,3,2,1,66.67,Likely to Stay,350.07,2.1609,1316.56,3,438.85,2.4229,24,19,0.1579,2010-06-07,2011-12-07,,Insufficient History,1,"Mid-Value, Unreliable, Recent",Low Risk
15472,1,1,0,100.0,Very Loyal,173.98,2.2892,371.56,1,371.56,2.0,135,5,0.2,2011-08-18,2011-08-18,,Insufficient History,1,"Mid-Value, Unreliable, Recent",Low Risk
15473,3,0,3,0.0,Likely to Exit,44.95,2.6441,1740.0,11,158.18,2.3471,36,16,0.6875,2010-09-21,2011-11-25,,Insufficient History,1,"Mid-Value, Unreliable, Recent",High Risk
15474,1,0,1,0.0,Likely to Exit,87.62,4.381,163.1,1,163.1,4.4721,617,21,0.0476,2010-04-23,2010-04-23,,Insufficient History,2,"Mid-Value, Unreliable, Lapsed",High Risk
15475,1,0,1,0.0,Likely to Exit,52.98,1.8269,454.11,1,454.11,1.7321,99,4,0.25,2011-09-23,2011-09-23,,Insufficient History,1,"Mid-Value, Unreliable, Recent",High Risk
15476,2,2,0,100.0,Very Loyal,229.8,2.8725,2180.28,5,436.06,2.733,402,16,0.3125,2010-09-23,2010-11-24,,Insufficient History,0,"High-Value, Reliable, Recent",Low Risk
15477,1,0,1,0.0,Likely to Exit,3.2,1.6,368.4,1,368.4,4.6904,671,23,0.0435,2010-02-28,2010-02-28,,Insufficient History,2,"Mid-Value, Unreliable, Lapsed",High Risk
15478,2,1,1,50.0,At Risk,233.08,3.2828,2024.98,3,674.99,3.2855,62,20,0.15,2010-05-13,2011-10-30,,Insufficient History,1,"Mid-Value, Unreliable, Recent",Medium Risk
15479,1,0,1,0.0,Likely to Exit,45.4,5.0444,147.4,1,147.4,4.899,755,25,0.04,2009-12-06,2009-12-06,,Insufficient History,2,"Mid-Value, Unreliable, Lapsed",High Risk
15480,3,3,0,100.0,Very Loyal,6101.45,28.1173,3592.25,7,513.18,3.0312,138,23,0.3043,2010-02-01,2011-08-15,0.0,Declining,0,"High-Value, Reliable, Recent",Low Risk
15481,1,0,1,0.0,Likely to Exit,65.76,1.7305,1993.34,1,1993.34,3.6056,423,14,0.0714,2010-11-03,2010-11-03,,Insufficient History,2,"Mid-Value, Unreliable, Lapsed",High Risk
15482,10,1,9,10.0,Likely to Exit,2655.52,14.8353,8107.83,24,337.83,2.7403,37,25,0.96,2009-12-02,2011-11-24,,Insufficient History,0,"High-Value, Reliable, Recent",High Risk
15483,6,0,6,0.0,Likely to Exit,454.17,1.5661,862.2,10,86.22,1.772,183,24,0.4167,2010-01-24,2011-07-01,0.0,Declining,1,"Mid-Value, Unreliable, Recent",High Risk
15484,6,1,5,16.67,Likely to Exit,523.94,2.165,4624.8,7,660.69,2.1005,23,25,0.28,2009-12-05,2011-12-08,1.177,Increasing,0,"High-Value, Reliable, Recent",High Risk
15485,7,3,4,42.86,At Risk,624.69,3.786,5624.51,8,703.06,2.1275,52,25,0.32,2009-12-01,2011-11-09,,Insufficient History,0,"High-Value, Reliable, Recent",Medium Risk
15486,1,0,1,0.0,Likely to Exit,2.55,2.55,102.0,1,102.0,4.2426,549,19,0.0526,2010-06-30,2010-06-30,,Insufficient History,2,"Mid-Value, Unreliable, Lapsed",High Risk
15487,1,0,1,0.0,Likely to Exit,34.47,2.4621,231.32,1,231.32,4.7958,701,24,0.0417,2010-01-29,2010-01-29,,Insufficient History,2,"Mid-Value, Unreliable, Lapsed",High Risk
15488,4,0,4,0.0,Likely to Exit,35.44,3.2218,431.92,5,86.38,2.2269,114,20,0.25,2010-05-05,2011-09-08,0.0,Declining,1,"Mid-Value, Unreliable, Recent",High Risk
15489,10,0,10,0.0,Likely to Exit,404.57,3.2892,2327.36,12,193.95,1.5035,44,24,0.5,2010-01-15,2011-11-17,,Insufficient History,0,"High-Value, Reliable, Recent",High Risk
15490,1,0,1,0.0,Likely to Exit,91.1,3.1414,188.1,2,94.05,3.7417,452,15,0.1333,2010-10-05,2010-10-05,,Insufficient History,2,"Mid-Value, Unreliable, Lapsed",High Risk
15491,5,2,3,40.0,At Risk,600.31,3.873,3090.85,7,441.55,1.0568,117,9,0.7778,2011-04-18,2011-09-05,0.0,Declining,0,"High-Value, Reliable, Recent",Medium Risk
15492,2,0,2,0.0,Likely to Exit,88.86,2.5389,659.46,2,329.73,1.208,50,4,0.5,2011-09-26,2011-11-11,,Insufficient History,1,"Mid-Value, Unreliable, Recent",High Risk
15493,8,8,0,100.0,Very Loyal,2816.94,4.3205,4280.43,11,389.13,1.555,54,23,0.4783,2010-02-23,2011-11-07,1.976,Increasing,0,"High-Value, Reliable, Recent",Low Risk
15494,5,4,1,80.0,Very Loyal,842.83,2.218,3770.95,6,628.49,2.5384,43,25,0.24,2009-12-10,2011-11-18,0.152,Declining,0,"High-Value, Reliable, Recent",Low Risk
15495,1,0,1,0.0,Likely to Exit,39.35,1.9675,246.5,1,246.5,3.6056,401,14,0.0714,2010-11-25,2010-11-25,,Insufficient History,2,"Mid-Value, Unreliable, Lapsed",High Risk
15496,1,0,1,0.0,Likely to Exit,58.09,2.6405,146.14,1,146.14,4.5826,653,22,0.0455,2010-03-18,2010-03-18,,Insufficient History,2,"Mid-Value, Unreliable, Lapsed",High Risk
15497,9,1,8,11.11,Likely to Exit,459.11,3.7326,8643.46,11,785.77,1.829,39,25,0.44,2009-12-18,2011-11-22,,Insufficient History,0,"High-Value, Reliable, Recent",High Risk
15498,20,14,6,70.0,Likely to Stay,5057.11,5.1185,23860.81,55,433.83,0.8499,22,25,2.2,2009-12-16,2011-12-09,1.439,Increasing,0,"High-Value, Reliable, Recent",Low Risk
15499,1,1,0,100.0,Very Loyal,120.4,2.8667,161.6,1,161.6,4.899,745,25,0.04,2009-12-16,2009-12-16,,Insufficient History,2,"Mid-Value, Unreliable, Lapsed",Low Risk
15500,3,2,1,66.67,Likely to Stay,310.17,4.5613,1131.56,4,282.89,0.6288,30,4,1.0,2011-09-19,2011-12-01,,Insufficient History,1,"Mid-Value, Unreliable, Recent",Low Risk
15501,1,1,0,100.0,Very Loyal,222.94,3.1849,402.5,2,201.25,3.7417,426,15,0.1333,2010-10-20,2010-10-31,,Insufficient History,2,"Mid-Value, Unreliable, Lapsed",Low Risk
15502,10,7,3,70.0,Likely to Stay,8570.14,20.5027,8673.53,27,321.24,1.5067,37,19,1.4211,2010-06-03,2011-11-24,5.964,Increasing,0,"High-Value, Reliable, Recent",Low Risk
15503,2,2,0,100.0,Very Loyal,251.33,2.0433,267.15,2,133.58,3.41,384,25,0.08,2009-12-13,2010-12-12,,Insufficient History,2,"Mid-Value, Unreliable, Lapsed",Low Risk
15504,5,0,5,0.0,Likely to Exit,235.03,3.3576,413.9,5,82.78,2.4451,103,23,0.2174,2010-02-12,2011-09-19,0.0,Declining,1,"Mid-Value, Unreliable, Recent",High Risk
15505,4,0,4,0.0,Likely to Exit,233.09,2.3544,3497.14,7,499.59,0.7486,74,6,1.1667,2011-07-07,2011-10-18,0.288,Declining,0,"High-Value, Reliable, Recent",High Risk
15506,6,3,3,50.0,At Risk,522.71,1.8803,2040.03,6,340.0,1.4615,44,17,0.3529,2010-08-19,2011-11-17,3.678,Increasing,0,"High-Value, Reliable, Recent",Medium Risk
15507,1,1,0,100.0,Very Loyal,186.45,4.0533,492.36,1,492.36,2.4495,193,7,0.1429,2011-06-21,2011-06-21,,Insufficient History,1,"Mid-Value, Unreliable, Recent",Low Risk
15508,3,2,1,66.67,Likely to Stay,312.12,3.3926,1000.27,6,166.71,1.6635,211,9,0.6667,2011-04-18,2011-06-03,,Insufficient History,1,"Mid-Value, Unreliable, Recent",Low Risk
15509,1,1,0,100.0,Very Loyal,115.94,3.9979,166.51,1,166.51,3.6056,402,14,0.0714,2010-11-24,2010-11-24,,Insufficient History,2,"Mid-Value, Unreliable, Lapsed",Low Risk
15510,1,1,0,100.0,Very Loyal,125.0,125.0,250.0,1,250.0,3.3166,352,12,0.0833,2011-01-13,2011-01-13,,Insufficient History,2,"Mid-Value, Unreliable, Lapsed",Low Risk
15511,3,3,0,100.0,Very Loyal,638.94,3.9934,909.23,5,181.85,0.6503,33,4,1.25,2011-09-15,2011-11-28,,Insufficient History,0,"High-Value, Reliable, Recent",Low Risk
15512,4,0,4,0.0,Likely to Exit,93.66,2.9269,331.58,4,82.9,2.7751,177,23,0.1739,2010-02-01,2011-07-07,0.0,Declining,1,"Mid-Value, Unreliable, Recent",High Risk
15513,20,9,11,45.0,At Risk,2866.88,4.9859,27264.45,41,664.99,0.7586,53,24,1.7083,2010-01-13,2011-11-08,0.783,Declining,0,"High-Value, Reliable, Recent",Medium Risk
15514,9,3,6,33.33,Likely to Exit,844.12,2.2214,5422.28,20,271.11,2.0017,34,25,0.8,2009-12-04,2011-11-27,,Insufficient History,0,"High-Value, Reliable, Recent",Medium Risk
15515,1,0,1,0.0,Likely to Exit,20.12,2.8743,171.81,1,171.81,3.6056,409,14,0.0714,2010-11-17,2010-11-17,,Insufficient History,2,"Mid-Value, Unreliable, Lapsed",High Risk
15516,1,0,1,0.0,Likely to Exit,41.68,2.7787,62.43,3,20.81,1.4142,66,3,1.0,2011-10-24,2011-10-26,,Insufficient History,1,"Mid-Value, Unreliable, Recent",High Risk
15517,1,0,1,0.0,Likely to Exit,48.81,1.8078,267.03,1,267.03,2.8284,255,9,0.1111,2011-04-20,2011-04-20,,Insufficient History,1,"Mid-Value, Unreliable, Recent",High Risk
15518,12,3,9,25.0,Likely to Exit,1208.37,2.6042,4103.78,23,178.43,1.2999,86,25,0.92,2009-12-20,2011-10-06,0.511,Declining,0,"High-Value, Reliable, Recent",High Risk
15519,2,0,2,0.0,Likely to Exit,109.19,2.9511,344.61,2,172.31,2.6779,405,16,0.125,2010-09-19,2010-11-21,,Insufficient History,2,"Mid-Value, Unreliable, Lapsed",High Risk
15520,1,0,1,0.0,Likely to Exit,31.04,1.7244,343.5,1,343.5,0.0,23,1,1.0,2011-12-08,2011-12-08,,Insufficient History,1,"Mid-Value, Unreliable, Recent",High Risk
15521,14,5,9,35.71,Likely to Exit,1523.51,3.6017,6674.44,24,278.1,1.0886,58,24,1.0,2010-01-05,2011-11-03,1.297,Increasing,0,"High-Value, Reliable, Recent",Medium Risk
15522,2,0,2,0.0,Likely to Exit,54.14,0.9498,398.84,2,199.42,1.0881,54,4,0.5,2011-09-13,2011-11-07,,Insufficient History,1,"Mid-Value, Unreliable, Recent",High Risk
15523,11,2,9,18.18,Likely to Exit,584.11,2.6311,17220.04,18,956.67,2.0439,106,25,0.72,2009-12-02,2011-09-16,0.0,Declining,0,"High-Value, Reliable, Recent",High Risk
15524,2,1,1,50.0,At Risk,192.2,21.3556,591.4,2,295.7,3.4642,46,21,0.0952,2010-04-12,2011-11-15,,Insufficient History,1,"Mid-Value, Unreliable, Recent",Medium Risk
15525,4,2,2,50.0,At Risk,717.07,2.7474,1280.8,5,256.16,1.908,24,14,0.3571,2010-11-22,2011-12-07,,Insufficient History,1,"Mid-Value, Unreliable, Recent",Medium Risk
15526,1,0,1,0.0,Likely to Exit,21.98,5.495,148.44,2,74.22,1.0,55,2,1.0,2011-11-06,2011-11-06,,Insufficient History,1,"Mid-Value, Unreliable, Recent",High Risk
15527,16,4,12,25.0,Likely to Exit,1365.8,3.8473,5041.78,31,162.64,0.9963,40,25,1.24,2009-12-15,2011-11-21,1.705,Increasing,0,"High-Value, Reliable, Recent",High Risk
15528,1,0,1,0.0,Likely to Exit,67.8,2.6077,229.33,1,229.33,3.0,276,10,0.1,2011-03-30,2011-03-30,,Insufficient History,2,"Mid-Value, Unreliable, Lapsed",High Risk
15529,10,8,2,80.0,Very Loyal,1419.95,1.7487,5084.5,13,391.12,0.8065,44,14,0.9286,2010-11-10,2011-11-17,0.585,Declining,0,"High-Value, Reliable, Recent",Low Risk
15530,5,1,4,20.0,Likely to Exit,373.27,2.6103,1813.72,5,362.74,1.7422,43,18,0.2778,2010-07-15,2011-11-18,1.876,Increasing,1,"Mid-Value, Unreliable, Recent",High Risk
15531,2,2,0,100.0,Very Loyal,692.66,3.038,2007.44,2,1003.72,0.5167,30,2,1.0,2011-11-09,2011-12-01,,Insufficient History,0,"High-Value, Reliable, Recent",Low Risk
15532,8,8,0,100.0,Very Loyal,2363.25,3.7275,3708.05,12,309.0,1.3116,47,19,0.6316,2010-06-08,2011-11-14,1.11,Increasing,0,"High-Value, Reliable, Recent",Low Risk
15533,2,2,0,100.0,Very Loyal,340.53,3.9597,746.92,5,149.38,1.1312,41,4,1.25,2011-09-11,2011-11-20,,Insufficient History,1,"Mid-Value, Unreliable, Recent",Low Risk
15534,1,0,1,0.0,Likely to Exit,29.9,3.7375,162.25,1,162.25,4.899,747,25,0.04,2009-12-14,2009-12-14,,Insufficient History,2,"Mid-Value, Unreliable, Lapsed",High Risk
15535,7,3,4,42.86,At Risk,668.43,4.8088,985.82,10,98.58,1.6385,195,16,0.625,2010-09-16,2011-06-19,,Insufficient History,1,"Mid-Value, Unreliable, Recent",Medium Risk
15536,1,0,1,0.0,Likely to Exit,23.79,1.4869,259.09,1,259.09,3.7417,431,15,0.0667,2010-10-26,2010-10-26,,Insufficient History,2,"Mid-Value, Unreliable, Lapsed",High Risk
15537,1,0,1,0.0,Likely to Exit,92.69,3.8621,110.92,1,110.92,2.4495,185,7,0.1429,2011-06-29,2011-06-29,,Insufficient History,1,"Mid-Value, Unreliable, Recent",High Risk
15538,4,1,3,25.0,Likely to Exit,422.1,12.7909,3027.15,11,275.2,2.5783,559,23,0.4783,2010-02-14,2010-06-20,,Insufficient History,2,"Mid-Value, Unreliable, Lapsed",High Risk
15539,1,0,1,0.0,Likely to Exit,55.09,1.3437,538.46,1,538.46,0.0,29,1,1.0,2011-12-02,2011-12-02,,Insufficient History,1,"Mid-Value, Unreliable, Recent",High Risk
15540,2,0,2,0.0,Likely to Exit,48.15,1.5532,460.68,2,230.34,2.4573,33,14,0.1429,2010-11-29,2011-11-28,,Insufficient History,1,"Mid-Value, Unreliable, Recent",High Risk
15541,1,0,1,0.0,Likely to Exit,60.73,2.0941,85.13,1,85.13,2.0,136,5,0.2,2011-08-17,2011-08-17,,Insufficient History,1,"Mid-Value, Unreliable, Recent",High Risk
15542,2,2,0,100.0,Very Loyal,665.08,2.6184,895.9,4,223.97,3.4487,534,25,0.16,2009-12-02,2010-07-15,,Insufficient History,2,"Mid-Value, Unreliable, Lapsed",Low Risk
15543,2,0,2,0.0,Likely to Exit,122.43,2.1109,242.84,2,121.42,2.65,310,16,0.125,2010-09-06,2011-02-24,,Insufficient History,2,"Mid-Value, Unreliable, Lapsed",High Risk
15544,15,2,13,13.33,Likely to Exit,890.94,1.5825,8134.12,26,312.85,0.9615,30,24,1.0833,2010-01-28,2011-12-01,1.113,Increasing,0,"High-Value, Reliable, Recent",High Risk
15545,2,2,0,100.0,Very Loyal,310.52,2.7725,428.05,2,214.02,2.4403,76,13,0.1538,2010-12-03,2011-10-16,,Insufficient History,1,"Mid-Value, Unreliable, Recent",Low Risk
15546,1,0,1,0.0,Likely to Exit,98.1,5.45,539.55,3,179.85,4.4721,628,21,0.1429,2010-04-12,2010-04-12,,Insufficient History,2,"Mid-Value, Unreliable, Lapsed",High Risk
15547,18,15,3,83.33,Very Loyal,3689.08,2.7126,10140.89,28,362.17,0.7715,29,25,1.12,2009-12-06,2011-12-02,0.924,Stable,0,"High-Value, Reliable, Recent",Low Risk
15548,1,0,1,0.0,Likely to Exit,74.64,3.2452,158.09,1,158.09,4.4721,617,21,0.0476,2010-04-23,2010-04-23,,Insufficient History,2,"Mid-Value, Unreliable, Lapsed",High Risk
15549,7,2,5,28.57,Likely to Exit,565.75,3.4709,2308.46,9,256.5,2.3738,99,24,0.375,2010-01-11,2011-09-23,0.0,Declining,0,"High-Value, Reliable, Recent",High Risk
15550,10,1,9,10.0,Likely to Exit,701.87,2.8884,1995.6,14,142.54,1.916,26,25,0.56,2009-12-03,2011-12-05,0.923,Stable,0,"High-Value, Reliable, Recent",High Risk
15551,5,3,2,60.0,Likely to Stay,480.44,3.1401,1659.28,9,184.36,1.9065,58,19,0.4737,2010-06-07,2011-11-03,,Insufficient History,0,"High-Value, Reliable, Recent",Low Risk
15552,2,0,2,0.0,Likely to Exit,66.43,2.2143,252.52,2,126.26,3.3017,239,22,0.0909,2010-03-26,2011-05-06,,Insufficient History,2,"Mid-Value, Unreliable, Lapsed",High Risk
15553,1,1,0,100.0,Very Loyal,134.98,2.4104,437.23,1,437.23,1.4142,82,3,0.3333,2011-10-10,2011-10-10,,Insufficient History,1,"Mid-Value, Unreliable, Recent",Low Risk
15554,1,0,1,0.0,Likely to Exit,67.35,4.8107,217.2,1,217.2,3.0,299,10,0.1,2011-03-07,2011-03-07,,Insufficient History,2,"Mid-Value, Unreliable, Lapsed",High Risk
15555,19,11,8,57.89,At Risk,3481.73,2.0102,11744.08,46,255.31,0.9351,34,25,1.84,2009-12-06,2011-11-27,1.562,Increasing,0,"High-Value, Reliable, Recent",Medium Risk
15556,1,0,1,0.0,Likely to Exit,55.49,1.79,279.77,1,279.77,1.0,46,2,0.5,2011-11-15,2011-11-15,,Insufficient History,1,"Mid-Value, Unreliable, Recent",High Risk
15557,1,0,1,0.0,Likely to Exit,71.19,3.5595,473.65,1,473.65,1.0,50,2,0.5,2011-11-11,2011-11-11,,Insufficient History,1,"Mid-Value, Unreliable, Recent",High Risk
15558,1,1,0,100.0,Very Loyal,110.06,4.2331,143.33,2,71.67,4.5826,661,22,0.0909,2010-03-10,2010-03-10,,Insufficient History,2,"Mid-Value, Unreliable, Lapsed",Low Risk
15559,1,1,0,100.0,Very Loyal,230.6,3.7194,1109.4,1,1109.4,4.3589,590,20,0.05,2010-05-20,2010-05-20,,Insufficient History,2,"Mid-Value, Unreliable, Lapsed",Low Risk
15560,1,0,1,0.0,Likely to Exit,26.44,2.644,153.52,2,76.76,3.6056,419,14,0.1429,2010-11-07,2010-11-07,,Insufficient History,2,"Mid-Value, Unreliable, Lapsed",High Risk
15561,8,0,8,0.0,Likely to Exit,313.78,3.2685,1856.54,9,206.28,1.6696,33,23,0.3913,2010-02-14,2011-11-28,3.308,Increasing,1,"Mid-Value, Unreliable, Recent",High Risk
15562,3,0,3,0.0,Likely to Exit,74.03,2.1774,673.38,3,224.46,2.9861,373,25,0.12,2009-12-13,2010-12-23,,Insufficient History,2,"Mid-Value, Unreliable, Lapsed",High Risk
15563,7,2,5,28.57,Likely to Exit,503.02,1.9054,2781.21,11,252.84,1.8015,30,24,0.4583,2010-01-28,2011-12-01,,Insufficient History,0,"High-Value, Reliable, Recent",High Risk
15564,2,0,2,0.0,Likely to Exit,8.87,2.2175,70.74,2,35.37,3.2405,485,23,0.087,2010-02-01,2010-09-02,,Insufficient History,2,"Mid-Value, Unreliable, Lapsed",High Risk
15565,2,0,2,0.0,Likely to Exit,36.53,4.5663,173.16,2,86.58,1.0007,72,4,0.5,2011-09-30,2011-10-20,,Insufficient History,1,"Mid-Value, Unreliable, Recent",High Risk
15566,2,0,2,0.0,Likely to Exit,25.73,2.1442,227.87,2,113.94,3.4739,414,25,0.08,2009-12-15,2010-11-12,,Insufficient History,2,"Mid-Value, Unreliable, Lapsed",High Risk
15567,1,0,1,0.0,Likely to Exit,22.65,3.2357,186.01,1,186.01,1.0,40,2,0.5,2011-11-21,2011-11-21,,Insufficient History,1,"Mid-Value, Unreliable, Recent",High Risk
15568,3,0,3,0.0,Likely to Exit,135.49,2.5564,758.29,3,252.76,0.6397,24,4,0.75,2011-09-27,2011-12-07,,Insufficient History,1,"Mid-Value, Unreliable, Recent",High Risk
15569,8,1,7,12.5,Likely to Exit,342.45,2.4116,3586.35,10,358.63,1.5047,125,23,0.4348,2010-02-28,2011-08-28,0.0,Declining,0,"High-Value, Reliable, Recent",High Risk
15570,15,10,5,66.67,Likely to Stay,2996.2,3.7736,9246.99,27,342.48,1.0579,29,22,1.2273,2010-03-28,2011-12-02,4.444,Increasing,0,"High-Value, Reliable, Recent",Low Risk
15571,8,4,4,50.0,At Risk,1614.99,2.5433,4051.63,14,289.4,2.3327,33,25,0.56,2009-12-06,2011-11-28,2.214,Increasing,0,"High-Value, Reliable, Recent",Medium Risk
15572,8,7,1,87.5,Very Loyal,1262.83,3.5473,4068.67,10,406.87,1.3976,26,21,0.4762,2010-04-14,2011-12-05,1.469,Increasing,0,"High-Value, Reliable, Recent",Low Risk
15573,5,4,1,80.0,Very Loyal,613.63,2.7892,1207.18,5,241.44,2.2076,53,25,0.2,2009-12-10,2011-11-08,0.479,Declining,1,"Mid-Value, Unreliable, Recent",Low Risk
15574,4,2,2,50.0,At Risk,859.97,2.2994,1476.7,7,210.96,2.509,199,16,0.4375,2010-09-01,2011-06-15,,Insufficient History,1,"Mid-Value, Unreliable, Recent",Medium Risk
15575,1,0,1,0.0,Likely to Exit,15.55,5.1833,30.1,1,30.1,4.5826,641,22,0.0455,2010-03-30,2010-03-30,,Insufficient History,2,"Mid-Value, Unreliable, Lapsed",High Risk
15576,1,1,0,100.0,Very Loyal,161.15,3.5811,940.67,1,940.67,1.0,59,2,0.5,2011-11-02,2011-11-02,,Insufficient History,1,"Mid-Value, Unreliable, Recent",Low Risk
15577,3,0,3,0.0,Likely to Exit,204.31,3.4052,397.98,5,79.6,3.2383,173,25,0.2,2009-12-13,2011-07-11,0.0,Declining,1,"Mid-Value, Unreliable, Recent",High Risk
15578,1,0,1,0.0,Likely to Exit,31.05,2.3885,127.1,1,127.1,2.4495,184,7,0.1429,2011-06-30,2011-06-30,,Insufficient History,1,"Mid-Value, Unreliable, Recent",High Risk
15579,4,3,1,75.0,Likely to Stay,590.57,3.3747,1267.25,7,181.04,2.2789,90,15,0.4667,2010-10-03,2011-10-02,,Insufficient History,0,"High-Value, Reliable, Recent",Low Risk
15580,7,2,5,28.57,Likely to Exit,646.56,2.506,1221.95,14,87.28,2.0563,398,23,0.6087,2010-02-07,2010-11-28,,Insufficient History,1,"Mid-Value, Unreliable, Recent",High Risk
15581,15,6,9,40.0,At Risk,6710.49,8.818,5797.78,43,134.83,2.1011,142,25,1.72,2009-12-02,2011-08-11,0.0,Declining,0,"High-Value, Reliable, Recent",Medium Risk
15582,3,0,3,0.0,Likely to Exit,105.47,2.397,682.91,3,227.64,1.3766,46,8,0.375,2011-05-03,2011-11-15,0.594,Declining,1,"Mid-Value, Unreliable, Recent",High Risk
15583,1,0,1,0.0,Likely to Exit,85.16,1.8513,107.86,1,107.86,3.6056,398,14,0.0714,2010-11-28,2010-11-28,,Insufficient History,2,"Mid-Value, Unreliable, Lapsed",High Risk
15584,6,4,2,66.67,Likely to Stay,714.16,3.16,1275.0,7,182.14,1.8451,45,23,0.3043,2010-02-07,2011-11-16,3.115,Increasing,0,"High-Value, Reliable, Recent",Low Risk
15585,1,0,1,0.0,Likely to Exit,70.19,2.2642,455.3,1,455.3,2.4495,198,7,0.1429,2011-06-16,2011-06-16,,Insufficient History,1,"Mid-Value, Unreliable, Recent",High Risk
15586,3,0,3,0.0,Likely to Exit,60.33,1.5469,1128.66,4,282.16,3.0956,613,24,0.1667,2010-01-08,2010-04-27,,Insufficient History,2,"Mid-Value, Unreliable, Lapsed",High Risk
15587,7,0,7,0.0,Likely to Exit,40.62,2.9014,1522.08,7,217.44,1.4229,72,17,0.4118,2010-08-05,2011-10-20,0.245,Declining,1,"Mid-Value, Unreliable, Recent",High Risk
15588,1,0,1,0.0,Likely to Exit,24.15,6.0375,579.6,1,579.6,4.7958,699,24,0.0417,2010-01-31,2010-01-31,,Insufficient History,2,"Mid-Value, Unreliable, Lapsed",High Risk
15589,3,0,3,0.0,Likely to Exit,128.94,4.298,456.58,4,114.14,2.1871,274,11,0.3636,2011-02-02,2011-04-01,,Insufficient History,1,"Mid-Value, Unreliable, Recent",High Risk
15590,5,0,5,0.0,Likely to Exit,250.15,2.8426,1466.41,6,244.4,2.3062,311,21,0.2857,2010-04-12,2011-02-23,,Insufficient History,1,"Mid-Value, Unreliable, Recent",High Risk
15591,3,0,3,0.0,Likely to Exit,31.95,4.5643,217.9,3,72.63,2.8446,604,23,0.1304,2010-02-04,2010-05-06,,Insufficient History,2,"Mid-Value, Unreliable, Lapsed",High Risk
15592,1,0,1,0.0,Likely to Exit,37.55,1.5646,388.58,1,388.58,1.4142,68,3,0.3333,2011-10-24,2011-10-24,,Insufficient History,1,"Mid-Value, Unreliable, Recent",High Risk
15593,1,0,1,0.0,Likely to Exit,16.65,3.33,199.8,1,199.8,1.7321,92,4,0.25,2011-09-30,2011-09-30,,Insufficient History,1,"Mid-Value, Unreliable, Recent",High Risk
15594,3,1,2,33.33,Likely to Exit,329.62,3.1694,1767.53,6,294.59,1.9507,37,9,0.6667,2011-04-19,2011-11-24,0.214,Declining,1,"Mid-Value, Unreliable, Recent",Medium Risk
15595,1,0,1,0.0,Likely to Exit,8.8,2.2,357.6,1,357.6,4.0,509,17,0.0588,2010-08-09,2010-08-09,,Insufficient History,2,"Mid-Value, Unreliable, Lapsed",High Risk
15596,9,4,5,44.44,At Risk,776.05,4.15,3023.59,16,188.97,1.3886,122,18,0.8889,2010-07-28,2011-08-31,0.0,Declining,0,"High-Value, Reliable, Recent",Medium Risk
15597,2,0,2,0.0,Likely to Exit,86.85,2.2855,554.52,3,184.84,3.0384,51,20,0.15,2010-05-13,2011-11-10,,Insufficient History,1,"Mid-Value, Unreliable, Recent",High Risk
15598,3,0,3,0.0,Likely to Exit,81.32,2.14,543.02,4,135.75,2.5712,57,15,0.2667,2010-10-08,2011-11-04,,Insufficient History,1,"Mid-Value, Unreliable, Recent",High Risk
15599,3,0,3,0.0,Likely to Exit,161.57,1.9466,1250.06,3,416.69,2.1229,48,16,0.1875,2010-09-20,2011-11-13,,Insufficient History,1,"Mid-Value, Unreliable, Recent",High Risk
15600,5,0,5,0.0,Likely to Exit,268.74,3.6316,1178.71,5,235.74,2.1349,450,21,0.2381,2010-04-25,2010-10-07,,Insufficient History,1,"Mid-Value, Unreliable, Recent",High Risk
15601,19,9,10,47.37,At Risk,2201.63,2.5019,14919.22,35,426.26,0.9753,33,25,1.4,2009-12-01,2011-11-28,1.433,Increasing,0,"High-Value, Reliable, Recent",Medium Risk
15602,14,0,14,0.0,Likely to Exit,389.87,2.765,2975.97,25,119.04,1.3975,30,25,1.0,2009-12-02,2011-12-01,0.905,Stable,0,"High-Value, Reliable, Recent",High Risk
15603,2,0,2,0.0,Likely to Exit,4.76,0.952,74.73,3,24.91,3.1782,100,22,0.1364,2010-03-01,2011-09-22,0.0,Declining,1,"Mid-Value, Unreliable, Recent",High Risk
15604,1,0,1,0.0,Likely to Exit,26.24,1.5435,216.39,1,216.39,1.4142,74,3,0.3333,2011-10-18,2011-10-18,,Insufficient History,1,"Mid-Value, Unreliable, Recent",High Risk
15605,8,2,6,25.0,Likely to Exit,528.29,4.7169,1933.4,10,193.34,1.5582,58,24,0.4167,2010-01-14,2011-11-03,1.483,Increasing,0,"High-Value, Reliable, Recent",High Risk
15606,13,0,13,0.0,Likely to Exit,605.9,3.8107,4733.47,19,249.13,0.9299,79,22,0.8636,2010-03-02,2011-10-13,-0.055,Declining,0,"High-Value, Reliable, Recent",High Risk
15607,6,1,5,16.67,Likely to Exit,288.0,2.5043,1578.57,13,121.43,2.4148,358,24,0.5417,2010-01-08,2011-01-07,,Insufficient History,1,"Mid-Value, Unreliable, Recent",High Risk
15608,4,1,3,25.0,Likely to Exit,289.02,2.7526,1785.98,5,357.2,1.9795,50,15,0.3333,2010-10-20,2011-11-11,2.828,Increasing,1,"Mid-Value, Unreliable, Recent",High Risk
15609,1,0,1,0.0,Likely to Exit,93.84,5.2133,270.03,2,135.02,2.4495,204,7,0.2857,2011-06-08,2011-06-10,,Insufficient History,1,"Mid-Value, Unreliable, Recent",High Risk
15610,1,0,1,0.0,Likely to Exit,11.24,1.8733,112.46,1,112.46,1.4142,73,3,0.3333,2011-10-19,2011-10-19,,Insufficient History,1,"Mid-Value, Unreliable, Recent",High Risk
15611,15,0,15,0.0,Likely to Exit,613.47,6.1347,2858.37,32,89.32,0.986,31,24,1.3333,2010-01-25,2011-11-30,0.889,Declining,0,"High-Value, Reliable, Recent",High Risk
15612,2,0,2,0.0,Likely to Exit,36.85,6.1417,195.15,2,97.58,0.7892,58,3,0.6667,2011-10-09,2011-11-03,,Insufficient History,1,"Mid-Value, Unreliable, Recent",High Risk
15613,1,0,1,0.0,Likely to Exit,46.18,1.7104,433.72,1,433.72,4.4721,632,21,0.0476,2010-04-08,2010-04-08,,Insufficient History,2,"Mid-Value, Unreliable, Lapsed",High Risk
15614,6,1,5,16.67,Likely to Exit,305.34,3.5922,3008.86,7,429.84,2.8427,450,25,0.28,2009-12-01,2010-10-07,,Insufficient History,2,"Mid-Value, Unreliable, Lapsed",High Risk
15615,23,11,12,47.83,At Risk,2343.62,2.5641,21282.07,54,394.11,0.534,32,25,2.16,2009-12-02,2011-11-29,2.079,Increasing,0,"High-Value, Reliable, Recent",Medium Risk
15616,1,0,1,0.0,Likely to Exit,91.09,7.0069,317.11,1,317.11,3.873,460,16,0.0625,2010-09-27,2010-09-27,,Insufficient History,2,"Mid-Value, Unreliable, Lapsed",High Risk
15617,3,0,3,0.0,Likely to Exit,134.75,3.2083,828.55,3,276.18,2.7263,418,18,0.1667,2010-07-20,2010-11-08,,Insufficient History,2,"Mid-Value, Unreliable, Lapsed",High Risk
15618,3,0,3,0.0,Likely to Exit,126.35,2.5786,747.03,5,149.41,1.072,54,6,0.8333,2011-07-26,2011-11-07,0.919,Stable,1,"Mid-Value, Unreliable, Recent",High Risk
15619,1,0,1,0.0,Likely to Exit,13.25,4.4167,336.4,1,336.4,1.0,32,2,0.5,2011-11-29,2011-11-29,,Insufficient History,1,"Mid-Value, Unreliable, Recent",High Risk
15620,5,2,3,40.0,At Risk,461.27,3.3917,1909.93,8,238.74,1.7188,72,15,0.5333,2010-10-26,2011-10-20,,Insufficient History,0,"High-Value, Reliable, Recent",Medium Risk
15621,2,0,2,0.0,Likely to Exit,40.3,2.2389,1158.77,6,193.13,0.6163,26,2,3.0,2011-11-18,2011-12-05,,Insufficient History,1,"Mid-Value, Unreliable, Recent",High Risk
15622,13,7,6,53.85,At Risk,1776.42,3.8451,7318.08,30,243.94,1.5154,25,24,1.25,2010-01-07,2011-12-06,0.0,Declining,0,"High-Value, Reliable, Recent",Medium Risk
15623,8,0,8,0.0,Likely to Exit,418.22,3.8724,2437.05,8,304.63,1.5403,163,25,0.32,2009-12-10,2011-07-21,0.0,Declining,0,"High-Value, Reliable, Recent",High Risk
15624,4,0,4,0.0,Likely to Exit,124.31,3.6562,588.13,4,147.03,1.3565,138,10,0.4,2011-03-28,2011-08-15,0.0,Declining,1,"Mid-Value, Unreliable, Recent",High Risk
15625,7,0,7,0.0,Likely to Exit,251.15,1.4189,3203.25,14,228.8,1.4234,122,19,0.7368,2010-06-15,2011-08-31,0.0,Declining,0,"High-Value, Reliable, Recent",High Risk
15626,3,0,3,0.0,Likely to Exit,137.77,1.6801,1049.37,4,262.34,2.0268,96,15,0.2667,2010-10-14,2011-09-26,0.0,Declining,1,"Mid-Value, Unreliable, Recent",High Risk
15627,2,0,2,0.0,Likely to Exit,39.25,1.6354,566.9,2,283.45,2.8286,479,18,0.1111,2010-07-05,2010-09-08,,Insufficient History,2,"Mid-Value, Unreliable, Lapsed",High Risk
15628,15,0,15,0.0,Likely to Exit,812.5,2.5077,5603.36,21,266.83,0.9617,26,25,0.84,2009-12-13,2011-12-05,2.022,Increasing,0,"High-Value, Reliable, Recent",High Risk
15629,3,1,2,33.33,Likely to Exit,221.7,2.8792,2240.9,4,560.23,2.5313,472,19,0.2105,2010-06-25,2010-09-15,,Insufficient History,2,"Mid-Value, Unreliable, Lapsed",Medium Risk
15630,3,1,2,33.33,Likely to Exit,220.58,2.7232,1475.45,4,368.86,2.7749,67,22,0.1818,2010-03-05,2011-10-25,,Insufficient History,1,"Mid-Value, Unreliable, Recent",Medium Risk
15631,1,0,1,0.0,Likely to Exit,87.52,2.2441,596.67,1,596.67,4.5826,664,22,0.0455,2010-03-07,2010-03-07,,Insufficient History,2,"Mid-Value, Unreliable, Lapsed",High Risk
15632,7,2,5,28.57,Likely to Exit,486.02,2.7459,3147.31,10,314.73,0.7492,37,10,1.0,2011-03-10,2011-11-24,1.02,Stable,0,"High-Value, Reliable, Recent",High Risk
15633,8,3,5,37.5,Likely to Exit,633.48,3.4242,4173.41,18,231.86,1.9574,531,25,0.72,2009-12-08,2010-07-18,,Insufficient History,0,"High-Value, Reliable, Recent",Medium Risk
15634,2,0,2,0.0,Likely to Exit,124.0,3.6471,554.65,2,277.33,2.4706,39,14,0.1429,2010-11-21,2011-11-22,,Insufficient History,1,"Mid-Value, Unreliable, Recent",High Risk
15635,1,0,1,0.0,Likely to Exit,37.7,18.85,100.35,1,100.35,3.6056,417,14,0.0714,2010-11-09,2010-11-09,,Insufficient History,2,"Mid-Value, Unreliable, Lapsed",High Risk
15636,4,0,4,0.0,Likely to Exit,206.43,3.6216,1444.58,4,361.15,2.0188,111,20,0.2,2010-05-19,2011-09-11,0.0,Declining,1,"Mid-Value, Unreliable, Recent",High Risk
15637,5,0,5,0.0,Likely to Exit,125.86,3.0698,797.59,5,159.52,2.3294,74,25,0.2,2009-12-15,2011-10-18,,Insufficient History,1,"Mid-Value, Unreliable, Recent",High Risk
15638,6,0,6,0.0,Likely to Exit,111.15,3.8328,2137.2,9,237.47,2.2803,323,24,0.375,2010-01-27,2011-02-11,,Insufficient History,1,"Mid-Value, Unreliable, Recent",High Risk
15639,4,1,3,25.0,Likely to Exit,225.8,3.1361,1028.33,5,205.67,2.5183,156,21,0.2381,2010-04-13,2011-07-28,0.0,Declining,1,"Mid-Value, Unreliable, Recent",High Risk
15640,19,9,10,47.37,At Risk,2257.24,2.8791,23835.41,34,701.04,0.8034,26,25,1.36,2009-12-14,2011-12-05,1.18,Increasing,0,"High-Value, Reliable, Recent",Medium Risk
15641,10,2,8,20.0,Likely to Exit,619.06,1.9905,5345.55,12,445.46,1.5113,127,25,0.48,2009-12-06,2011-08-26,0.0,Declining,0,"High-Value, Reliable, Recent",High Risk
15642,1,0,1,0.0,Likely to Exit,2.5,0.4167,105.78,1,105.78,4.899,751,25,0.04,2009-12-10,2009-12-10,,Insufficient History,2,"Mid-Value, Unreliable, Lapsed",High Risk
15643,2,1,1,50.0,At Risk,208.24,5.7844,647.4,6,107.9,2.0003,201,10,0.6,2011-03-02,2011-06-13,,Insufficient History,1,"Mid-Value, Unreliable, Recent",Medium Risk
15644,2,2,0,100.0,Very Loyal,424.1,1.7819,813.0,4,203.25,2.0021,188,10,0.4,2011-03-23,2011-06-26,,Insufficient History,1,"Mid-Value, Unreliable, Recent",Low Risk
15645,3,1,2,33.33,Likely to Exit,229.22,3.322,1042.57,4,260.64,2.5869,40,15,0.2667,2010-10-10,2011-11-21,,Insufficient History,1,"Mid-Value, Unreliable, Recent",Medium Risk
15646,5,0,5,0.0,Likely to Exit,185.34,2.1551,952.11,6,158.69,1.7031,179,15,0.4,2010-10-25,2011-07-05,0.0,Declining,1,"Mid-Value, Unreliable, Recent",High Risk
15647,1,0,1,0.0,Likely to Exit,18.6,1.6909,169.0,1,169.0,3.7417,437,15,0.0667,2010-10-20,2010-10-20,,Insufficient History,2,"Mid-Value, Unreliable, Lapsed",High Risk
15648,3,0,3,0.0,Likely to Exit,129.45,4.6232,599.9,4,149.97,2.0016,226,10,0.4,2011-03-17,2011-05-19,,Insufficient History,1,"Mid-Value, Unreliable, Recent",High Risk
15649,3,0,3,0.0,Likely to Exit,69.2,5.7667,2170.35,4,542.59,2.1188,358,14,0.2857,2010-11-17,2011-01-07,,Insufficient History,1,"Mid-Value, Unreliable, Recent",High Risk
15650,2,1,1,50.0,At Risk,180.01,4.8651,539.03,3,179.68,3.3117,537,22,0.1364,2010-03-21,2010-07-12,,Insufficient History,2,"Mid-Value, Unreliable, Lapsed",Medium Risk
15651,4,0,4,0.0,Likely to Exit,124.25,2.0708,1259.06,5,251.81,2.122,58,21,0.2381,2010-04-22,2011-11-03,,Insufficient History,1,"Mid-Value, Unreliable, Recent",High Risk
15652,4,2,2,50.0,At Risk,445.19,4.2399,1411.84,6,235.31,2.125,113,17,0.3529,2010-08-11,2011-09-09,0.0,Declining,1,"Mid-Value, Unreliable, Recent",Medium Risk
15653,2,0,2,0.0,Likely to Exit,5.44,0.9067,877.44,2,438.72,1.8662,114,5,0.4,2011-08-16,2011-09-08,,Insufficient History,1,"Mid-Value, Unreliable, Recent",High Risk
15654,1,0,1,0.0,Likely to Exit,64.49,3.071,922.53,2,461.27,1.0,31,2,1.0,2011-11-13,2011-11-30,,Insufficient History,1,"Mid-Value, Unreliable, Recent",High Risk
15655,1,1,0,100.0,Very Loyal,134.78,3.6427,511.32,2,255.66,2.8284,255,9,0.2222,2011-04-10,2011-04-20,,Insufficient History,1,"Mid-Value, Unreliable, Recent",Low Risk
15656,4,0,4,0.0,Likely to Exit,207.33,4.4113,748.5,4,187.12,1.4848,67,11,0.3636,2011-02-28,2011-10-25,,Insufficient History,1,"Mid-Value, Unreliable, Recent",High Risk
15657,1,0,1,0.0,Likely to Exit,1.25,1.25,30.0,1,30.0,1.0,44,2,0.5,2011-11-17,2011-11-17,,Insufficient History,1,"Mid-Value, Unreliable, Recent",High Risk
15658,11,2,9,18.18,Likely to Exit,742.5,5.5827,2270.34,13,174.64,1.8355,212,25,0.52,2009-12-03,2011-06-02,,Insufficient History,0,"High-Value, Reliable, Recent",High Risk
15659,3,0,3,0.0,Likely to Exit,118.68,5.6514,532.49,3,177.5,2.9485,65,23,0.1304,2010-02-24,2011-10-27,,Insufficient History,1,"Mid-Value, Unreliable, Recent",High Risk
15660,13,0,13,0.0,Likely to Exit,382.46,2.3179,2764.14,18,153.56,1.1489,47,23,0.7826,2010-02-05,2011-11-14,0.67,Declining,0,"High-Value, Reliable, Recent",High Risk
15661,7,0,7,0.0,Likely to Exit,118.64,2.6964,1215.95,8,151.99,1.6387,339,20,0.4,2010-05-10,2011-01-26,,Insufficient History,1,"Mid-Value, Unreliable, Recent",High Risk
15662,2,0,2,0.0,Likely to Exit,45.4,3.7833,283.73,2,141.87,3.5079,683,25,0.08,2009-12-01,2010-02-16,,Insufficient History,2,"Mid-Value, Unreliable, Lapsed",High Risk
15663,1,0,1,0.0,Likely to Exit,22.59,2.51,138.14,1,138.14,2.0,128,5,0.2,2011-08-25,2011-08-25,,Insufficient History,1,"Mid-Value, Unreliable, Recent",High Risk
15664,6,0,6,0.0,Likely to Exit,220.31,2.9772,1212.35,7,173.19,2.3534,72,23,0.3043,2010-02-28,2011-10-20,,Insufficient History,1,"Mid-Value, Unreliable, Recent",High Risk
15665,5,5,0,100.0,Very Loyal,644.4,2.2375,4015.12,5,803.02,2.0548,190,22,0.2273,2010-03-14,2011-06-24,,Insufficient History,0,"High-Value, Reliable, Recent",Low Risk
15666,1,1,0,100.0,Very Loyal,136.73,2.0407,632.94,2,316.47,4.0,494,17,0.1176,2010-08-01,2010-08-24,,Insufficient History,2,"Mid-Value, Unreliable, Lapsed",Low Risk
15667,1,0,1,0.0,Likely to Exit,20.22,1.5554,301.32,1,301.32,1.4142,61,3,0.3333,2011-10-31,2011-10-31,,Insufficient History,1,"Mid-Value, Unreliable, Recent",High Risk
15668,1,0,1,0.0,Likely to Exit,1.06,1.06,76.32,1,76.32,2.6458,239,8,0.125,2011-05-06,2011-05-06,,Insufficient History,2,"Mid-Value, Unreliable, Lapsed",High Risk
15669,4,0,4,0.0,Likely to Exit,111.4,3.1829,677.69,5,135.54,1.3035,62,10,0.5,2011-03-21,2011-10-30,0.908,Stable,1,"Mid-Value, Unreliable, Recent",High Risk
15670,2,0,2,0.0,Likely to Exit,75.7,3.785,315.2,3,105.07,2.9222,318,19,0.1579,2010-06-01,2011-02-16,,Insufficient History,2,"Mid-Value, Unreliable, Lapsed",High Risk
15671,5,1,4,20.0,Likely to Exit,205.76,2.5402,2635.49,10,263.55,1.0867,40,10,1.0,2011-03-14,2011-11-21,0.732,Declining,0,"High-Value, Reliable, Recent",High Risk
15672,1,0,1,0.0,Likely to Exit,20.65,6.8833,45.3,1,45.3,4.899,747,25,0.04,2009-12-14,2009-12-14,,Insufficient History,2,"Mid-Value, Unreliable, Lapsed",High Risk
15673,10,3,7,30.0,Likely to Exit,814.47,2.828,6409.84,10,640.98,1.3847,110,23,0.4348,2010-02-22,2011-09-12,0.0,Declining,0,"High-Value, Reliable, Recent",Medium Risk
15674,12,6,6,50.0,At Risk,1902.41,5.0867,6217.85,18,345.44,1.3817,95,25,0.72,2009-12-08,2011-09-27,0.0,Declining,0,"High-Value, Reliable, Recent",Medium Risk
15675,4,0,4,0.0,Likely to Exit,112.46,3.2131,542.04,4,135.51,1.9215,103,15,0.2667,2010-10-31,2011-09-19,0.0,Declining,1,"Mid-Value, Unreliable, Recent",High Risk
15676,3,2,1,66.67,Likely to Stay,706.53,3.271,3324.09,5,664.82,2.267,31,10,0.5,2011-03-01,2011-11-30,,Insufficient History,0,"High-Value, Reliable, Recent",Low Risk
15677,3,1,2,33.33,Likely to Exit,253.66,3.5231,1305.63,3,435.21,2.2433,71,16,0.1875,2010-09-02,2011-10-21,,Insufficient History,1,"Mid-Value, Unreliable, Recent",Medium Risk
15678,3,2,1,66.67,Likely to Stay,273.67,2.8213,1893.89,3,631.3,2.3664,74,18,0.1667,2010-07-05,2011-10-18,,Insufficient History,1,"Mid-Value, Unreliable, Recent",Low Risk
15679,3,0,3,0.0,Likely to Exit,121.48,1.1044,781.28,4,195.32,1.5983,46,7,0.5714,2011-06-10,2011-11-15,6.351,Increasing,1,"Mid-Value, Unreliable, Recent",High Risk
15680,10,2,8,20.0,Likely to Exit,777.26,2.9002,4464.48,12,372.04,1.4211,31,25,0.48,2009-12-02,2011-11-30,,Insufficient History,0,"High-Value, Reliable, Recent",High Risk
15681,8,0,8,0.0,Likely to Exit,288.75,2.8034,2480.2,16,155.01,1.4298,40,20,0.8,2010-05-24,2011-11-21,,Insufficient History,0,"High-Value, Reliable, Recent",High Risk
15682,2,0,2,0.0,Likely to Exit,54.78,2.1069,316.99,3,105.66,3.3874,621,24,0.125,2010-01-21,2010-04-19,,Insufficient History,2,"Mid-Value, Unreliable, Lapsed",High Risk
15683,2,0,2,0.0,Likely to Exit,62.77,2.4142,524.54,2,262.27,2.8426,139,17,0.1176,2010-08-23,2011-08-14,0.0,Declining,1,"Mid-Value, Unreliable, Recent",High Risk
15684,3,0,3,0.0,Likely to Exit,70.3,5.0214,147.8,6,24.63,3.3819,569,25,0.24,2009-12-04,2010-06-10,,Insufficient History,2,"Mid-Value, Unreliable, Lapsed",High Risk
15685,1,0,1,0.0,Likely to Exit,29.97,1.7629,55.98,1,55.98,3.873,472,16,0.0625,2010-09-15,2010-09-15,,Insufficient History,2,"Mid-Value, Unreliable, Lapsed",High Risk
15686,1,0,1,0.0,Likely to Exit,1.25,1.25,90.0,1,90.0,3.7417,442,15,0.0667,2010-10-15,2010-10-15,,Insufficient History,2,"Mid-Value, Unreliable, Lapsed",High Risk
15687,7,3,4,42.86,At Risk,716.81,4.2667,2981.5,11,271.05,0.956,30,12,0.9167,2011-01-13,2011-12-01,,Insufficient History,0,"High-Value, Reliable, Recent",Medium Risk
15688,1,0,1,0.0,Likely to Exit,64.37,2.3841,190.57,1,190.57,3.7417,440,15,0.0667,2010-10-17,2010-10-17,,Insufficient History,2,"Mid-Value, Unreliable, Lapsed",High Risk
15689,3,0,3,0.0,Likely to Exit,85.59,3.5663,521.03,3,173.68,2.6636,141,21,0.1429,2010-04-01,2011-08-12,0.0,Declining,1,"Mid-Value, Unreliable, Recent",High Risk
15690,2,0,2,0.0,Likely to Exit,12.98,0.6832,239.76,2,119.88,1.2303,26,5,0.4,2011-08-31,2011-12-05,,Insufficient History,1,"Mid-Value, Unreliable, Recent",High Risk
15691,4,0,4,0.0,Likely to Exit,53.35,3.5567,511.8,5,102.36,2.4214,274,25,0.2,2009-12-06,2011-04-01,,Insufficient History,1,"Mid-Value, Unreliable, Recent",High Risk
15692,1,0,1,0.0,Likely to Exit,22.85,1.9042,191.04,1,191.04,1.0,50,2,0.5,2011-11-11,2011-11-11,,Insufficient History,1,"Mid-Value, Unreliable, Recent",High Risk
15693,1,0,1,0.0,Likely to Exit,1.25,1.25,37.5,1,37.5,4.6904,681,23,0.0435,2010-02-18,2010-02-18,,Insufficient History,2,"Mid-Value, Unreliable, Lapsed",High Risk
15694,17,2,15,11.76,Likely to Exit,774.3,4.7503,10566.46,29,364.36,1.0183,22,25,1.16,2009-12-07,2011-12-09,,Insufficient History,0,"High-Value, Reliable, Recent",High Risk
15695,3,0,3,0.0,Likely to Exit,231.26,3.9197,1131.04,4,282.76,2.6525,288,24,0.1667,2010-01-27,2011-03-18,,Insufficient History,1,"Mid-Value, Unreliable, Recent",High Risk
15696,11,6,5,54.55,At Risk,1198.46,4.9936,3757.47,21,178.93,1.4784,55,24,0.875,2010-01-24,2011-11-06,1.924,Increasing,0,"High-Value, Reliable, Recent",Medium Risk
15697,1,0,1,0.0,Likely to Exit,48.25,3.4464,246.75,1,246.75,4.7958,711,24,0.0417,2010-01-19,2010-01-19,,Insufficient History,2,"Mid-Value, Unreliable, Lapsed",High Risk
15698,1,0,1,0.0,Likely to Exit,1.9,0.95,46.2,1,46.2,4.5826,646,22,0.0455,2010-03-25,2010-03-25,,Insufficient History,2,"Mid-Value, Unreliable, Lapsed",High Risk
15699,1,1,0,100.0,Very Loyal,111.26,6.1811,309.65,1,309.65,1.0,39,2,0.5,2011-11-22,2011-11-22,,Insufficient History,1,"Mid-Value, Unreliable, Recent",Low Risk
15700,1,1,0,100.0,Very Loyal,258.63,2.906,664.03,3,221.34,2.4495,194,7,0.4286,2011-06-19,2011-06-20,,Insufficient History,1,"Mid-Value, Unreliable, Recent",Low Risk
15701,4,2,2,50.0,At Risk,697.18,2.9417,1542.14,4,385.53,0.9596,24,5,0.8,2011-08-21,2011-12-07,,Insufficient History,1,"Mid-Value, Unreliable, Recent",Medium Risk
15702,2,0,2,0.0,Likely to Exit,102.48,3.416,140.39,2,70.19,3.9209,498,24,0.0833,2010-01-26,2010-08-20,,Insufficient History,2,"Mid-Value, Unreliable, Lapsed",High Risk
15703,1,0,1,0.0,Likely to Exit,14.65,2.93,211.5,1,211.5,3.0,286,10,0.1,2011-03-20,2011-03-20,,Insufficient History,2,"Mid-Value, Unreliable, Lapsed",High Risk
15704,6,4,2,66.67,Likely to Stay,671.95,3.2151,3744.18,8,468.02,1.7641,162,20,0.4,2010-05-05,2011-07-22,0.0,Declining,0,"High-Value, Reliable, Recent",Low Risk
15705,1,0,1,0.0,Likely to Exit,36.3,6.05,143.1,1,143.1,2.6458,223,8,0.125,2011-05-22,2011-05-22,,Insufficient History,1,"Mid-Value, Unreliable, Recent",High Risk
15706,3,2,1,66.67,Likely to Stay,309.29,5.2422,1001.81,7,143.12,0.9297,81,5,1.4,2011-08-15,2011-10-11,,Insufficient History,0,"High-Value, Reliable, Recent",Low Risk
15707,3,3,0,100.0,Very Loyal,488.24,2.2815,945.58,4,236.39,0.7352,57,4,1.0,2011-09-14,2011-11-04,,Insufficient History,0,"High-Value, Reliable, Recent",Low Risk
15708,8,6,2,75.0,Likely to Stay,1705.16,4.1793,4323.98,14,308.86,1.0022,62,15,0.9333,2010-10-10,2011-10-30,1.081,Stable,0,"High-Value, Reliable, Recent",Low Risk
15709,2,1,1,50.0,At Risk,124.7,4.6185,327.85,2,163.93,3.1413,305,21,0.0952,2010-04-29,2011-03-01,,Insufficient History,2,"Mid-Value, Unreliable, Lapsed",Medium Risk
15710,1,1,0,100.0,Very Loyal,270.98,2.4635,898.87,1,898.87,3.7417,439,15,0.0667,2010-10-18,2010-10-18,,Insufficient History,2,"Mid-Value, Unreliable, Lapsed",Low Risk
15711,2,0,2,0.0,Likely to Exit,84.45,3.378,420.25,2,210.12,3.7296,578,24,0.0833,2010-01-24,2010-06-01,,Insufficient History,2,"Mid-Value, Unreliable, Lapsed",High Risk
15712,12,0,12,0.0,Likely to Exit,653.14,3.911,3467.46,13,266.73,1.2205,31,25,0.52,2009-12-01,2011-11-30,0.507,Declining,0,"High-Value, Reliable, Recent",High Risk
15713,5,1,4,20.0,Likely to Exit,295.32,4.6876,985.99,6,164.33,2.3586,165,25,0.24,2009-12-16,2011-07-19,0.0,Declining,1,"Mid-Value, Unreliable, Recent",High Risk
15714,4,0,4,0.0,Likely to Exit,142.04,2.8988,784.81,5,156.96,2.0647,33,19,0.2632,2010-06-02,2011-11-28,1.498,Increasing,1,"Mid-Value, Unreliable, Recent",High Risk
15715,3,0,3,0.0,Likely to Exit,155.36,4.0884,658.02,5,131.6,2.8105,577,22,0.2273,2010-03-30,2010-06-02,,Insufficient History,2,"Mid-Value, Unreliable, Lapsed",High Risk
15716,11,3,8,27.27,Likely to Exit,875.26,2.6848,3056.81,11,277.89,1.8085,167,25,0.44,2009-12-07,2011-07-17,0.0,Declining,0,"High-Value, Reliable, Recent",High Risk
15717,5,0,5,0.0,Likely to Exit,81.35,3.3896,607.0,5,121.4,1.8577,256,21,0.2381,2010-04-26,2011-04-19,,Insufficient History,1,"Mid-Value, Unreliable, Recent",High Risk
15718,1,0,1,0.0,Likely to Exit,90.92,5.0511,293.79,1,293.79,4.2426,562,19,0.0526,2010-06-17,2010-06-17,,Insufficient History,2,"Mid-Value, Unreliable, Lapsed",High Risk
15719,23,10,13,43.48,At Risk,4387.92,2.4459,10134.36,39,259.86,0.4722,54,25,1.56,2009-12-01,2011-11-07,0.755,Declining,0,"High-Value, Reliable, Recent",Medium Risk
15720,2,2,0,100.0,Very Loyal,422.97,2.7288,741.92,2,370.96,3.4758,46,19,0.1053,2010-06-07,2011-11-15,,Insufficient History,1,"Mid-Value, Unreliable, Recent",Low Risk
15721,1,1,0,100.0,Very Loyal,187.2,2.0571,507.08,1,507.08,1.0,33,2,0.5,2011-11-28,2011-11-28,,Insufficient History,1,"Mid-Value, Unreliable, Recent",Low Risk
15722,8,4,4,50.0,At Risk,773.65,3.9272,5120.05,15,341.34,1.4574,57,22,0.6818,2010-03-09,2011-11-04,1.22,Increasing,0,"High-Value, Reliable, Recent",Medium Risk
15723,4,2,2,50.0,At Risk,351.79,2.7271,947.65,4,236.91,2.0218,386,20,0.2,2010-05-14,2010-12-10,,Insufficient History,1,"Mid-Value, Unreliable, Recent",Medium Risk
15724,4,0,4,0.0,Likely to Exit,64.2,3.21,299.8,5,59.96,1.924,223,14,0.3571,2010-11-04,2011-05-22,,Insufficient History,1,"Mid-Value, Unreliable, Recent",High Risk
15725,1,0,1,0.0,Likely to Exit,84.84,2.6513,415.25,1,415.25,1.0,37,2,0.5,2011-11-24,2011-11-24,,Insufficient History,1,"Mid-Value, Unreliable, Recent",High Risk
15726,1,1,0,100.0,Very Loyal,111.28,4.8383,321.91,1,321.91,3.6056,412,14,0.0714,2010-11-14,2010-11-14,,Insufficient History,2,"Mid-Value, Unreliable, Lapsed",Low Risk
15727,13,7,6,53.85,At Risk,2474.36,3.5654,9445.51,15,629.7,1.1,38,24,0.625,2010-01-24,2011-11-23,0.419,Declining,0,"High-Value, Reliable, Recent",Medium Risk
15728,3,0,3,0.0,Likely to Exit,65.7,4.1063,409.8,3,136.6,2.6582,71,16,0.1875,2010-09-21,2011-10-21,,Insufficient History,1,"Mid-Value, Unreliable, Recent",High Risk
15729,2,0,2,0.0,Likely to Exit,63.65,4.8962,154.7,5,30.94,2.469,220,14,0.3571,2010-11-01,2011-05-25,,Insufficient History,1,"Mid-Value, Unreliable, Recent",High Risk
15730,5,0,5,0.0,Likely to Exit,348.74,3.0325,1708.18,7,244.03,1.4497,87,15,0.4667,2010-10-04,2011-10-05,1.109,Increasing,1,"Mid-Value, Unreliable, Recent",High Risk
15731,1,0,1,0.0,Likely to Exit,8.9,1.1125,125.3,1,125.3,4.2426,575,19,0.0526,2010-06-04,2010-06-04,,Insufficient History,2,"Mid-Value, Unreliable, Lapsed",High Risk
15732,6,0,6,0.0,Likely to Exit,242.61,2.2674,1637.52,12,136.46,1.8575,234,23,0.5217,2010-02-04,2011-05-11,,Insufficient History,1,"Mid-Value, Unreliable, Recent",High Risk
15733,1,0,1,0.0,Likely to Exit,43.5,4.35,162.3,1,162.3,3.0,304,10,0.1,2011-03-02,2011-03-02,,Insufficient History,2,"Mid-Value, Unreliable, Lapsed",High Risk
15734,4,1,3,25.0,Likely to Exit,494.04,11.4893,2263.3,4,565.83,2.0351,136,19,0.2105,2010-06-10,2011-08-17,0.0,Declining,1,"Mid-Value, Unreliable, Recent",High Risk
15735,1,0,1,0.0,Likely to Exit,61.3,3.2263,327.68,1,327.68,3.7417,443,15,0.0667,2010-10-14,2010-10-14,,Insufficient History,2,"Mid-Value, Unreliable, Lapsed",High Risk
15736,2,1,1,50.0,At Risk,356.78,3.3658,1717.27,3,572.42,3.873,452,16,0.1875,2010-09-30,2010-10-05,,Insufficient History,2,"Mid-Value, Unreliable, Lapsed",Medium Risk
15737,5,1,4,20.0,Likely to Exit,328.68,4.0578,1121.21,12,93.43,1.1321,36,9,1.3333,2011-04-11,2011-11-25,0.363,Declining,0,"High-Value, Reliable, Recent",High Risk
15738,23,1,22,4.35,Likely to Exit,1010.58,2.0171,13342.12,45,296.49,0.686,40,25,1.8,2009-12-10,2011-11-21,1.037,Stable,0,"High-Value, Reliable, Recent",High Risk
15739,1,0,1,0.0,Likely to Exit,20.19,2.5238,449.12,1,449.12,1.4142,88,3,0.3333,2011-10-04,2011-10-04,,Insufficient History,1,"Mid-Value, Unreliable, Recent",High Risk
15740,1,0,1,0.0,Likely to Exit,22.25,2.4722,154.88,1,154.88,1.4142,71,3,0.3333,2011-10-21,2011-10-21,,Insufficient History,1,"Mid-Value, Unreliable, Recent",High Risk
15741,2,0,2,0.0,Likely to Exit,48.44,4.0367,208.62,2,104.31,3.4224,480,22,0.0909,2010-03-31,2010-09-07,,Insufficient History,2,"Mid-Value, Unreliable, Lapsed",High Risk
15742,1,1,0,100.0,Very Loyal,145.17,3.5407,156.87,1,156.87,4.5826,641,22,0.0455,2010-03-30,2010-03-30,,Insufficient History,2,"Mid-Value, Unreliable, Lapsed",Low Risk
15743,3,2,1,66.67,Likely to Stay,412.18,4.6839,784.46,4,196.12,1.3121,38,7,0.5714,2011-06-08,2011-11-23,3.143,Increasing,1,"Mid-Value, Unreliable, Recent",Low Risk
15744,1,0,1,0.0,Likely to Exit,0.87,0.29,34.8,1,34.8,1.7321,99,4,0.25,2011-09-23,2011-09-23,,Insufficient History,1,"Mid-Value, Unreliable, Recent",High Risk
15745,5,1,4,20.0,Likely to Exit,277.59,4.2706,1071.24,6,178.54,1.4723,30,9,0.6667,2011-04-17,2011-12-01,1.52,Increasing,1,"Mid-Value, Unreliable, Recent",High Risk
15746,1,0,1,0.0,Likely to Exit,41.83,1.4424,182.96,2,91.48,2.2361,156,6,0.3333,2011-07-28,2011-07-28,0.0,Declining,1,"Mid-Value, Unreliable, Recent",High Risk
15747,9,1,8,11.11,Likely to Exit,528.32,2.3906,2560.66,10,256.07,1.3897,34,24,0.4167,2010-01-18,2011-11-27,1.384,Increasing,0,"High-Value, Reliable, Recent",High Risk
15748,2,0,2,0.0,Likely to Exit,134.01,3.6219,614.76,3,204.92,3.0192,62,16,0.1875,2010-09-16,2011-10-30,,Insufficient History,1,"Mid-Value, Unreliable, Recent",High Risk
15749,2,0,2,0.0,Likely to Exit,46.24,3.0827,21535.9,4,5383.98,2.2375,257,12,0.3333,2011-01-11,2011-04-18,,Insufficient History,0,"High-Value, Reliable, Recent",High Risk
15750,12,7,5,58.33,At Risk,1821.25,2.7346,6692.55,24,278.86,1.2416,24,25,0.96,2009-12-01,2011-12-07,1.668,Increasing,0,"High-Value, Reliable, Recent",Medium Risk
15751,6,1,5,16.67,Likely to Exit,675.53,5.0413,1318.84,14,94.2,2.2639,482,25,0.56,2009-12-06,2010-09-05,,Insufficient History,1,"Mid-Value, Unreliable, Recent",High Risk
15752,9,4,5,44.44,At Risk,1158.41,1.8959,4199.09,10,419.91,0.9603,61,16,0.625,2010-09-08,2011-10-31,0.508,Declining,0,"High-Value, Reliable, Recent",Medium Risk
15753,1,0,1,0.0,Likely to Exit,0.55,0.55,79.2,1,79.2,3.1623,326,11,0.0909,2011-02-08,2011-02-08,,Insufficient History,2,"Mid-Value, Unreliable, Lapsed",High Risk
15754,8,1,7,12.5,Likely to Exit,491.75,3.6426,3001.86,12,250.15,2.2941,72,23,0.5217,2010-02-22,2011-10-20,0.719,Declining,0,"High-Value, Reliable, Recent",High Risk
15755,16,3,13,18.75,Likely to Exit,1054.92,2.7616,5936.95,20,296.85,0.9916,23,25,0.8,2009-12-04,2011-12-08,0.181,Declining,0,"High-Value, Reliable, Recent",High Risk
15756,4,4,0,100.0,Very Loyal,475.63,2.4772,532.96,4,133.24,1.1415,83,9,0.4444,2011-04-04,2011-10-09,1.453,Increasing,1,"Mid-Value, Unreliable, Recent",Low Risk
15757,6,3,3,50.0,At Risk,710.52,3.6815,2940.36,6,490.06,1.728,87,19,0.3158,2010-06-10,2011-10-05,,Insufficient History,0,"High-Value, Reliable, Recent",Medium Risk
15758,1,0,1,0.0,Likely to Exit,39.85,4.4278,205.25,1,205.25,1.0,46,2,0.5,2011-11-15,2011-11-15,,Insufficient History,1,"Mid-Value, Unreliable, Recent",High Risk
15759,9,0,9,0.0,Likely to Exit,92.74,4.637,810.98,10,81.1,1.7004,240,25,0.4,2009-12-02,2011-05-05,,Insufficient History,1,"Mid-Value, Unreliable, Recent",High Risk
15760,1,1,0,100.0,Very Loyal,33628.55,6725.71,-5795.87,5,-1159.17,4.5826,652,22,0.2273,2010-03-19,2010-03-19,,Insufficient History,3,"Low-Value, Reliable, Lapsed",Low Risk
15761,1,0,1,0.0,Likely to Exit,36.45,7.29,143.05,1,143.05,3.873,464,16,0.0625,2010-09-23,2010-09-23,,Insufficient History,2,"Mid-Value, Unreliable, Lapsed",High Risk
15762,2,0,2,0.0,Likely to Exit,148.07,4.0019,583.75,2,291.88,1.0064,87,4,0.5,2011-09-23,2011-10-05,,Insufficient History,1,"Mid-Value, Unreliable, Recent",High Risk
15763,2,2,0,100.0,Very Loyal,431.72,6.8527,1048.67,3,349.56,1.0015,53,4,0.75,2011-09-23,2011-11-08,,Insufficient History,1,"Mid-Value, Unreliable, Recent",Low Risk
15764,7,4,3,57.14,At Risk,718.08,2.7725,4453.28,14,318.09,1.7783,103,17,0.8235,2010-08-18,2011-09-19,0.0,Declining,0,"High-Value, Reliable, Recent",Medium Risk
15765,1,0,1,0.0,Likely to Exit,67.39,2.6956,370.63,1,370.63,4.6904,688,23,0.0435,2010-02-11,2010-02-11,,Insufficient History,2,"Mid-Value, Unreliable, Lapsed",High Risk
15766,3,0,3,0.0,Likely to Exit,102.84,3.6729,799.66,4,199.91,2.7012,86,24,0.1667,2010-01-26,2011-10-06,,Insufficient History,1,"Mid-Value, Unreliable, Recent",High Risk
15767,2,0,2,0.0,Likely to Exit,50.95,5.6611,-242.7,2,-121.35,0.0,663,25,0.08,2009-12-04,2010-03-08,,Insufficient History,3,"Low-Value, Reliable, Lapsed",High Risk
15768,12,8,4,66.67,Likely to Stay,6530.36,5.2622,15559.46,36,432.21,1.506,137,25,1.44,2009-12-03,2011-08-16,0.0,Declining,0,"High-Value, Reliable, Recent",Low Risk
15769,25,0,25,0.0,Likely to Exit,468.91,1.9297,84269.38,51,1652.34,0.7556,29,25,2.04,2009-12-11,2011-12-02,0.942,Stable,0,"High-Value, Reliable, Recent",High Risk
15770,1,1,0,100.0,Very Loyal,108.5,6.0278,321.45,1,321.45,4.4721,634,21,0.0476,2010-04-06,2010-04-06,,Insufficient History,2,"Mid-Value, Unreliable, Lapsed",Low Risk
15771,2,0,2,0.0,Likely to Exit,93.39,3.3354,1006.54,3,335.51,3.5577,626,24,0.125,2010-01-15,2010-04-14,,Insufficient History,2,"Mid-Value, Unreliable, Lapsed",High Risk
15772,1,0,1,0.0,Likely to Exit,72.32,4.52,280.88,1,280.88,3.7417,440,15,0.0667,2010-10-17,2010-10-17,,Insufficient History,2,"Mid-Value, Unreliable, Lapsed",High Risk
15773,2,0,2,0.0,Likely to Exit,90.71,1.93,774.52,2,387.26,3.0962,27,15,0.1333,2010-10-26,2011-12-04,,Insufficient History,1,"Mid-Value, Unreliable, Recent",High Risk
15774,6,2,4,33.33,Likely to Exit,554.51,4.8641,1324.2,7,189.17,1.8154,90,23,0.3043,2010-02-21,2011-10-02,,Insufficient History,1,"Mid-Value, Unreliable, Recent",Medium Risk
15775,2,0,2,0.0,Likely to Exit,17.87,1.9856,150.5,2,75.25,3.4217,267,22,0.0909,2010-03-18,2011-04-08,,Insufficient History,2,"Mid-Value, Unreliable, Lapsed",High Risk
15776,1,0,1,0.0,Likely to Exit,75.31,4.1839,241.62,1,241.62,2.2361,155,6,0.1667,2011-07-29,2011-07-29,0.0,Declining,1,"Mid-Value, Unreliable, Recent",High Risk
15777,6,0,6,0.0,Likely to Exit,188.71,4.6027,1732.16,9,192.46,1.7577,263,20,0.45,2010-05-20,2011-04-12,,Insufficient History,1,"Mid-Value, Unreliable, Recent",High Risk
15778,1,0,1,0.0,Likely to Exit,78.65,4.6265,307.95,1,307.95,3.7417,453,15,0.0667,2010-10-04,2010-10-04,,Insufficient History,2,"Mid-Value, Unreliable, Lapsed",High Risk
15779,2,0,2,0.0,Likely to Exit,66.84,8.355,124.08,2,62.04,2.9275,485,19,0.1053,2010-06-25,2010-09-02,,Insufficient History,2,"Mid-Value, Unreliable, Lapsed",High Risk
15780,3,0,3,0.0,Likely to Exit,120.57,4.1576,475.28,3,158.43,2.0095,205,13,0.2308,2010-12-17,2011-06-09,,Insufficient History,1,"Mid-Value, Unreliable, Recent",High Risk
15781,3,0,3,0.0,Likely to Exit,85.3,4.0619,333.56,4,83.39,1.6758,47,11,0.3636,2011-02-07,2011-11-14,1.156,Increasing,1,"Mid-Value, Unreliable, Recent",High Risk
15782,5,2,3,40.0,At Risk,324.85,5.1563,3985.65,6,664.27,2.6357,31,25,0.24,2009-12-17,2011-11-30,0.583,Declining,0,"High-Value, Reliable, Recent",Medium Risk
15783,1,0,1,0.0,Likely to Exit,48.11,3.4364,246.3,1,246.3,1.0,32,2,0.5,2011-11-29,2011-11-29,,Insufficient History,1,"Mid-Value, Unreliable, Recent",High Risk
15784,2,1,1,50.0,At Risk,171.74,3.994,848.33,2,424.16,3.2577,489,23,0.087,2010-02-05,2010-08-29,,Insufficient History,2,"Mid-Value, Unreliable, Lapsed",Medium Risk
15785,15,0,15,0.0,Likely to Exit,672.25,2.7551,5825.33,26,224.05,1.2009,51,25,1.04,2009-12-15,2011-11-10,1.937,Increasing,0,"High-Value, Reliable, Recent",High Risk
15786,5,4,1,80.0,Very Loyal,1451.02,3.0104,8392.85,9,932.54,2.0303,65,19,0.4737,2010-06-21,2011-10-27,0.563,Declining,0,"High-Value, Reliable, Recent",Low Risk
15787,2,2,0,100.0,Very Loyal,445.93,2.1647,948.05,3,316.02,0.7086,48,3,1.0,2011-10-09,2011-11-13,,Insufficient History,1,"Mid-Value, Unreliable, Recent",Low Risk
15788,1,0,1,0.0,Likely to Exit,70.36,4.6907,215.53,2,107.77,4.1231,522,18,0.1111,2010-07-19,2010-07-27,,Insufficient History,2,"Mid-Value, Unreliable, Lapsed",High Risk
15789,5,0,5,0.0,Likely to Exit,256.01,1.8286,1932.01,7,276.0,1.8745,380,22,0.3182,2010-03-26,2010-12-16,,Insufficient History,1,"Mid-Value, Unreliable, Recent",High Risk
15790,1,1,0,100.0,Very Loyal,119.85,3.4243,220.85,1,220.85,1.0,32,2,0.5,2011-11-29,2011-11-29,,Insufficient History,1,"Mid-Value, Unreliable, Recent",Low Risk
15791,8,1,7,12.5,Likely to Exit,487.24,2.7069,3541.79,9,393.53,2.1054,65,22,0.4091,2010-03-08,2011-10-27,,Insufficient History,0,"High-Value, Reliable, Recent",High Risk
15792,2,0,2,0.0,Likely to Exit,138.91,2.437,933.84,2,466.92,3.1631,421,22,0.0909,2010-03-31,2010-11-05,,Insufficient History,2,"Mid-Value, Unreliable, Lapsed",High Risk
15793,8,0,8,0.0,Likely to Exit,93.69,3.0223,2382.92,9,264.77,1.4824,31,25,0.36,2009-12-01,2011-11-30,,Insufficient History,0,"High-Value, Reliable, Recent",High Risk
15794,1,0,1,0.0,Likely to Exit,50.65,3.3767,777.0,2,388.5,4.899,758,25,0.08,2009-12-02,2009-12-03,,Insufficient History,2,"Mid-Value, Unreliable, Lapsed",High Risk
15795,6,1,5,16.67,Likely to Exit,364.58,2.7831,1979.87,8,247.48,2.0414,171,24,0.3333,2010-01-18,2011-07-13,0.0,Declining,1,"Mid-Value, Unreliable, Recent",High Risk
15796,15,4,11,26.67,Likely to Exit,1292.61,4.2802,5019.95,22,228.18,1.0215,23,25,0.88,2009-12-01,2011-12-08,1.292,Increasing,0,"High-Value, Reliable, Recent",High Risk
15797,6,0,6,0.0,Likely to Exit,40.06,3.3383,2821.08,6,470.18,2.6544,135,24,0.25,2010-01-27,2011-08-18,0.0,Declining,1,"Mid-Value, Unreliable, Recent",High Risk
15798,3,0,3,0.0,Likely to Exit,201.48,2.4275,1535.37,3,511.79,2.8176,514,24,0.125,2010-01-27,2010-08-04,,Insufficient History,2,"Mid-Value, Unreliable, Lapsed",High Risk
15799,4,2,2,50.0,At Risk,349.75,2.2565,1424.29,4,356.07,1.8187,97,15,0.2667,2010-10-17,2011-09-25,0.0,Declining,1,"Mid-Value, Unreliable, Recent",Medium Risk
15800,4,3,1,75.0,Likely to Stay,633.18,2.595,1242.58,7,177.51,2.2721,129,22,0.3182,2010-03-31,2011-08-24,0.0,Declining,1,"Mid-Value, Unreliable, Recent",Low Risk
15801,2,1,1,50.0,At Risk,210.6,3.0522,1042.19,4,260.55,1.6961,68,5,0.8,2011-08-22,2011-10-24,,Insufficient History,1,"Mid-Value, Unreliable, Recent",Medium Risk
15802,1,1,0,100.0,Very Loyal,1354.26,451.42,-451.42,3,-150.47,2.2361,164,6,0.5,2011-07-20,2011-07-20,-0.0,Declining,3,"Low-Value, Reliable, Lapsed",Low Risk
15803,3,0,3,0.0,Likely to Exit,145.17,2.8465,1929.66,4,482.42,2.7268,73,23,0.1739,2010-02-01,2011-10-19,,Insufficient History,1,"Mid-Value, Unreliable, Recent",High Risk
15804,8,6,2,75.0,Likely to Stay,1121.76,4.094,3848.55,19,202.56,0.3665,22,8,2.375,2011-05-25,2011-12-09,0.842,Declining,0,"High-Value, Reliable, Recent",Low Risk
15805,17,4,13,23.53,Likely to Exit,1588.61,2.847,9708.92,40,242.72,0.9241,45,25,1.6,2009-12-10,2011-11-16,3.386,Increasing,0,"High-Value, Reliable, Recent",High Risk
15806,3,0,3,0.0,Likely to Exit,62.13,2.0042,784.58,3,261.53,1.544,68,10,0.3,2011-03-08,2011-10-24,1.186,Increasing,1,"Mid-Value, Unreliable, Recent",High Risk
15807,5,0,5,0.0,Likely to Exit,239.07,2.6862,1807.57,6,301.26,2.2938,72,23,0.2609,2010-02-11,2011-10-20,0.422,Declining,1,"Mid-Value, Unreliable, Recent",High Risk
15808,14,12,2,85.71,Very Loyal,2957.65,3.384,18248.83,24,760.37,1.1789,328,25,0.96,2009-12-01,2011-02-06,,Insufficient History,0,"High-Value, Reliable, Recent",Low Risk
15809,7,1,6,14.29,Likely to Exit,832.27,12.4219,862.88,9,95.88,2.0589,57,19,0.4737,2010-06-22,2011-11-04,,Insufficient History,1,"Mid-Value, Unreliable, Recent",High Risk
15810,11,1,10,9.09,Likely to Exit,501.09,2.5963,2724.8,13,209.6,1.6249,100,25,0.52,2009-12-22,2011-09-22,-0.0,Declining,0,"High-Value, Reliable, Recent",High Risk
15811,7,3,4,42.86,At Risk,1046.56,3.3119,3843.22,10,384.32,1.4119,39,14,0.7143,2010-11-16,2011-11-22,0.916,Stable,0,"High-Value, Reliable, Recent",Medium Risk
15812,12,1,11,8.33,Likely to Exit,419.84,3.3321,5186.17,13,398.94,1.447,129,25,0.52,2009-12-15,2011-08-24,0.0,Declining,0,"High-Value, Reliable, Recent",High Risk
15813,2,1,1,50.0,At Risk,151.0,3.775,1303.91,2,651.95,1.9103,229,9,0.2222,2011-04-14,2011-05-16,,Insufficient History,1,"Mid-Value, Unreliable, Recent",Medium Risk
15814,5,2,3,40.0,At Risk,328.18,3.2818,2531.84,8,316.48,2.3648,25,21,0.381,2010-04-15,2011-12-06,,Insufficient History,0,"High-Value, Reliable, Recent",Medium Risk
15815,5,0,5,0.0,Likely to Exit,105.86,2.1604,2100.6,5,420.12,1.0566,85,10,0.5,2011-03-25,2011-10-07,0.47,Declining,1,"Mid-Value, Unreliable, Recent",High Risk
15816,1,0,1,0.0,Likely to Exit,57.6,4.8,93.3,3,31.1,4.2426,564,19,0.1579,2010-06-15,2010-06-15,,Insufficient History,2,"Mid-Value, Unreliable, Lapsed",High Risk
15817,3,2,1,66.67,Likely to Stay,455.16,2.9945,2766.4,3,922.13,2.423,442,19,0.1579,2010-06-14,2010-10-15,,Insufficient History,2,"Mid-Value, Unreliable, Lapsed",Low Risk
15818,1,0,1,0.0,Likely to Exit,20.17,1.8336,340.5,1,340.5,4.4721,610,21,0.0476,2010-04-30,2010-04-30,,Insufficient History,2,"Mid-Value, Unreliable, Lapsed",High Risk
15819,8,0,8,0.0,Likely to Exit,503.64,1.9077,3911.28,11,355.57,1.3611,71,22,0.5,2010-03-18,2011-10-21,0.784,Declining,0,"High-Value, Reliable, Recent",High Risk
15820,1,0,1,0.0,Likely to Exit,38.24,2.2494,206.98,1,206.98,3.3166,341,12,0.0833,2011-01-24,2011-01-24,,Insufficient History,2,"Mid-Value, Unreliable, Lapsed",High Risk
15821,1,1,0,100.0,Very Loyal,229.18,3.6965,570.96,2,285.48,1.4142,66,3,0.6667,2011-10-09,2011-10-26,,Insufficient History,1,"Mid-Value, Unreliable, Recent",Low Risk
15822,7,0,7,0.0,Likely to Exit,223.4,3.1028,1777.91,8,222.24,2.0314,25,25,0.32,2009-12-06,2011-12-06,,Insufficient History,1,"Mid-Value, Unreliable, Recent",High Risk
15823,4,1,3,25.0,Likely to Exit,656.45,3.7511,3033.86,6,505.64,4.8598,359,25,0.24,2009-12-08,2011-01-06,,Insufficient History,2,"Mid-Value, Unreliable, Lapsed",High Risk
15824,2,0,2,0.0,Likely to Exit,67.33,2.5896,890.94,2,445.47,2.9365,475,19,0.1053,2010-06-25,2010-09-12,,Insufficient History,2,"Mid-Value, Unreliable, Lapsed",High Risk
15825,1,1,0,100.0,Very Loyal,176.79,8.8395,532.94,1,532.94,2.4495,194,7,0.1429,2011-06-20,2011-06-20,,Insufficient History,1,"Mid-Value, Unreliable, Recent",Low Risk
15826,3,2,1,66.67,Likely to Stay,356.01,2.9422,2583.13,6,430.52,2.4003,73,20,0.3,2010-05-20,2011-10-19,,Insufficient History,0,"High-Value, Reliable, Recent",Low Risk
15827,18,3,15,16.67,Likely to Exit,1347.49,5.0468,3430.96,42,81.69,0.7387,95,24,1.75,2010-01-08,2011-09-27,0.0,Declining,0,"High-Value, Reliable, Recent",High Risk
15828,1,1,0,100.0,Very Loyal,336.24,4.5438,1108.82,1,1108.82,3.6056,397,14,0.0714,2010-11-29,2010-11-29,,Insufficient History,2,"Mid-Value, Unreliable, Lapsed",Low Risk
15829,2,0,2,0.0,Likely to Exit,53.69,1.0527,636.14,2,318.07,1.4148,121,6,0.3333,2011-07-22,2011-09-01,0.0,Declining,1,"Mid-Value, Unreliable, Recent",High Risk
15830,1,1,0,100.0,Very Loyal,122.84,2.9961,547.7,2,273.85,1.0,51,2,1.0,2011-11-02,2011-11-10,,Insufficient History,1,"Mid-Value, Unreliable, Recent",Low Risk
15831,3,1,2,33.33,Likely to Exit,186.38,2.7012,747.76,4,186.94,1.8603,80,12,0.3333,2011-01-19,2011-10-12,2.484,Increasing,1,"Mid-Value, Unreliable, Recent",Medium Risk
15832,1,1,0,100.0,Very Loyal,124.75,2.3102,836.79,1,836.79,3.0,276,10,0.1,2011-03-30,2011-03-30,,Insufficient History,2,"Mid-Value, Unreliable, Lapsed",Low Risk
15833,1,0,1,0.0,Likely to Exit,19.35,3.87,80.4,1,80.4,4.899,759,25,0.04,2009-12-02,2009-12-02,,Insufficient History,2,"Mid-Value, Unreliable, Lapsed",High Risk
15834,6,5,1,83.33,Very Loyal,1619.31,4.228,3600.29,9,400.03,1.6561,92,15,0.6,2010-10-11,2011-09-30,0.0,Declining,0,"High-Value, Reliable, Recent",Low Risk
15835,4,0,4,0.0,Likely to Exit,153.65,3.073,954.09,4,238.52,1.4636,66,12,0.3333,2011-01-13,2011-10-26,1.488,Increasing,1,"Mid-Value, Unreliable, Recent",High Risk
15836,1,1,0,100.0,Very Loyal,112.34,9.3617,117.47,2,58.73,1.4142,67,3,0.6667,2011-10-20,2011-10-25,,Insufficient History,1,"Mid-Value, Unreliable, Recent",Low Risk
15837,2,0,2,0.0,Likely to Exit,193.1,3.7135,777.01,2,388.5,2.7387,86,17,0.1176,2010-08-11,2011-10-06,,Insufficient History,1,"Mid-Value, Unreliable, Recent",High Risk
15838,19,0,19,0.0,Likely to Exit,410.09,1.9163,73404.11,38,1931.69,1.6827,33,25,1.52,2009-12-15,2011-11-28,2.1,Increasing,0,"High-Value, Reliable, Recent",High Risk
15839,3,0,3,0.0,Likely to Exit,148.81,2.2894,1020.74,5,204.15,1.0812,47,6,0.8333,2011-07-14,2011-11-14,0.291,Declining,1,"Mid-Value, Unreliable, Recent",High Risk
15840,2,0,2,0.0,Likely to Exit,57.9,2.0679,345.66,3,115.22,1.7184,80,7,0.4286,2011-06-20,2011-10-12,,Insufficient History,1,"Mid-Value, Unreliable, Recent",High Risk
15841,9,0,9,0.0,Likely to Exit,178.26,1.8569,2716.5,12,226.38,1.7568,86,25,0.48,2009-12-10,2011-10-06,-0.008,Declining,0,"High-Value, Reliable, Recent",High Risk
15842,2,0,2,0.0,Likely to Exit,97.03,3.4654,528.75,3,176.25,3.1319,410,19,0.1579,2010-06-30,2010-11-16,,Insufficient History,2,"Mid-Value, Unreliable, Lapsed",High Risk
15843,1,0,1,0.0,Likely to Exit,57.15,7.1437,118.95,1,118.95,3.1623,325,11,0.0909,2011-02-09,2011-02-09,,Insufficient History,2,"Mid-Value, Unreliable, Lapsed",High Risk
15844,1,0,1,0.0,Likely to Exit,19.73,1.7936,130.74,1,130.74,1.4142,68,3,0.3333,2011-10-24,2011-10-24,,Insufficient History,1,"Mid-Value, Unreliable, Recent",High Risk
15845,12,1,11,8.33,Likely to Exit,635.11,3.433,4273.65,14,305.26,1.4187,39,24,0.5833,2010-01-26,2011-11-22,0.585,Declining,0,"High-Value, Reliable, Recent",High Risk
15846,1,0,1,0.0,Likely to Exit,52.69,1.8169,107.01,1,107.01,3.6056,407,14,0.0714,2010-11-19,2010-11-19,,Insufficient History,2,"Mid-Value, Unreliable, Lapsed",High Risk
15847,5,0,5,0.0,Likely to Exit,172.34,3.5904,822.57,5,164.51,1.9421,60,22,0.2273,2010-03-08,2011-11-01,,Insufficient History,1,"Mid-Value, Unreliable, Recent",High Risk
15848,1,1,0,100.0,Very Loyal,114.74,3.2783,139.94,1,139.94,4.5826,643,22,0.0455,2010-03-28,2010-03-28,,Insufficient History,2,"Mid-Value, Unreliable, Lapsed",Low Risk
15849,1,1,0,100.0,Very Loyal,5876.34,5876.34,-5876.34,1,-5876.34,0.0,618,21,0.0476,2010-04-22,2010-04-22,,Insufficient History,3,"Low-Value, Reliable, Lapsed",Low Risk
15850,5,2,3,40.0,At Risk,658.15,1.9705,1058.72,6,176.45,2.8033,41,25,0.24,2009-12-13,2011-11-20,,Insufficient History,1,"Mid-Value, Unreliable, Recent",Medium Risk
15851,1,0,1,0.0,Likely to Exit,15.94,1.9925,109.73,1,109.73,4.1231,548,18,0.0556,2010-07-01,2010-07-01,,Insufficient History,2,"Mid-Value, Unreliable, Lapsed",High Risk
15852,3,0,3,0.0,Likely to Exit,157.61,4.7761,257.26,3,85.75,2.309,208,18,0.1667,2010-07-01,2011-06-06,,Insufficient History,1,"Mid-Value, Unreliable, Recent",High Risk
15853,1,0,1,0.0,Likely to Exit,44.08,1.4693,110.8,1,110.8,1.4142,73,3,0.3333,2011-10-19,2011-10-19,,Insufficient History,1,"Mid-Value, Unreliable, Recent",High Risk
15854,16,2,14,12.5,Likely to Exit,864.4,3.3504,5583.81,21,265.9,0.9883,26,25,0.84,2009-12-10,2011-12-05,0.168,Declining,0,"High-Value, Reliable, Recent",High Risk
15855,6,0,6,0.0,Likely to Exit,181.74,1.9131,1052.72,6,175.45,1.5901,158,17,0.3529,2010-08-20,2011-07-26,0.0,Declining,1,"Mid-Value, Unreliable, Recent",High Risk
15856,23,5,18,21.74,Likely to Exit,2301.83,1.964,33817.44,58,583.06,0.8893,26,25,2.32,2009-12-03,2011-12-05,1.284,Increasing,0,"High-Value, Reliable, Recent",High Risk
15857,2,0,2,0.0,Likely to Exit,30.97,1.2904,570.48,2,285.24,2.552,40,15,0.1333,2010-10-05,2011-11-21,,Insufficient History,1,"Mid-Value, Unreliable, Recent",High Risk
15858,11,5,6,45.45,At Risk,1312.43,2.706,3917.87,15,261.19,1.392,37,25,0.6,2009-12-10,2011-11-24,3.046,Increasing,0,"High-Value, Reliable, Recent",Medium Risk
15859,1,1,0,100.0,Very Loyal,108.64,4.9382,438.46,1,438.46,3.7417,454,15,0.0667,2010-10-03,2010-10-03,,Insufficient History,2,"Mid-Value, Unreliable, Lapsed",Low Risk
15860,11,5,6,45.45,At Risk,1208.26,3.2833,2505.21,17,147.37,1.459,62,25,0.68,2009-12-06,2011-10-30,0.224,Declining,0,"High-Value, Reliable, Recent",Medium Risk
15861,8,7,1,87.5,Very Loyal,1596.48,1.9857,4217.99,15,281.2,1.8555,34,24,0.625,2010-01-28,2011-11-27,4.59,Increasing,0,"High-Value, Reliable, Recent",Low Risk
15862,9,6,3,66.67,Likely to Stay,1613.52,2.7771,2928.29,13,225.25,1.6583,30,25,0.52,2009-12-17,2011-12-01,1.026,Stable,0,"High-Value, Reliable, Recent",Low Risk
15863,5,1,4,20.0,Likely to Exit,244.4,3.0937,358.7,5,71.74,2.6182,47,25,0.2,2009-12-17,2011-11-14,,Insufficient History,1,"Mid-Value, Unreliable, Recent",High Risk
15864,7,0,7,0.0,Likely to Exit,71.55,2.65,2014.22,9,223.8,1.3117,44,14,0.6429,2010-11-23,2011-11-17,1.519,Increasing,0,"High-Value, Reliable, Recent",High Risk
15865,5,2,3,40.0,At Risk,536.11,4.2213,2248.92,5,449.78,2.1519,62,24,0.2083,2010-01-05,2011-10-30,1.005,Stable,1,"Mid-Value, Unreliable, Recent",Medium Risk
15866,1,1,0,100.0,Very Loyal,174.25,3.8722,230.53,1,230.53,2.0,123,5,0.2,2011-08-30,2011-08-30,,Insufficient History,1,"Mid-Value, Unreliable, Recent",Low Risk
15867,22,17,5,77.27,Likely to Stay,3604.0,3.3745,8974.85,35,256.42,0.6113,27,25,1.4,2009-12-14,2011-12-04,0.392,Declining,0,"High-Value, Reliable, Recent",Low Risk
15868,1,0,1,0.0,Likely to Exit,10.07,2.5175,94.53,1,94.53,4.3589,605,20,0.05,2010-05-05,2010-05-05,,Insufficient History,2,"Mid-Value, Unreliable, Lapsed",High Risk
15869,2,0,2,0.0,Likely to Exit,79.12,2.2606,323.66,3,107.89,3.1721,299,22,0.1364,2010-03-23,2011-03-07,,Insufficient History,2,"Mid-Value, Unreliable, Lapsed",High Risk
15870,3,2,1,66.67,Likely to Stay,418.97,2.8501,862.61,4,215.65,2.2483,54,16,0.25,2010-09-19,2011-11-07,,Insufficient History,1,"Mid-Value, Unreliable, Recent",Low Risk
15871,1,0,1,0.0,Likely to Exit,33.1,6.62,33.1,1,33.1,3.873,459,16,0.0625,2010-09-28,2010-09-28,,Insufficient History,2,"Mid-Value, Unreliable, Lapsed",High Risk
15872,3,2,1,66.67,Likely to Stay,473.83,2.2039,795.68,4,198.92,2.5094,36,19,0.2105,2010-06-07,2011-11-25,,Insufficient History,1,"Mid-Value, Unreliable, Recent",Low Risk
15873,2,0,2,0.0,Likely to Exit,2.73,0.3033,138.24,5,27.65,4.1231,514,18,0.2778,2010-07-27,2010-08-04,,Insufficient History,2,"Mid-Value, Unreliable, Lapsed",High Risk
15874,14,7,7,50.0,At Risk,2393.56,6.4691,11135.0,25,445.4,1.3827,85,24,1.0417,2010-01-07,2011-10-07,,Insufficient History,0,"High-Value, Reliable, Recent",Medium Risk
15875,1,0,1,0.0,Likely to Exit,43.87,1.7548,111.72,1,111.72,4.5826,668,22,0.0455,2010-03-03,2010-03-03,,Insufficient History,2,"Mid-Value, Unreliable, Lapsed",High Risk
15876,2,0,2,0.0,Likely to Exit,40.72,3.7018,1449.14,2,724.57,2.6459,431,16,0.125,2010-09-17,2010-10-26,,Insufficient History,2,"Mid-Value, Unreliable, Lapsed",High Risk
15877,2,1,1,50.0,At Risk,242.3,1.8496,440.78,3,146.93,0.0178,23,2,1.5,2011-11-22,2011-12-08,,Insufficient History,1,"Mid-Value, Unreliable, Recent",Medium Risk
15878,2,0,2,0.0,Likely to Exit,111.83,2.1927,330.77,2,165.38,3.5353,583,25,0.08,2009-12-06,2010-05-27,,Insufficient History,2,"Mid-Value, Unreliable, Lapsed",High Risk
15879,4,2,2,50.0,At Risk,615.33,3.3625,1157.3,4,289.33,2.7249,426,25,0.16,2009-12-17,2010-10-31,,Insufficient History,2,"Mid-Value, Unreliable, Lapsed",Medium Risk
15880,1,1,0,100.0,Very Loyal,458.24,2.1615,626.56,2,313.28,3.4641,391,13,0.1538,2010-12-05,2010-12-05,,Insufficient History,2,"Mid-Value, Unreliable, Lapsed",Low Risk
15881,2,0,2,0.0,Likely to Exit,103.44,3.2325,438.24,8,54.78,2.5381,334,13,0.6154,2010-12-10,2011-01-31,,Insufficient History,1,"Mid-Value, Unreliable, Recent",High Risk
15882,6,0,6,0.0,Likely to Exit,152.7,1.9577,1448.91,10,144.89,2.5406,220,25,0.4,2009-12-10,2011-05-25,,Insufficient History,1,"Mid-Value, Unreliable, Recent",High Risk
15883,2,0,2,0.0,Likely to Exit,144.78,2.9547,396.48,2,198.24,0.2748,24,2,1.0,2011-11-06,2011-12-07,,Insufficient History,1,"Mid-Value, Unreliable, Recent",High Risk
15884,2,0,2,0.0,Likely to Exit,37.26,2.3288,243.75,3,81.25,4.7401,454,25,0.12,2009-12-03,2010-10-03,,Insufficient History,2,"Mid-Value, Unreliable, Lapsed",High Risk
15885,11,0,11,0.0,Likely to Exit,540.77,4.4325,1737.57,20,86.88,1.3971,114,24,0.8333,2010-01-21,2011-09-08,0.0,Declining,0,"High-Value, Reliable, Recent",High Risk
15886,3,0,3,0.0,Likely to Exit,207.14,3.341,1052.87,4,263.22,2.753,82,21,0.1905,2010-04-20,2011-10-10,,Insufficient History,1,"Mid-Value, Unreliable, Recent",High Risk
15887,3,0,3,0.0,Likely to Exit,100.07,2.7046,1027.15,3,342.38,2.4382,428,19,0.1579,2010-06-02,2010-10-29,,Insufficient History,2,"Mid-Value, Unreliable, Lapsed",High Risk
15888,3,0,3,0.0,Likely to Exit,151.0,3.6829,402.12,4,100.53,2.3572,101,18,0.2222,2010-07-01,2011-09-21,0.0,Declining,1,"Mid-Value, Unreliable, Recent",High Risk
15889,6,4,2,66.67,Likely to Stay,1106.75,2.76,1795.83,9,199.54,2.0841,178,25,0.36,2009-12-10,2011-07-06,0.0,Declining,0,"High-Value, Reliable, Recent",Low Risk
15890,2,1,1,50.0,At Risk,125.53,12.553,535.65,5,107.13,3.0909,416,21,0.2381,2010-04-14,2010-11-10,,Insufficient History,2,"Mid-Value, Unreliable, Lapsed",Medium Risk
15891,1,1,0,100.0,Very Loyal,164.41,2.6518,524.52,1,524.52,2.8284,248,9,0.1111,2011-04-27,2011-04-27,,Insufficient History,1,"Mid-Value, Unreliable, Recent",Low Risk
15892,1,1,0,100.0,Very Loyal,104.98,2.7626,128.2,1,128.2,4.6904,691,23,0.0435,2010-02-08,2010-02-08,,Insufficient History,2,"Mid-Value, Unreliable, Lapsed",Low Risk
15893,1,0,1,0.0,Likely to Exit,1.06,1.06,305.28,1,305.28,4.0,503,17,0.0588,2010-08-15,2010-08-15,,Insufficient History,2,"Mid-Value, Unreliable, Lapsed",High Risk
15894,2,1,1,50.0,At Risk,158.36,2.0046,420.29,2,210.15,2.6593,275,13,0.1538,2010-12-05,2011-03-31,,Insufficient History,1,"Mid-Value, Unreliable, Recent",Medium Risk
15895,1,0,1,0.0,Likely to Exit,21.83,1.9845,179.17,1,179.17,2.2361,171,6,0.1667,2011-07-13,2011-07-13,0.0,Declining,1,"Mid-Value, Unreliable, Recent",High Risk
15896,1,1,0,100.0,Very Loyal,1899.67,1899.67,-1899.67,1,-1899.67,0.0,646,22,0.0455,2010-03-25,2010-03-25,,Insufficient History,3,"Low-Value, Reliable, Lapsed",Low Risk
15897,1,0,1,0.0,Likely to Exit,50.21,2.0921,222.05,2,111.03,2.6458,216,8,0.25,2011-05-29,2011-05-29,,Insufficient History,1,"Mid-Value, Unreliable, Recent",High Risk
15898,16,7,9,43.75,At Risk,2527.98,3.596,5534.36,29,190.84,1.1494,23,25,1.16,2009-12-11,2011-12-08,,Insufficient History,0,"High-Value, Reliable, Recent",Medium Risk
15899,1,0,1,0.0,Likely to Exit,33.0,4.125,112.5,1,112.5,3.4641,390,13,0.0769,2010-12-06,2010-12-06,,Insufficient History,2,"Mid-Value, Unreliable, Lapsed",High Risk
15900,3,2,1,66.67,Likely to Stay,274.17,2.0929,890.5,5,178.1,2.59,45,20,0.25,2010-05-26,2011-11-16,,Insufficient History,1,"Mid-Value, Unreliable, Recent",Low Risk
15901,5,1,4,20.0,Likely to Exit,375.6,2.1711,684.23,9,76.03,1.7334,38,19,0.4737,2010-06-14,2011-11-23,0.559,Declining,1,"Mid-Value, Unreliable, Recent",High Risk
15902,1,0,1,0.0,Likely to Exit,38.69,2.1494,145.01,1,145.01,3.6056,402,14,0.0714,2010-11-24,2010-11-24,,Insufficient History,2,"Mid-Value, Unreliable, Lapsed",High Risk
15903,10,0,10,0.0,Likely to Exit,308.03,2.5885,8859.82,15,590.65,2.0915,31,25,0.6,2009-12-08,2011-11-30,1.387,Increasing,0,"High-Value, Reliable, Recent",High Risk
15904,1,0,1,0.0,Likely to Exit,88.6,2.9533,164.68,1,164.68,0.0,30,1,1.0,2011-12-01,2011-12-01,,Insufficient History,1,"Mid-Value, Unreliable, Recent",High Risk
15905,1,0,1,0.0,Likely to Exit,60.89,2.7677,114.69,1,114.69,4.2426,565,19,0.0526,2010-06-14,2010-06-14,,Insufficient History,2,"Mid-Value, Unreliable, Lapsed",High Risk
15906,8,5,3,62.5,Likely to Stay,927.16,4.479,2467.89,12,205.66,1.2701,41,16,0.75,2010-09-15,2011-11-20,6.722,Increasing,0,"High-Value, Reliable, Recent",Low Risk
15907,3,3,0,100.0,Very Loyal,644.97,2.5902,967.45,3,322.48,1.3567,25,8,0.375,2011-05-13,2011-12-06,,Insufficient History,1,"Mid-Value, Unreliable, Recent",Low Risk
15908,2,1,1,50.0,At Risk,139.39,3.3998,764.57,2,382.29,3.2081,512,18,0.1111,2010-07-15,2010-08-06,,Insufficient History,2,"Mid-Value, Unreliable, Lapsed",Medium Risk
15909,1,0,1,0.0,Likely to Exit,13.02,1.86,191.94,1,191.94,2.4495,195,7,0.1429,2011-06-19,2011-06-19,,Insufficient History,1,"Mid-Value, Unreliable, Recent",High Risk
15910,15,2,13,13.33,Likely to Exit,1119.67,1.7829,2681.8,15,178.79,0.9656,22,24,0.625,2010-01-21,2011-12-09,5.045,Increasing,0,"High-Value, Reliable, Recent",High Risk
15911,5,3,2,60.0,Likely to Stay,1026.54,3.9331,1401.55,10,140.16,2.8201,470,25,0.4,2009-12-09,2010-09-17,,Insufficient History,2,"Mid-Value, Unreliable, Lapsed",Low Risk
15912,6,1,5,16.67,Likely to Exit,261.47,2.7523,1074.7,9,119.41,2.2241,200,25,0.36,2009-12-10,2011-06-14,,Insufficient History,1,"Mid-Value, Unreliable, Recent",High Risk
15913,1,0,1,0.0,Likely to Exit,2.1,2.1,6.3,1,6.3,4.2426,556,19,0.0526,2010-06-23,2010-06-23,,Insufficient History,3,"Low-Value, Reliable, Lapsed",High Risk
15914,1,0,1,0.0,Likely to Exit,45.12,3.4708,205.99,2,102.99,3.6056,400,14,0.1429,2010-11-26,2010-11-26,,Insufficient History,2,"Mid-Value, Unreliable, Lapsed",High Risk
15915,1,1,0,100.0,Very Loyal,255.92,1.7529,429.21,1,429.21,3.6056,423,14,0.0714,2010-11-03,2010-11-03,,Insufficient History,2,"Mid-Value, Unreliable, Lapsed",Low Risk
15916,11,6,5,54.55,At Risk,1333.72,3.8998,3277.67,17,192.8,1.3767,38,25,0.68,2009-12-10,2011-11-23,4.559,Increasing,0,"High-Value, Reliable, Recent",Medium Risk
15917,3,1,2,33.33,Likely to Exit,394.27,2.5437,560.63,5,112.13,3.0499,269,25,0.2,2009-12-02,2011-04-06,,Insufficient History,1,"Mid-Value, Unreliable, Recent",Medium Risk
15918,3,0,3,0.0,Likely to Exit,173.52,2.8446,582.88,3,194.29,2.5888,212,22,0.1364,2010-03-18,2011-06-02,,Insufficient History,1,"Mid-Value, Unreliable, Recent",High Risk
15919,2,2,0,100.0,Very Loyal,495.38,2.5801,910.61,2,455.31,2.3943,41,13,0.1538,2010-12-06,2011-11-20,,Insufficient History,1,"Mid-Value, Unreliable, Recent",Low Risk
15920,5,1,4,20.0,Likely to Exit,327.47,3.0321,571.64,9,63.52,2.1589,176,25,0.36,2009-12-14,2011-07-08,0.0,Declining,1,"Mid-Value, Unreliable, Recent",High Risk
15921,4,1,3,25.0,Likely to Exit,347.78,4.1901,802.11,4,200.53,2.3442,194,22,0.1818,2010-03-09,2011-06-20,,Insufficient History,1,"Mid-Value, Unreliable, Recent",High Risk
15922,1,1,0,100.0,Very Loyal,102.9,4.2875,727.2,2,363.6,3.4641,394,13,0.1538,2010-12-01,2010-12-02,,Insufficient History,2,"Mid-Value, Unreliable, Lapsed",Low Risk
15923,1,1,0,100.0,Very Loyal,118.22,2.8148,254.16,1,254.16,3.4641,394,13,0.0769,2010-12-02,2010-12-02,,Insufficient History,2,"Mid-Value, Unreliable, Lapsed",Low Risk
15924,1,0,1,0.0,Likely to Exit,53.46,3.564,102.82,1,102.82,4.899,753,25,0.04,2009-12-08,2009-12-08,,Insufficient History,2,"Mid-Value, Unreliable, Lapsed",High Risk
15925,1,0,1,0.0,Likely to Exit,34.75,2.8958,207.15,1,207.15,2.6458,216,8,0.125,2011-05-29,2011-05-29,,Insufficient History,1,"Mid-Value, Unreliable, Recent",High Risk
15926,1,0,1,0.0,Likely to Exit,7.26,1.0371,134.44,1,134.44,4.2426,564,19,0.0526,2010-06-15,2010-06-15,,Insufficient History,2,"Mid-Value, Unreliable, Lapsed",High Risk
15927,1,0,1,0.0,Likely to Exit,56.42,3.3188,123.39,1,123.39,4.5826,669,22,0.0455,2010-03-02,2010-03-02,,Insufficient History,2,"Mid-Value, Unreliable, Lapsed",High Risk
15928,1,0,1,0.0,Likely to Exit,24.6,2.2364,293.53,1,293.53,4.6904,678,23,0.0435,2010-02-21,2010-02-21,,Insufficient History,2,"Mid-Value, Unreliable, Lapsed",High Risk
15929,1,0,1,0.0,Likely to Exit,4.95,4.95,594.0,1,594.0,4.5826,666,22,0.0455,2010-03-05,2010-03-05,,Insufficient History,2,"Mid-Value, Unreliable, Lapsed",High Risk
15930,1,0,1,0.0,Likely to Exit,84.48,4.0229,426.63,1,426.63,1.4142,89,3,0.3333,2011-10-03,2011-10-03,,Insufficient History,1,"Mid-Value, Unreliable, Recent",High Risk
15931,1,0,1,0.0,Likely to Exit,67.4,4.8143,239.9,1,239.9,3.7417,450,15,0.0667,2010-10-07,2010-10-07,,Insufficient History,2,"Mid-Value, Unreliable, Lapsed",High Risk
15932,8,0,8,0.0,Likely to Exit,184.75,1.5525,2461.85,11,223.8,0.6139,26,11,1.0,2011-02-23,2011-12-05,0.49,Declining,0,"High-Value, Reliable, Recent",High Risk
15933,2,1,1,50.0,At Risk,158.04,2.1357,1107.46,3,369.15,1.0949,43,4,0.75,2011-09-14,2011-11-18,,Insufficient History,1,"Mid-Value, Unreliable, Recent",Medium Risk
15934,1,0,1,0.0,Likely to Exit,51.35,1.7707,2190.66,2,1095.33,3.7417,439,15,0.1333,2010-10-06,2010-10-18,,Insufficient History,2,"Mid-Value, Unreliable, Lapsed",High Risk
15935,2,1,1,50.0,At Risk,373.7,10.9912,108.04,3,36.01,4.899,261,25,0.12,2009-12-08,2011-04-14,,Insufficient History,2,"Mid-Value, Unreliable, Lapsed",Medium Risk
15936,2,0,2,0.0,Likely to Exit,55.76,2.9347,282.79,2,141.39,2.8086,401,17,0.1176,2010-08-29,2010-11-25,,Insufficient History,2,"Mid-Value, Unreliable, Lapsed",High Risk
15937,1,0,1,0.0,Likely to Exit,16.6,2.3714,145.35,1,145.35,1.4142,86,3,0.3333,2011-10-06,2011-10-06,,Insufficient History,1,"Mid-Value, Unreliable, Recent",High Risk
15938,9,0,9,0.0,Likely to Exit,86.98,2.2303,734.81,9,81.65,1.1033,134,19,0.4737,2010-06-01,2011-08-19,0.0,Declining,1,"Mid-Value, Unreliable, Recent",High Risk
15939,10,1,9,10.0,Likely to Exit,303.11,1.871,9047.64,17,532.21,1.3298,111,14,1.2143,2010-11-30,2011-09-11,0.0,Declining,0,"High-Value, Reliable, Recent",High Risk
15940,2,0,2,0.0,Likely to Exit,20.9,6.9667,-0.0,3,-0.0,3.7417,333,15,0.2,2010-10-26,2011-02-01,,Insufficient History,3,"Low-Value, Reliable, Lapsed",High Risk
15941,2,0,2,0.0,Likely to Exit,62.3,6.23,230.6,2,115.3,4.5826,535,22,0.0909,2010-03-12,2010-07-14,,Insufficient History,2,"Mid-Value, Unreliable, Lapsed",High Risk
15942,1,0,1,0.0,Likely to Exit,37.21,2.6579,337.44,1,337.44,2.2361,155,6,0.1667,2011-07-29,2011-07-29,0.0,Declining,1,"Mid-Value, Unreliable, Recent",High Risk
15943,2,0,2,0.0,Likely to Exit,20.79,1.7325,271.29,2,135.64,3.3263,671,24,0.0833,2010-01-31,2010-02-28,,Insufficient History,2,"Mid-Value, Unreliable, Lapsed",High Risk
15944,4,0,4,0.0,Likely to Exit,144.95,3.8145,2164.24,4,541.06,2.3638,298,25,0.16,2009-12-13,2011-03-08,,Insufficient History,1,"Mid-Value, Unreliable, Recent",High Risk
15945,4,0,4,0.0,Likely to Exit,110.72,3.6907,827.27,4,206.82,2.5893,387,25,0.16,2009-12-01,2010-12-09,,Insufficient History,1,"Mid-Value, Unreliable, Recent",High Risk
15946,2,0,2,0.0,Likely to Exit,66.0,2.5385,2304.18,3,768.06,3.1623,524,22,0.1364,2010-03-16,2010-07-25,,Insufficient History,2,"Mid-Value, Unreliable, Lapsed",High Risk
15947,1,1,0,100.0,Very Loyal,116.64,4.0221,1708.24,1,1708.24,1.7321,104,4,0.25,2011-09-18,2011-09-18,,Insufficient History,1,"Mid-Value, Unreliable, Recent",Low Risk
15948,3,0,3,0.0,Likely to Exit,241.09,2.5378,1509.09,3,503.03,2.0955,30,15,0.2,2010-10-11,2011-12-01,,Insufficient History,1,"Mid-Value, Unreliable, Recent",High Risk
15949,2,0,2,0.0,Likely to Exit,34.67,1.8247,364.72,2,182.36,1.0862,38,4,0.5,2011-09-29,2011-11-23,,Insufficient History,1,"Mid-Value, Unreliable, Recent",High Risk
15950,10,6,4,60.0,Likely to Stay,1238.79,3.0816,6938.51,13,533.73,1.7438,23,24,0.5417,2010-01-26,2011-12-08,0.39,Declining,0,"High-Value, Reliable, Recent",Low Risk
15951,3,0,3,0.0,Likely to Exit,257.93,4.2284,974.52,4,243.63,1.9237,23,14,0.2857,2010-11-23,2011-12-08,,Insufficient History,1,"Mid-Value, Unreliable, Recent",High Risk
15952,4,1,3,25.0,Likely to Exit,298.08,3.2756,806.57,4,201.64,1.2105,55,9,0.4444,2011-04-28,2011-11-06,5.032,Increasing,1,"Mid-Value, Unreliable, Recent",High Risk
15953,13,1,12,7.69,Likely to Exit,637.35,3.3195,3524.7,21,167.84,1.096,37,25,0.84,2009-12-03,2011-11-24,,Insufficient History,0,"High-Value, Reliable, Recent",High Risk
15954,1,0,1,0.0,Likely to Exit,34.0,1.7,190.75,1,190.75,4.4721,611,21,0.0476,2010-04-29,2010-04-29,,Insufficient History,2,"Mid-Value, Unreliable, Lapsed",High Risk
15955,14,3,11,21.43,Likely to Exit,1058.44,2.8762,8622.61,25,344.9,1.056,46,23,1.087,2010-02-23,2011-11-15,0.943,Stable,0,"High-Value, Reliable, Recent",High Risk
15956,2,0,2,0.0,Likely to Exit,36.9,2.05,617.6,2,308.8,3.3971,573,25,0.08,2009-12-13,2010-06-06,,Insufficient History,2,"Mid-Value, Unreliable, Lapsed",High Risk
15957,2,2,0,100.0,Very Loyal,365.0,2.4172,930.1,3,310.03,2.5584,53,15,0.2,2010-10-15,2011-11-08,,Insufficient History,1,"Mid-Value, Unreliable, Recent",Low Risk
15958,4,1,3,25.0,Likely to Exit,239.58,3.2376,492.99,4,123.25,2.0341,96,19,0.2105,2010-06-07,2011-09-26,0.0,Declining,1,"Mid-Value, Unreliable, Recent",High Risk
15959,1,1,0,100.0,Very Loyal,295.81,3.7924,579.49,3,193.16,4.7958,704,24,0.125,2010-01-26,2010-01-26,,Insufficient History,2,"Mid-Value, Unreliable, Lapsed",Low Risk
15960,3,0,3,0.0,Likely to Exit,109.25,4.0463,394.0,5,78.8,2.716,396,16,0.3125,2010-09-30,2010-11-30,,Insufficient History,2,"Mid-Value, Unreliable, Lapsed",High Risk
15961,1,1,0,100.0,Very Loyal,157.18,3.7424,451.29,1,451.29,3.6056,401,14,0.0714,2010-11-25,2010-11-25,,Insufficient History,2,"Mid-Value, Unreliable, Lapsed",Low Risk
15962,1,0,1,0.0,Likely to Exit,93.52,1.6124,295.83,1,295.83,3.873,471,16,0.0625,2010-09-16,2010-09-16,,Insufficient History,2,"Mid-Value, Unreliable, Lapsed",High Risk
15963,2,0,2,0.0,Likely to Exit,67.48,2.41,470.76,2,235.38,0.7443,41,3,0.6667,2011-10-25,2011-11-20,,Insufficient History,1,"Mid-Value, Unreliable, Recent",High Risk
15964,1,0,1,0.0,Likely to Exit,73.76,3.5124,272.96,1,272.96,4.6904,685,23,0.0435,2010-02-14,2010-02-14,,Insufficient History,2,"Mid-Value, Unreliable, Lapsed",High Risk
15965,9,3,6,33.33,Likely to Exit,914.37,2.4713,2999.34,14,214.24,1.6133,39,25,0.56,2009-12-03,2011-11-22,,Insufficient History,0,"High-Value, Reliable, Recent",Medium Risk
15966,1,0,1,0.0,Likely to Exit,70.66,2.2081,399.58,2,199.79,3.873,466,16,0.125,2010-09-15,2010-09-21,,Insufficient History,2,"Mid-Value, Unreliable, Lapsed",High Risk
15967,10,9,1,90.0,Very Loyal,1571.88,3.1312,3019.2,13,232.25,1.4069,45,25,0.52,2009-12-01,2011-11-16,,Insufficient History,0,"High-Value, Reliable, Recent",Low Risk
15968,1,1,0,100.0,Very Loyal,217.44,2.5581,418.05,1,418.05,3.6056,410,14,0.0714,2010-11-16,2010-11-16,,Insufficient History,2,"Mid-Value, Unreliable, Lapsed",Low Risk
15969,6,0,6,0.0,Likely to Exit,265.48,7.3744,1043.85,6,173.97,1.8083,24,18,0.3333,2010-07-05,2011-12-07,,Insufficient History,1,"Mid-Value, Unreliable, Recent",High Risk
15970,2,0,2,0.0,Likely to Exit,69.59,2.8996,1017.32,2,508.66,3.3221,325,21,0.0952,2010-04-20,2011-02-09,,Insufficient History,2,"Mid-Value, Unreliable, Lapsed",High Risk
15971,11,0,11,0.0,Likely to Exit,117.25,2.6056,4930.43,20,246.52,1.6433,39,25,0.8,2009-12-08,2011-11-22,1.51,Increasing,0,"High-Value, Reliable, Recent",High Risk
15972,4,3,1,75.0,Likely to Stay,747.8,5.1572,1810.27,5,362.05,2.3211,478,21,0.2381,2010-04-18,2010-09-09,,Insufficient History,2,"Mid-Value, Unreliable, Lapsed",Low Risk
15973,4,0,4,0.0,Likely to Exit,96.07,5.6512,780.39,5,156.08,2.6368,257,15,0.3333,2010-10-06,2011-04-18,,Insufficient History,1,"Mid-Value, Unreliable, Recent",High Risk
15974,7,1,6,14.29,Likely to Exit,498.34,2.8155,3429.55,8,428.69,0.8944,61,11,0.7273,2011-02-24,2011-10-31,0.651,Declining,0,"High-Value, Reliable, Recent",High Risk
15975,1,0,1,0.0,Likely to Exit,51.44,2.1433,371.01,1,371.01,1.7321,106,4,0.25,2011-09-16,2011-09-16,,Insufficient History,1,"Mid-Value, Unreliable, Recent",High Risk
15976,6,6,0,100.0,Very Loyal,1008.54,2.534,1746.64,6,291.11,1.5547,187,19,0.3158,2010-06-06,2011-06-27,,Insufficient History,0,"High-Value, Reliable, Recent",Low Risk
15977,2,0,2,0.0,Likely to Exit,194.96,2.9994,1054.73,2,527.37,0.8118,39,3,0.6667,2011-10-31,2011-11-22,,Insufficient History,1,"Mid-Value, Unreliable, Recent",High Risk
15978,3,1,2,33.33,Likely to Exit,297.55,2.2714,3272.62,5,654.52,2.7057,99,22,0.2273,2010-03-05,2011-09-23,0.0,Declining,1,"Mid-Value, Unreliable, Recent",Medium Risk
15979,1,0,1,0.0,Likely to Exit,28.25,1.2841,329.22,1,329.22,4.4721,624,21,0.0476,2010-04-16,2010-04-16,,Insufficient History,2,"Mid-Value, Unreliable, Lapsed",High Risk
15980,5,1,4,20.0,Likely to Exit,239.58,2.0133,6546.28,9,727.36,2.068,110,19,0.4737,2010-06-01,2011-09-12,0.0,Declining,0,"High-Value, Reliable, Recent",High Risk
15981,17,2,15,11.76,Likely to Exit,792.23,2.6855,9268.07,27,343.26,0.9969,46,22,1.2273,2010-03-29,2011-11-15,0.708,Declining,0,"High-Value, Reliable, Recent",High Risk
15982,1,1,0,100.0,Very Loyal,154.49,3.4331,324.51,1,324.51,4.4721,627,21,0.0476,2010-04-13,2010-04-13,,Insufficient History,2,"Mid-Value, Unreliable, Lapsed",Low Risk
15983,4,2,2,50.0,At Risk,665.83,2.1071,3958.82,8,494.85,2.8296,44,25,0.32,2009-12-06,2011-11-17,,Insufficient History,0,"High-Value, Reliable, Recent",Medium Risk
15984,19,9,10,47.37,At Risk,1955.34,2.5967,8671.12,32,270.97,1.0426,24,25,1.28,2009-12-01,2011-12-07,0.553,Declining,0,"High-Value, Reliable, Recent",Medium Risk
15985,7,0,7,0.0,Likely to Exit,188.62,1.7964,2610.28,8,326.29,1.7554,145,20,0.4,2010-05-27,2011-08-08,0.0,Declining,0,"High-Value, Reliable, Recent",High Risk
15986,2,0,2,0.0,Likely to Exit,36.06,1.4424,354.42,2,177.21,2.4532,52,14,0.1429,2010-11-23,2011-11-09,,Insufficient History,1,"Mid-Value, Unreliable, Recent",High Risk
15987,6,2,4,33.33,Likely to Exit,416.14,2.1232,1682.13,8,210.27,1.2782,34,14,0.5714,2010-11-25,2011-11-27,0.355,Declining,0,"High-Value, Reliable, Recent",Medium Risk
15988,3,1,2,33.33,Likely to Exit,388.58,3.0122,770.09,3,256.7,2.7093,41,23,0.1304,2010-02-21,2011-11-20,,Insufficient History,1,"Mid-Value, Unreliable, Recent",Medium Risk
15989,2,2,0,100.0,Very Loyal,274.03,3.114,372.51,2,186.25,3.4887,397,25,0.08,2009-12-02,2010-11-29,,Insufficient History,2,"Mid-Value, Unreliable, Lapsed",Low Risk
15990,6,2,4,33.33,Likely to Exit,508.36,2.8242,2010.05,7,287.15,1.7405,66,23,0.3043,2010-02-28,2011-10-26,,Insufficient History,0,"High-Value, Reliable, Recent",Medium Risk
15991,1,0,1,0.0,Likely to Exit,41.0,6.8333,150.55,1,150.55,4.2426,556,19,0.0526,2010-06-23,2010-06-23,,Insufficient History,2,"Mid-Value, Unreliable, Lapsed",High Risk
15992,3,0,3,0.0,Likely to Exit,136.9,2.5352,896.6,3,298.87,2.5991,25,16,0.1875,2010-09-12,2011-12-06,,Insufficient History,1,"Mid-Value, Unreliable, Recent",High Risk
15993,3,3,0,100.0,Very Loyal,1271.81,2.2711,2756.82,10,275.68,0.5286,30,3,3.3333,2011-10-26,2011-12-01,,Insufficient History,0,"High-Value, Reliable, Recent",Low Risk
15994,3,3,0,100.0,Very Loyal,400.51,3.4527,1198.84,5,239.77,2.5214,76,22,0.2273,2010-03-14,2011-10-16,,Insufficient History,1,"Mid-Value, Unreliable, Recent",Low Risk
15995,1,1,0,100.0,Very Loyal,306.12,2.7578,696.19,1,696.19,3.7417,436,15,0.0667,2010-10-21,2010-10-21,,Insufficient History,2,"Mid-Value, Unreliable, Lapsed",Low Risk
15996,7,3,4,42.86,At Risk,781.45,3.6688,1671.0,8,208.88,1.2926,110,14,0.5714,2010-11-07,2011-09-12,0.0,Declining,0,"High-Value, Reliable, Recent",Medium Risk
15997,1,0,1,0.0,Likely to Exit,1.95,1.95,-23.4,1,-23.4,0.0,639,21,0.0476,2010-04-01,2010-04-01,,Insufficient History,3,"Low-Value, Reliable, Lapsed",High Risk
15998,15,14,1,93.33,Very Loyal,3741.94,2.5878,8220.39,21,391.45,1.0247,58,25,0.84,2009-12-01,2011-11-03,1.453,Increasing,0,"High-Value, Reliable, Recent",Low Risk
15999,1,0,1,0.0,Likely to Exit,0.85,0.85,20.4,1,20.4,4.899,757,25,0.04,2009-12-04,2009-12-04,,Insufficient History,2,"Mid-Value, Unreliable, Lapsed",High Risk
16000,1,0,1,0.0,Likely to Exit,30.11,3.3456,12393.7,3,4131.23,0.0,24,1,3.0,2011-12-07,2011-12-07,,Insufficient History,0,"High-Value, Reliable, Recent",High Risk
16001,2,0,2,0.0,Likely to Exit,100.21,2.5695,519.06,2,259.53,4.2426,403,19,0.1053,2010-06-15,2010-11-23,,Insufficient History,2,"Mid-Value, Unreliable, Lapsed",High Risk
16002,1,1,0,100.0,Very Loyal,118.58,2.8233,169.21,1,169.21,4.5826,647,22,0.0455,2010-03-24,2010-03-24,,Insufficient History,2,"Mid-Value, Unreliable, Lapsed",Low Risk
16003,8,2,6,25.0,Likely to Exit,916.37,4.5141,5613.83,10,561.38,1.7002,51,25,0.4,2009-12-03,2011-11-10,24.017,Increasing,0,"High-Value, Reliable, Recent",High Risk
16004,4,1,3,25.0,Likely to Exit,276.31,3.0701,2146.39,5,429.28,2.5597,496,24,0.2083,2010-01-25,2010-08-22,,Insufficient History,2,"Mid-Value, Unreliable, Lapsed",High Risk
16005,6,5,1,83.33,Very Loyal,1178.96,2.2892,2403.77,11,218.52,1.6992,34,16,0.6875,2010-09-15,2011-11-27,,Insufficient History,0,"High-Value, Reliable, Recent",Low Risk
16006,2,1,1,50.0,At Risk,192.38,2.3461,347.17,2,173.59,2.6852,233,14,0.1429,2010-11-17,2011-05-12,,Insufficient History,1,"Mid-Value, Unreliable, Recent",Medium Risk
16007,6,6,0,100.0,Very Loyal,1235.28,1.8548,3075.14,7,439.31,1.6511,69,19,0.3684,2010-06-14,2011-10-23,,Insufficient History,0,"High-Value, Reliable, Recent",Low Risk
16008,10,3,7,30.0,Likely to Exit,636.03,2.5041,5384.13,15,358.94,1.7818,45,22,0.6818,2010-03-19,2011-11-16,0.773,Declining,0,"High-Value, Reliable, Recent",Medium Risk
16009,3,2,1,66.67,Likely to Stay,298.25,3.3139,992.71,4,248.18,1.1589,44,6,0.6667,2011-07-03,2011-11-17,1.148,Increasing,1,"Mid-Value, Unreliable, Recent",Low Risk
16010,4,3,1,75.0,Likely to Stay,615.28,2.0509,1722.11,12,143.51,2.1704,267,15,0.8,2010-10-24,2011-04-08,,Insufficient History,0,"High-Value, Reliable, Recent",Low Risk
16011,20,3,17,15.0,Likely to Exit,1170.31,2.5609,5867.01,30,195.57,0.8579,30,25,1.2,2009-12-01,2011-12-01,0.816,Declining,0,"High-Value, Reliable, Recent",High Risk
16012,5,2,3,40.0,At Risk,608.28,2.524,2989.79,5,597.96,1.868,57,19,0.2632,2010-06-28,2011-11-04,0.25,Declining,0,"High-Value, Reliable, Recent",Medium Risk
16013,24,1,23,4.17,Likely to Exit,804.37,3.2047,52788.92,94,561.58,0.7251,25,25,3.76,2009-12-08,2011-12-06,1.678,Increasing,0,"High-Value, Reliable, Recent",High Risk
16014,5,4,1,80.0,Very Loyal,769.74,2.6182,1121.02,6,186.84,2.0113,57,24,0.25,2010-01-31,2011-11-04,0.461,Declining,1,"Mid-Value, Unreliable, Recent",Low Risk
16015,3,1,2,33.33,Likely to Exit,236.72,1.2865,690.54,4,172.64,0.1974,25,3,1.3333,2011-10-21,2011-12-06,,Insufficient History,1,"Mid-Value, Unreliable, Recent",Medium Risk
16016,7,4,3,57.14,At Risk,1250.02,3.23,2495.04,14,178.22,1.3829,25,14,1.0,2010-11-02,2011-12-06,5.19,Increasing,0,"High-Value, Reliable, Recent",Medium Risk
16017,4,2,2,50.0,At Risk,408.41,3.1176,1553.83,5,310.77,2.8413,69,24,0.2083,2010-01-05,2011-10-23,,Insufficient History,1,"Mid-Value, Unreliable, Recent",Medium Risk
16018,4,0,4,0.0,Likely to Exit,139.93,2.4988,698.13,4,174.53,2.4265,61,25,0.16,2009-12-07,2011-10-31,,Insufficient History,1,"Mid-Value, Unreliable, Recent",High Risk
16019,17,6,11,35.29,Likely to Exit,1561.87,3.7187,16640.15,35,475.43,1.2536,23,25,1.4,2009-12-14,2011-12-08,1.076,Stable,0,"High-Value, Reliable, Recent",Medium Risk
16020,2,0,2,0.0,Likely to Exit,112.45,2.4446,851.01,3,283.67,0.7564,38,3,1.0,2011-10-05,2011-11-23,,Insufficient History,1,"Mid-Value, Unreliable, Recent",High Risk
16021,2,2,0,100.0,Very Loyal,352.84,2.4334,532.25,2,266.12,3.204,417,19,0.1053,2010-06-13,2010-11-09,,Insufficient History,2,"Mid-Value, Unreliable, Lapsed",Low Risk
16022,1,1,0,100.0,Very Loyal,251.48,3.3089,628.28,1,628.28,3.0,282,10,0.1,2011-03-24,2011-03-24,,Insufficient History,2,"Mid-Value, Unreliable, Lapsed",Low Risk
16023,3,1,2,33.33,Likely to Exit,316.06,3.1293,719.81,3,239.94,1.5965,68,10,0.3,2011-03-18,2011-10-24,,Insufficient History,1,"Mid-Value, Unreliable, Recent",Medium Risk
16024,2,0,2,0.0,Likely to Exit,113.78,1.323,484.2,3,161.4,2.5516,34,15,0.2,2010-10-24,2011-11-27,,Insufficient History,1,"Mid-Value, Unreliable, Recent",High Risk
16025,1,0,1,0.0,Likely to Exit,55.34,1.9764,439.66,1,439.66,1.0,51,2,0.5,2011-11-10,2011-11-10,,Insufficient History,1,"Mid-Value, Unreliable, Recent",High Risk
16026,1,0,1,0.0,Likely to Exit,41.14,1.2856,236.09,1,236.09,1.4142,65,3,0.3333,2011-10-27,2011-10-27,,Insufficient History,1,"Mid-Value, Unreliable, Recent",High Risk
16027,11,1,10,9.09,Likely to Exit,384.84,10.1274,1799.84,18,99.99,1.4571,113,24,0.75,2010-01-08,2011-09-09,0.0,Declining,0,"High-Value, Reliable, Recent",High Risk
16028,1,0,1,0.0,Likely to Exit,26.5,5.3,82.2,1,82.2,4.4721,617,21,0.0476,2010-04-23,2010-04-23,,Insufficient History,2,"Mid-Value, Unreliable, Lapsed",High Risk
16029,24,3,21,12.5,Likely to Exit,24833.37,59.1271,91800.91,125,734.41,1.1557,60,25,5.0,2009-12-08,2011-11-01,0.735,Declining,0,"High-Value, Reliable, Recent",High Risk
16030,1,0,1,0.0,Likely to Exit,67.1,2.3138,331.24,1,331.24,3.1623,331,11,0.0909,2011-02-03,2011-02-03,,Insufficient History,2,"Mid-Value, Unreliable, Lapsed",High Risk
16031,2,2,0,100.0,Very Loyal,278.97,2.7897,548.94,2,274.47,1.8863,114,9,0.2222,2011-04-06,2011-09-08,0.0,Declining,1,"Mid-Value, Unreliable, Recent",Low Risk
16032,3,1,2,33.33,Likely to Exit,449.18,2.1188,1970.45,6,328.41,3.1749,478,18,0.3333,2010-07-04,2010-09-09,,Insufficient History,2,"Mid-Value, Unreliable, Lapsed",Medium Risk
16033,16,15,1,93.75,Very Loyal,4762.01,3.3559,10692.39,36,297.01,0.5743,27,17,2.1176,2010-08-11,2011-12-04,0.681,Declining,0,"High-Value, Reliable, Recent",Low Risk
16034,4,0,4,0.0,Likely to Exit,136.08,2.3462,925.77,7,132.25,1.7877,218,15,0.4667,2010-10-26,2011-05-27,,Insufficient History,1,"Mid-Value, Unreliable, Recent",High Risk
16035,1,1,0,100.0,Very Loyal,163.23,7.7729,217.73,1,217.73,4.3589,582,20,0.05,2010-05-28,2010-05-28,,Insufficient History,2,"Mid-Value, Unreliable, Lapsed",Low Risk
16036,4,2,2,50.0,At Risk,458.65,3.2761,2556.84,4,639.21,2.3812,109,22,0.1818,2010-03-29,2011-09-13,0.0,Declining,1,"Mid-Value, Unreliable, Recent",Medium Risk
16037,5,0,5,0.0,Likely to Exit,234.51,3.2125,1489.44,7,212.78,1.8575,291,22,0.3182,2010-03-01,2011-03-15,,Insufficient History,1,"Mid-Value, Unreliable, Recent",High Risk
16038,3,0,3,0.0,Likely to Exit,96.64,3.4514,454.33,4,113.58,1.744,29,8,0.5,2011-05-22,2011-12-02,,Insufficient History,1,"Mid-Value, Unreliable, Recent",High Risk
16039,3,0,3,0.0,Likely to Exit,62.3,1.8879,449.65,3,149.88,3.3935,445,22,0.1364,2010-03-21,2010-10-12,,Insufficient History,2,"Mid-Value, Unreliable, Lapsed",High Risk
16040,7,1,6,14.29,Likely to Exit,509.09,3.9773,2383.7,8,297.96,1.4978,87,21,0.381,2010-04-09,2011-10-05,0.964,Stable,0,"High-Value, Reliable, Recent",High Risk
16041,2,0,2,0.0,Likely to Exit,32.34,5.39,3166.4,3,1055.47,1.8977,52,6,0.5,2011-07-21,2011-11-09,0.156,Declining,1,"Mid-Value, Unreliable, Recent",High Risk
16042,7,1,6,14.29,Likely to Exit,448.0,3.1773,2153.0,11,195.73,1.5229,44,16,0.6875,2010-09-12,2011-11-17,1.693,Increasing,0,"High-Value, Reliable, Recent",High Risk
16043,7,0,7,0.0,Likely to Exit,302.27,4.1407,1856.59,8,232.07,1.4328,59,17,0.4706,2010-08-15,2011-11-02,,Insufficient History,1,"Mid-Value, Unreliable, Recent",High Risk
16044,1,0,1,0.0,Likely to Exit,57.44,3.0232,340.84,1,340.84,3.873,457,16,0.0625,2010-09-30,2010-09-30,,Insufficient History,2,"Mid-Value, Unreliable, Lapsed",High Risk
16045,7,2,5,28.57,Likely to Exit,419.88,2.6408,3187.03,9,354.11,1.8096,141,18,0.5,2010-07-29,2011-08-12,0.0,Declining,0,"High-Value, Reliable, Recent",High Risk
16046,1,0,1,0.0,Likely to Exit,55.51,2.5232,235.78,1,235.78,4.3589,584,20,0.05,2010-05-26,2010-05-26,,Insufficient History,2,"Mid-Value, Unreliable, Lapsed",High Risk
16047,1,1,0,100.0,Very Loyal,107.14,107.14,107.14,1,107.14,4.7958,704,24,0.0417,2010-01-26,2010-01-26,,Insufficient History,2,"Mid-Value, Unreliable, Lapsed",Low Risk
16048,4,0,4,0.0,Likely to Exit,111.69,2.428,1056.53,6,176.09,2.4765,107,19,0.3158,2010-06-08,2011-09-15,-0.0,Declining,1,"Mid-Value, Unreliable, Recent",High Risk
16049,4,4,0,100.0,Very Loyal,1149.44,2.2943,1899.68,6,316.61,1.9864,62,18,0.3333,2010-07-11,2011-10-30,1.277,Increasing,0,"High-Value, Reliable, Recent",Low Risk
16050,2,0,2,0.0,Likely to Exit,49.45,2.3548,300.7,3,100.23,2.4593,195,14,0.2143,2010-11-03,2011-06-19,,Insufficient History,1,"Mid-Value, Unreliable, Recent",High Risk
16051,1,0,1,0.0,Likely to Exit,31.64,2.6367,188.44,1,188.44,4.7958,703,24,0.0417,2010-01-27,2010-01-27,,Insufficient History,2,"Mid-Value, Unreliable, Lapsed",High Risk
16052,1,0,1,0.0,Likely to Exit,84.61,2.4885,362.06,1,362.06,1.4142,76,3,0.3333,2011-10-16,2011-10-16,,Insufficient History,1,"Mid-Value, Unreliable, Recent",High Risk
16053,5,4,1,80.0,Very Loyal,675.34,3.4281,3606.14,8,450.77,1.9152,54,21,0.381,2010-04-08,2011-11-07,0.345,Declining,0,"High-Value, Reliable, Recent",Low Risk
16054,5,3,2,60.0,Likely to Stay,845.27,6.6557,2090.68,7,298.67,2.1903,167,21,0.3333,2010-04-01,2011-07-17,0.0,Declining,0,"High-Value, Reliable, Recent",Low Risk
16055,1,0,1,0.0,Likely to Exit,71.9,8.9875,134.8,1,134.8,2.6458,242,8,0.125,2011-05-03,2011-05-03,,Insufficient History,1,"Mid-Value, Unreliable, Recent",High Risk
16056,1,1,0,100.0,Very Loyal,256.08,3.7659,664.85,1,664.85,1.4142,67,3,0.3333,2011-10-25,2011-10-25,,Insufficient History,1,"Mid-Value, Unreliable, Recent",Low Risk
16057,12,5,7,41.67,At Risk,1038.59,3.9192,3202.07,17,188.36,1.715,26,25,0.68,2009-12-10,2011-12-05,1.406,Increasing,0,"High-Value, Reliable, Recent",Medium Risk
16058,1,0,1,0.0,Likely to Exit,6.7,3.35,62.7,1,62.7,3.7417,428,15,0.0667,2010-10-29,2010-10-29,,Insufficient History,2,"Mid-Value, Unreliable, Lapsed",High Risk
16059,11,6,5,54.55,At Risk,1213.9,2.8765,3217.77,12,268.15,1.1109,87,20,0.6,2010-05-19,2011-10-05,0.261,Declining,0,"High-Value, Reliable, Recent",Medium Risk
16060,3,0,3,0.0,Likely to Exit,108.05,4.5021,541.95,3,180.65,2.6614,422,17,0.1765,2010-08-02,2010-11-04,,Insufficient History,2,"Mid-Value, Unreliable, Lapsed",High Risk
16061,2,0,2,0.0,Likely to Exit,67.05,13.41,44.95,3,14.98,3.7417,291,15,0.2,2010-10-04,2011-03-15,,Insufficient History,2,"Mid-Value, Unreliable, Lapsed",High Risk
16062,7,2,5,28.57,Likely to Exit,498.78,2.6961,2863.45,8,357.93,1.5693,31,19,0.4211,2010-06-21,2011-11-30,1.878,Increasing,0,"High-Value, Reliable, Recent",High Risk
16063,1,0,1,0.0,Likely to Exit,51.58,2.2426,335.32,1,335.32,3.0,282,10,0.1,2011-03-24,2011-03-24,,Insufficient History,2,"Mid-Value, Unreliable, Lapsed",High Risk
16064,1,0,1,0.0,Likely to Exit,47.65,2.6472,111.0,1,111.0,4.899,747,25,0.04,2009-12-14,2009-12-14,,Insufficient History,2,"Mid-Value, Unreliable, Lapsed",High Risk
16065,4,4,0,100.0,Very Loyal,911.75,2.096,2365.62,10,236.56,1.9643,387,16,0.625,2010-09-02,2010-12-09,,Insufficient History,0,"High-Value, Reliable, Recent",Low Risk
16066,3,2,1,66.67,Likely to Stay,316.24,3.1004,1521.87,5,304.37,0.895,38,5,1.0,2011-08-07,2011-11-23,,Insufficient History,0,"High-Value, Reliable, Recent",Low Risk
16067,3,1,2,33.33,Likely to Exit,325.95,3.975,3026.19,6,504.37,3.0958,584,23,0.2609,2010-02-02,2010-05-26,,Insufficient History,2,"Mid-Value, Unreliable, Lapsed",Medium Risk
16068,1,0,1,0.0,Likely to Exit,97.64,2.5036,122.93,1,122.93,4.4721,615,21,0.0476,2010-04-25,2010-04-25,,Insufficient History,2,"Mid-Value, Unreliable, Lapsed",High Risk
16069,1,1,0,100.0,Very Loyal,129.55,5.182,457.7,1,457.7,3.7417,439,15,0.0667,2010-10-18,2010-10-18,,Insufficient History,2,"Mid-Value, Unreliable, Lapsed",Low Risk
16070,1,0,1,0.0,Likely to Exit,69.45,2.1045,852.15,2,426.07,1.0,44,2,1.0,2011-11-07,2011-11-17,,Insufficient History,1,"Mid-Value, Unreliable, Recent",High Risk
16071,4,0,4,0.0,Likely to Exit,179.11,2.4536,1076.8,4,269.2,2.2313,66,23,0.1739,2010-02-22,2011-10-26,,Insufficient History,1,"Mid-Value, Unreliable, Recent",High Risk
16072,3,3,0,100.0,Very Loyal,2189.7,3.9383,4328.89,4,1082.22,2.5407,310,19,0.2105,2010-06-08,2011-02-24,,Insufficient History,0,"High-Value, Reliable, Recent",Low Risk
16073,1,0,1,0.0,Likely to Exit,5.1,2.55,94.35,2,47.17,3.1623,313,11,0.1818,2011-02-15,2011-02-21,,Insufficient History,2,"Mid-Value, Unreliable, Lapsed",High Risk
16074,1,1,0,100.0,Very Loyal,198.15,7.6212,265.25,1,265.25,3.6056,412,14,0.0714,2010-11-14,2010-11-14,,Insufficient History,2,"Mid-Value, Unreliable, Lapsed",Low Risk
16075,2,1,1,50.0,At Risk,202.79,4.8283,726.98,3,242.33,3.1233,524,20,0.15,2010-05-24,2010-07-25,,Insufficient History,2,"Mid-Value, Unreliable, Lapsed",Medium Risk
16076,7,1,6,14.29,Likely to Exit,329.49,2.5152,2173.53,11,197.59,0.5808,25,8,1.375,2011-05-15,2011-12-06,0.715,Declining,0,"High-Value, Reliable, Recent",High Risk
16077,2,0,2,0.0,Likely to Exit,21.65,2.4056,600.0,2,300.0,4.5826,596,22,0.0909,2010-03-24,2010-05-14,,Insufficient History,2,"Mid-Value, Unreliable, Lapsed",High Risk
16078,2,0,2,0.0,Likely to Exit,83.19,2.1331,362.99,2,181.5,3.7621,305,23,0.087,2010-02-08,2011-03-01,,Insufficient History,2,"Mid-Value, Unreliable, Lapsed",High Risk
16079,2,0,2,0.0,Likely to Exit,62.4,2.9714,1352.0,3,450.67,0.7697,38,3,1.0,2011-10-30,2011-11-23,,Insufficient History,1,"Mid-Value, Unreliable, Recent",High Risk
16080,4,0,4,0.0,Likely to Exit,92.56,2.8048,472.9,6,78.82,2.1208,103,16,0.375,2010-09-15,2011-09-19,0.0,Declining,1,"Mid-Value, Unreliable, Recent",High Risk
16081,8,4,4,50.0,At Risk,1178.36,2.9533,4460.18,8,557.52,2.0744,78,23,0.3478,2010-02-03,2011-10-14,0.134,Declining,0,"High-Value, Reliable, Recent",Medium Risk
16082,1,0,1,0.0,Likely to Exit,66.3,4.1437,106.75,1,106.75,4.6904,692,23,0.0435,2010-02-07,2010-02-07,,Insufficient History,2,"Mid-Value, Unreliable, Lapsed",High Risk
16083,3,0,3,0.0,Likely to Exit,130.22,1.8341,2351.42,4,587.86,2.1036,122,14,0.2857,2010-11-16,2011-08-31,0.0,Declining,1,"Mid-Value, Unreliable, Recent",High Risk
16084,1,1,0,100.0,Very Loyal,100.54,2.6458,436.18,1,436.18,3.1623,321,11,0.0909,2011-02-13,2011-02-13,,Insufficient History,2,"Mid-Value, Unreliable, Lapsed",Low Risk
16085,11,5,6,45.45,At Risk,1041.95,2.7565,2337.73,13,179.83,1.2479,45,24,0.5417,2010-01-20,2011-11-16,1.228,Increasing,0,"High-Value, Reliable, Recent",Medium Risk
16086,10,0,10,0.0,Likely to Exit,430.31,3.1182,2862.91,11,260.26,1.2866,81,25,0.44,2009-12-02,2011-10-11,0.709,Declining,0,"High-Value, Reliable, Recent",High Risk
16087,5,0,5,0.0,Likely to Exit,24.1,2.41,1739.92,5,347.98,1.9622,411,24,0.2083,2010-01-19,2010-11-15,,Insufficient History,1,"Mid-Value, Unreliable, Recent",High Risk
16088,2,0,2,0.0,Likely to Exit,26.16,4.36,1437.43,2,718.72,3.0823,597,21,0.0952,2010-04-27,2010-05-13,,Insufficient History,2,"Mid-Value, Unreliable, Lapsed",High Risk
16089,2,0,2,0.0,Likely to Exit,160.29,3.2058,271.44,2,135.72,2.8592,408,18,0.1111,2010-07-18,2010-11-18,,Insufficient History,2,"Mid-Value, Unreliable, Lapsed",High Risk
16090,1,0,1,0.0,Likely to Exit,94.33,4.7165,205.91,1,205.91,4.5826,646,22,0.0455,2010-03-25,2010-03-25,,Insufficient History,2,"Mid-Value, Unreliable, Lapsed",High Risk
16091,2,0,2,0.0,Likely to Exit,51.15,2.8417,315.06,2,157.53,1.7321,176,8,0.25,2011-05-25,2011-07-08,0.0,Declining,1,"Mid-Value, Unreliable, Recent",High Risk
16092,7,0,7,0.0,Likely to Exit,201.82,2.147,1515.49,10,151.55,1.8098,120,20,0.5,2010-05-09,2011-09-02,0.0,Declining,1,"Mid-Value, Unreliable, Recent",High Risk
16093,1,0,1,0.0,Likely to Exit,0.85,0.85,17.0,1,17.0,2.0,128,5,0.2,2011-08-25,2011-08-25,,Insufficient History,1,"Mid-Value, Unreliable, Recent",High Risk
16094,11,3,8,27.27,Likely to Exit,913.39,4.3289,3599.16,19,189.43,1.7339,33,25,0.76,2009-12-11,2011-11-28,,Insufficient History,0,"High-Value, Reliable, Recent",High Risk
16095,1,0,1,0.0,Likely to Exit,72.2,2.4067,447.05,1,447.05,3.873,478,16,0.0625,2010-09-09,2010-09-09,,Insufficient History,2,"Mid-Value, Unreliable, Lapsed",High Risk
16096,4,3,1,75.0,Likely to Stay,466.99,7.0756,1584.97,4,396.24,2.2155,286,22,0.1818,2010-03-04,2011-03-20,,Insufficient History,1,"Mid-Value, Unreliable, Recent",Low Risk
16097,1,0,1,0.0,Likely to Exit,53.6,5.36,185.05,1,185.05,2.8284,262,9,0.1111,2011-04-13,2011-04-13,,Insufficient History,2,"Mid-Value, Unreliable, Lapsed",High Risk
16098,13,1,12,7.69,Likely to Exit,600.26,3.6826,4448.1,14,317.72,1.2786,109,25,0.56,2009-12-15,2011-09-13,0.0,Declining,0,"High-Value, Reliable, Recent",High Risk
16099,7,0,7,0.0,Likely to Exit,132.66,1.8951,1568.25,8,196.03,1.5712,72,22,0.3636,2010-03-03,2011-10-20,0.511,Declining,1,"Mid-Value, Unreliable, Recent",High Risk
16100,1,0,1,0.0,Likely to Exit,62.46,1.6881,582.64,1,582.64,3.873,484,16,0.0625,2010-09-03,2010-09-03,,Insufficient History,2,"Mid-Value, Unreliable, Lapsed",High Risk
16101,7,3,4,42.86,At Risk,571.46,2.8573,3167.42,7,452.49,2.1906,31,20,0.35,2010-05-27,2011-11-30,-0.035,Declining,0,"High-Value, Reliable, Recent",Medium Risk
16102,3,0,3,0.0,Likely to Exit,148.13,2.5988,1842.14,3,614.05,0.8872,64,5,0.6,2011-08-03,2011-10-28,,Insufficient History,1,"Mid-Value, Unreliable, Recent",High Risk
16103,16,0,16,0.0,Likely to Exit,754.75,3.6461,6002.76,27,222.32,1.2223,29,24,1.125,2010-01-08,2011-12-02,0.027,Declining,0,"High-Value, Reliable, Recent",High Risk
16104,8,1,7,12.5,Likely to Exit,895.72,3.7013,2515.36,11,228.67,2.2252,83,25,0.44,2009-12-06,2011-10-09,,Insufficient History,0,"High-Value, Reliable, Recent",High Risk
16105,5,0,5,0.0,Likely to Exit,194.01,1.7637,2386.19,5,477.24,1.8673,270,21,0.2381,2010-04-14,2011-04-05,,Insufficient History,1,"Mid-Value, Unreliable, Recent",High Risk
16106,1,0,1,0.0,Likely to Exit,9.08,1.5133,108.38,1,108.38,1.4142,87,3,0.3333,2011-10-05,2011-10-05,,Insufficient History,1,"Mid-Value, Unreliable, Recent",High Risk
16107,6,0,6,0.0,Likely to Exit,135.31,4.3648,3204.16,7,457.74,0.5737,39,7,1.0,2011-06-09,2011-11-22,1.09,Stable,0,"High-Value, Reliable, Recent",High Risk
16108,4,2,2,50.0,At Risk,397.37,2.7788,2171.93,8,271.49,2.2574,106,22,0.3636,2010-03-18,2011-09-16,0.0,Declining,0,"High-Value, Reliable, Recent",Medium Risk
16109,4,0,4,0.0,Likely to Exit,45.2,1.4125,923.58,4,230.89,2.6482,240,24,0.1667,2010-01-10,2011-05-05,,Insufficient History,1,"Mid-Value, Unreliable, Recent",High Risk
16110,4,4,0,100.0,Very Loyal,1157.05,2.5769,1819.27,4,454.82,1.9665,67,18,0.2222,2010-07-05,2011-10-25,,Insufficient History,0,"High-Value, Reliable, Recent",Low Risk
16111,1,1,0,100.0,Very Loyal,229.11,3.0548,562.48,1,562.48,3.7417,450,15,0.0667,2010-10-07,2010-10-07,,Insufficient History,2,"Mid-Value, Unreliable, Lapsed",Low Risk
16112,2,0,2,0.0,Likely to Exit,8.92,0.5575,195.74,4,48.94,2.4326,165,12,0.3333,2011-01-05,2011-07-19,0.0,Declining,1,"Mid-Value, Unreliable, Recent",High Risk
16113,1,0,1,0.0,Likely to Exit,79.53,2.651,161.38,1,161.38,2.4495,205,7,0.1429,2011-06-09,2011-06-09,,Insufficient History,1,"Mid-Value, Unreliable, Recent",High Risk
16114,1,0,1,0.0,Likely to Exit,26.75,3.3438,135.75,1,135.75,2.4495,192,7,0.1429,2011-06-22,2011-06-22,,Insufficient History,1,"Mid-Value, Unreliable, Recent",High Risk
16115,12,3,9,25.0,Likely to Exit,1017.48,2.3773,2575.14,12,214.6,0.8953,31,20,0.6,2010-05-14,2011-11-30,0.591,Declining,0,"High-Value, Reliable, Recent",High Risk
16116,1,1,0,100.0,Very Loyal,158.44,4.5269,592.88,2,296.44,2.6458,227,8,0.25,2011-05-12,2011-05-18,,Insufficient History,1,"Mid-Value, Unreliable, Recent",Low Risk
16117,3,0,3,0.0,Likely to Exit,223.46,2.4829,650.05,4,162.51,2.57,211,21,0.1905,2010-04-27,2011-06-03,,Insufficient History,1,"Mid-Value, Unreliable, Recent",High Risk
16118,5,1,4,20.0,Likely to Exit,136.36,2.9013,4255.43,5,851.09,4.6904,415,23,0.2174,2010-02-25,2010-11-11,,Insufficient History,2,"Mid-Value, Unreliable, Lapsed",High Risk
16119,8,0,8,0.0,Likely to Exit,160.07,2.9643,1720.81,8,215.1,1.6392,30,25,0.32,2009-12-16,2011-12-01,0.368,Declining,1,"Mid-Value, Unreliable, Recent",High Risk
16120,2,0,2,0.0,Likely to Exit,154.63,1.5941,3041.91,7,434.56,2.5796,81,15,0.4667,2010-10-13,2011-10-11,,Insufficient History,1,"Mid-Value, Unreliable, Recent",High Risk
16121,4,3,1,75.0,Likely to Stay,750.9,2.0858,1457.19,6,242.87,2.2247,79,20,0.3,2010-05-23,2011-10-13,,Insufficient History,0,"High-Value, Reliable, Recent",Low Risk
16122,6,0,6,0.0,Likely to Exit,111.63,1.7442,1001.34,6,166.89,1.391,95,15,0.4,2010-10-10,2011-09-27,0.0,Declining,1,"Mid-Value, Unreliable, Recent",High Risk
16123,1,0,1,0.0,Likely to Exit,49.72,3.1075,307.78,1,307.78,1.4142,73,3,0.3333,2011-10-19,2011-10-19,,Insufficient History,1,"Mid-Value, Unreliable, Recent",High Risk
16124,4,2,2,50.0,At Risk,432.72,4.9173,1709.39,6,284.9,2.3946,338,25,0.24,2009-12-07,2011-01-27,,Insufficient History,1,"Mid-Value, Unreliable, Recent",Medium Risk
16125,12,4,8,33.33,Likely to Exit,1084.76,3.6039,4587.65,14,327.69,1.207,389,25,0.56,2009-12-14,2010-12-07,,Insufficient History,0,"High-Value, Reliable, Recent",Medium Risk
16126,14,5,9,35.71,Likely to Exit,1244.15,3.24,14646.8,15,976.45,1.4448,51,25,0.6,2009-12-02,2011-11-10,1.386,Increasing,0,"High-Value, Reliable, Recent",Medium Risk
16127,2,1,1,50.0,At Risk,222.47,2.9663,801.31,2,400.65,4.0727,61,25,0.08,2009-12-13,2011-10-31,,Insufficient History,1,"Mid-Value, Unreliable, Recent",Medium Risk
16128,8,1,7,12.5,Likely to Exit,434.61,2.3241,3748.4,14,267.74,1.7034,39,25,0.56,2009-12-01,2011-11-22,0.457,Declining,0,"High-Value, Reliable, Recent",High Risk
16129,2,1,1,50.0,At Risk,332.57,3.4643,1396.05,3,465.35,3.0273,429,18,0.1667,2010-07-20,2010-10-28,,Insufficient History,2,"Mid-Value, Unreliable, Lapsed",Medium Risk
16130,4,1,3,25.0,Likely to Exit,325.42,5.9167,987.48,4,246.87,2.0779,444,21,0.1905,2010-04-01,2010-10-13,,Insufficient History,1,"Mid-Value, Unreliable, Recent",High Risk
16131,9,2,7,22.22,Likely to Exit,702.61,3.1227,9866.27,15,657.75,1.825,73,25,0.6,2009-12-02,2011-10-19,2.0,Increasing,0,"High-Value, Reliable, Recent",High Risk
16132,2,0,2,0.0,Likely to Exit,76.95,4.5265,664.2,2,332.1,3.1694,566,22,0.0909,2010-03-22,2010-06-13,,Insufficient History,2,"Mid-Value, Unreliable, Lapsed",High Risk
16133,20,4,16,20.0,Likely to Exit,2549.57,4.3657,22228.88,78,284.99,0.8904,25,22,3.5455,2010-03-31,2011-12-06,0.455,Declining,0,"High-Value, Reliable, Recent",High Risk
16134,5,1,4,20.0,Likely to Exit,275.02,2.2918,2119.99,7,302.86,1.9993,43,19,0.3684,2010-06-17,2011-11-18,,Insufficient History,1,"Mid-Value, Unreliable, Recent",High Risk
16135,2,0,2,0.0,Likely to Exit,135.7,3.4795,819.45,2,409.72,3.1133,284,20,0.1,2010-05-05,2011-03-22,,Insufficient History,2,"Mid-Value, Unreliable, Lapsed",High Risk
16136,5,0,5,0.0,Likely to Exit,113.49,2.3644,921.08,5,184.22,2.4226,81,23,0.2174,2010-02-14,2011-10-11,2.838,Increasing,1,"Mid-Value, Unreliable, Recent",High Risk
16137,1,0,1,0.0,Likely to Exit,75.5,2.6964,422.7,1,422.7,4.7958,702,24,0.0417,2010-01-28,2010-01-28,,Insufficient History,2,"Mid-Value, Unreliable, Lapsed",High Risk
16138,4,0,4,0.0,Likely to Exit,164.2,4.2103,894.45,4,223.61,2.9171,390,21,0.1905,2010-04-28,2010-12-06,,Insufficient History,2,"Mid-Value, Unreliable, Lapsed",High Risk
16139,4,0,4,0.0,Likely to Exit,158.23,2.776,1111.15,5,222.23,2.5947,40,25,0.2,2009-12-03,2011-11-21,1.975,Increasing,1,"Mid-Value, Unreliable, Recent",High Risk
16140,3,0,3,0.0,Likely to Exit,154.45,2.1158,1536.19,5,307.24,2.2577,74,16,0.3125,2010-09-24,2011-10-18,,Insufficient History,1,"Mid-Value, Unreliable, Recent",High Risk
16141,2,2,0,100.0,Very Loyal,259.74,5.1948,955.94,2,477.97,2.6769,110,15,0.1333,2010-10-18,2011-09-12,0.0,Declining,1,"Mid-Value, Unreliable, Recent",Low Risk
16142,1,1,0,100.0,Very Loyal,106.44,2.8768,535.34,1,535.34,2.8284,271,9,0.1111,2011-04-04,2011-04-04,,Insufficient History,2,"Mid-Value, Unreliable, Lapsed",Low Risk
16143,13,1,12,7.69,Likely to Exit,903.96,3.7048,4866.88,16,304.18,1.3778,25,25,0.64,2009-12-10,2011-12-06,1.268,Increasing,0,"High-Value, Reliable, Recent",High Risk
16144,1,0,1,0.0,Likely to Exit,10.95,10.95,175.2,1,175.2,2.8284,268,9,0.1111,2011-04-07,2011-04-07,,Insufficient History,2,"Mid-Value, Unreliable, Lapsed",High Risk
16145,17,1,16,5.88,Likely to Exit,1134.13,2.7132,6693.6,29,230.81,0.6619,30,20,1.45,2010-05-04,2011-12-01,0.676,Declining,0,"High-Value, Reliable, Recent",High Risk
16146,4,0,4,0.0,Likely to Exit,89.44,2.1815,946.38,4,236.59,1.9744,179,16,0.25,2010-09-17,2011-07-05,0.0,Declining,1,"Mid-Value, Unreliable, Recent",High Risk
16147,5,2,3,40.0,At Risk,426.73,3.0481,2367.02,7,338.15,2.1501,155,23,0.3043,2010-02-05,2011-07-29,0.0,Declining,0,"High-Value, Reliable, Recent",Medium Risk
16148,3,0,3,0.0,Likely to Exit,34.61,2.8842,370.37,4,92.59,4.0098,318,25,0.16,2009-12-17,2011-02-16,,Insufficient History,2,"Mid-Value, Unreliable, Lapsed",High Risk
16149,3,0,3,0.0,Likely to Exit,31.33,1.0443,422.22,3,140.74,2.023,26,15,0.2,2010-10-06,2011-12-05,0.714,Declining,1,"Mid-Value, Unreliable, Recent",High Risk
16150,14,3,11,21.43,Likely to Exit,877.44,3.2141,4154.69,20,207.73,1.3326,60,25,0.8,2009-12-01,2011-11-01,0.393,Declining,0,"High-Value, Reliable, Recent",High Risk
16151,1,1,0,100.0,Very Loyal,4217.59,4217.59,-4217.59,1,-4217.59,0.0,620,21,0.0476,2010-04-20,2010-04-20,,Insufficient History,3,"Low-Value, Reliable, Lapsed",Low Risk
16152,1,1,0,100.0,Very Loyal,173.31,5.9762,1829.04,1,1829.04,3.0,290,10,0.1,2011-03-16,2011-03-16,,Insufficient History,2,"Mid-Value, Unreliable, Lapsed",Low Risk
16153,10,1,9,10.0,Likely to Exit,615.89,2.6895,5037.51,13,387.5,1.4767,71,20,0.65,2010-05-26,2011-10-21,2.476,Increasing,0,"High-Value, Reliable, Recent",High Risk
16154,1,0,1,0.0,Likely to Exit,10.5,10.5,-10.5,1,-10.5,0.0,704,24,0.0417,2010-01-26,2010-01-26,,Insufficient History,3,"Low-Value, Reliable, Lapsed",High Risk
16155,4,0,4,0.0,Likely to Exit,168.25,3.365,781.05,6,130.17,1.9687,403,19,0.3158,2010-06-18,2010-11-23,,Insufficient History,1,"Mid-Value, Unreliable, Recent",High Risk
16156,17,1,16,5.88,Likely to Exit,771.87,2.7567,5933.59,26,228.22,0.8726,30,25,1.04,2009-12-02,2011-12-01,1.013,Stable,0,"High-Value, Reliable, Recent",High Risk
16157,3,0,3,0.0,Likely to Exit,66.17,3.4826,644.24,4,161.06,1.2145,37,4,1.0,2011-09-28,2011-11-24,,Insufficient History,1,"Mid-Value, Unreliable, Recent",High Risk
16158,7,0,7,0.0,Likely to Exit,255.47,7.0964,611.32,10,61.13,1.9519,544,25,0.4,2009-12-05,2010-07-05,,Insufficient History,2,"Mid-Value, Unreliable, Lapsed",High Risk
16159,5,0,5,0.0,Likely to Exit,174.36,3.2898,1230.29,5,246.06,2.324,303,25,0.2,2009-12-03,2011-03-03,,Insufficient History,1,"Mid-Value, Unreliable, Recent",High Risk
16160,2,0,2,0.0,Likely to Exit,38.59,1.7541,1009.45,4,252.36,1.2792,86,4,1.0,2011-09-15,2011-10-06,,Insufficient History,1,"Mid-Value, Unreliable, Recent",High Risk
16161,21,13,8,61.9,Likely to Stay,3529.69,2.9365,12448.96,57,218.4,0.8123,23,23,2.4783,2010-02-08,2011-12-08,1.283,Increasing,0,"High-Value, Reliable, Recent",Low Risk
16162,1,0,1,0.0,Likely to Exit,18.7,9.35,37.4,1,37.4,2.8284,274,9,0.1111,2011-04-01,2011-04-01,,Insufficient History,2,"Mid-Value, Unreliable, Lapsed",High Risk
16163,7,1,6,14.29,Likely to Exit,454.05,5.3418,2263.63,14,161.69,2.2103,247,25,0.56,2009-12-02,2011-04-28,,Insufficient History,0,"High-Value, Reliable, Recent",High Risk
16164,2,0,2,0.0,Likely to Exit,102.69,2.934,802.53,4,200.63,0.8626,39,3,1.3333,2011-10-28,2011-11-22,,Insufficient History,1,"Mid-Value, Unreliable, Recent",High Risk
16165,1,0,1,0.0,Likely to Exit,39.95,39.95,79.9,1,79.9,4.1231,527,18,0.0556,2010-07-22,2010-07-22,,Insufficient History,2,"Mid-Value, Unreliable, Lapsed",High Risk
16166,3,0,3,0.0,Likely to Exit,103.94,3.9977,327.48,4,81.87,3.3349,450,24,0.1667,2010-01-17,2010-10-07,,Insufficient History,2,"Mid-Value, Unreliable, Lapsed",High Risk
16167,5,0,5,0.0,Likely to Exit,317.43,4.4708,1149.87,6,191.64,2.4199,436,25,0.24,2009-12-01,2010-10-21,,Insufficient History,1,"Mid-Value, Unreliable, Recent",High Risk
16168,23,1,22,4.35,Likely to Exit,1320.82,4.1019,10539.08,73,144.37,0.781,32,25,2.92,2009-12-03,2011-11-29,0.697,Declining,0,"High-Value, Reliable, Recent",High Risk
16169,4,0,4,0.0,Likely to Exit,175.94,2.0699,1822.97,4,455.74,0.2805,30,4,1.0,2011-09-25,2011-12-01,,Insufficient History,1,"Mid-Value, Unreliable, Recent",High Risk
16170,14,1,13,7.14,Likely to Exit,862.23,1.9076,6813.67,25,272.55,1.0003,72,23,1.087,2010-02-18,2011-10-20,0.527,Declining,0,"High-Value, Reliable, Recent",High Risk
16171,1,0,1,0.0,Likely to Exit,10.25,3.4167,73.2,1,73.2,1.4142,81,3,0.3333,2011-10-11,2011-10-11,,Insufficient History,1,"Mid-Value, Unreliable, Recent",High Risk
16172,6,0,6,0.0,Likely to Exit,221.71,1.962,1884.55,8,235.57,1.4652,117,18,0.4444,2010-07-14,2011-09-05,0.0,Declining,1,"Mid-Value, Unreliable, Recent",High Risk
16173,3,2,1,66.67,Likely to Stay,347.66,3.9961,1406.57,7,200.94,0.7584,37,4,1.75,2011-09-02,2011-11-24,,Insufficient History,0,"High-Value, Reliable, Recent",Low Risk
16174,6,0,6,0.0,Likely to Exit,159.08,2.4474,2246.75,7,320.96,1.7655,148,21,0.3333,2010-04-15,2011-08-05,0.0,Declining,1,"Mid-Value, Unreliable, Recent",High Risk
16175,7,0,7,0.0,Likely to Exit,328.82,3.3553,1836.44,7,262.35,1.3948,116,20,0.35,2010-05-25,2011-09-06,0.0,Declining,1,"Mid-Value, Unreliable, Recent",High Risk
16176,6,2,4,33.33,Likely to Exit,283.57,3.5009,1964.04,7,280.58,2.6327,443,22,0.3182,2010-03-29,2010-10-14,,Insufficient History,1,"Mid-Value, Unreliable, Recent",Medium Risk
16177,6,2,4,33.33,Likely to Exit,528.91,4.1321,2141.61,12,178.47,1.9367,72,22,0.5455,2010-03-02,2011-10-20,,Insufficient History,0,"High-Value, Reliable, Recent",Medium Risk
16178,2,0,2,0.0,Likely to Exit,77.48,3.0992,612.6,2,306.3,2.6224,160,14,0.1429,2010-11-03,2011-07-24,0.0,Declining,1,"Mid-Value, Unreliable, Recent",High Risk
16179,1,0,1,0.0,Likely to Exit,41.06,3.7327,215.83,1,215.83,1.4142,82,3,0.3333,2011-10-10,2011-10-10,,Insufficient History,1,"Mid-Value, Unreliable, Recent",High Risk
16180,8,4,4,50.0,At Risk,791.52,2.281,16170.27,16,1010.64,1.3538,122,19,0.8421,2010-06-23,2011-08-31,0.0,Declining,0,"High-Value, Reliable, Recent",Medium Risk
16181,1,0,1,0.0,Likely to Exit,26.53,2.4118,305.54,1,305.54,1.7321,95,4,0.25,2011-09-27,2011-09-27,,Insufficient History,1,"Mid-Value, Unreliable, Recent",High Risk
16182,9,0,9,0.0,Likely to Exit,94.32,1.8494,9971.65,9,1107.96,1.4793,94,22,0.4091,2010-03-09,2011-09-28,0.0,Declining,0,"High-Value, Reliable, Recent",High Risk
16183,3,0,3,0.0,Likely to Exit,159.53,3.891,1077.81,4,269.45,2.0476,89,15,0.2667,2010-10-28,2011-10-03,,Insufficient History,1,"Mid-Value, Unreliable, Recent",High Risk
16184,5,0,5,0.0,Likely to Exit,183.61,3.9915,1155.54,7,165.08,0.9907,86,8,0.875,2011-05-12,2011-10-06,0.324,Declining,1,"Mid-Value, Unreliable, Recent",High Risk
16185,3,0,3,0.0,Likely to Exit,128.04,3.201,644.72,3,214.91,2.6188,38,20,0.15,2010-05-24,2011-11-23,,Insufficient History,1,"Mid-Value, Unreliable, Recent",High Risk
16186,18,2,16,11.11,Likely to Exit,1019.1,1.9156,8983.91,30,299.46,0.7744,44,25,1.2,2009-12-09,2011-11-17,0.971,Stable,0,"High-Value, Reliable, Recent",High Risk
16187,8,2,6,25.0,Likely to Exit,644.91,2.1714,6841.24,17,402.43,0.8773,53,11,1.5455,2011-02-28,2011-11-08,0.23,Declining,0,"High-Value, Reliable, Recent",High Risk
16188,4,0,4,0.0,Likely to Exit,185.36,2.4715,1077.71,6,179.62,2.0754,66,15,0.4,2010-10-27,2011-10-26,1.199,Increasing,1,"Mid-Value, Unreliable, Recent",High Risk
16189,2,0,2,0.0,Likely to Exit,43.38,3.9436,215.48,2,107.74,1.1102,37,4,0.5,2011-09-15,2011-11-24,,Insufficient History,1,"Mid-Value, Unreliable, Recent",High Risk
16190,8,1,7,12.5,Likely to Exit,519.75,4.3676,2723.55,8,340.44,1.5898,62,25,0.32,2009-12-14,2011-10-30,,Insufficient History,0,"High-Value, Reliable, Recent",High Risk
16191,12,2,10,16.67,Likely to Exit,688.58,2.6898,15162.12,40,379.05,1.8186,24,25,1.6,2009-12-11,2011-12-07,-478.22,Declining,0,"High-Value, Reliable, Recent",High Risk
16192,1,0,1,0.0,Likely to Exit,22.92,2.0836,351.3,1,351.3,4.899,757,25,0.04,2009-12-04,2009-12-04,,Insufficient History,2,"Mid-Value, Unreliable, Lapsed",High Risk
16193,2,0,2,0.0,Likely to Exit,102.34,2.6932,630.43,2,315.22,2.5495,258,15,0.1333,2010-10-25,2011-04-17,,Insufficient History,1,"Mid-Value, Unreliable, Recent",High Risk
16194,1,0,1,0.0,Likely to Exit,43.1,5.3875,308.6,1,308.6,3.6056,397,14,0.0714,2010-11-29,2010-11-29,,Insufficient History,2,"Mid-Value, Unreliable, Lapsed",High Risk
16195,1,0,1,0.0,Likely to Exit,53.3,3.3313,323.25,1,323.25,4.899,745,25,0.04,2009-12-16,2009-12-16,,Insufficient History,2,"Mid-Value, Unreliable, Lapsed",High Risk
16196,1,0,1,0.0,Likely to Exit,14.85,3.7125,93.3,1,93.3,4.0,510,17,0.0588,2010-08-08,2010-08-08,,Insufficient History,2,"Mid-Value, Unreliable, Lapsed",High Risk
16197,6,0,6,0.0,Likely to Exit,300.92,3.2357,2016.71,9,224.08,2.154,491,25,0.36,2009-12-16,2010-08-27,,Insufficient History,1,"Mid-Value, Unreliable, Recent",High Risk
16198,2,0,2,0.0,Likely to Exit,125.35,3.7985,1030.04,2,515.02,2.7192,97,16,0.125,2010-09-28,2011-09-25,0.0,Declining,1,"Mid-Value, Unreliable, Recent",High Risk
16199,6,0,6,0.0,Likely to Exit,33.4,3.34,942.75,7,134.68,2.4082,414,22,0.3182,2010-03-18,2010-11-12,,Insufficient History,1,"Mid-Value, Unreliable, Recent",High Risk
16200,9,8,1,88.89,Very Loyal,1783.58,2.8401,5629.95,13,433.07,1.9455,26,25,0.52,2009-12-02,2011-12-05,,Insufficient History,0,"High-Value, Reliable, Recent",Low Risk
16201,5,0,5,0.0,Likely to Exit,282.1,2.2039,2070.17,6,345.03,1.5032,25,15,0.4,2010-10-20,2011-12-06,4.996,Increasing,1,"Mid-Value, Unreliable, Recent",High Risk
16202,6,2,4,33.33,Likely to Exit,506.69,4.0213,2467.04,11,224.28,1.8583,382,25,0.44,2009-12-02,2010-12-14,,Insufficient History,0,"High-Value, Reliable, Recent",Medium Risk
16203,7,0,7,0.0,Likely to Exit,214.48,2.7497,1110.79,7,158.68,1.7164,80,18,0.3889,2010-07-23,2011-10-12,3.577,Increasing,1,"Mid-Value, Unreliable, Recent",High Risk
16204,4,1,3,25.0,Likely to Exit,245.2,2.209,939.24,4,234.81,2.8031,45,25,0.16,2009-12-08,2011-11-16,,Insufficient History,1,"Mid-Value, Unreliable, Recent",High Risk
16205,6,2,4,33.33,Likely to Exit,453.53,2.2677,1830.61,7,261.52,1.6358,52,19,0.3684,2010-06-15,2011-11-09,,Insufficient History,0,"High-Value, Reliable, Recent",Medium Risk
16206,11,3,8,27.27,Likely to Exit,747.57,3.0513,2597.37,14,185.53,1.5049,76,25,0.56,2009-12-14,2011-10-16,1.05,Stable,0,"High-Value, Reliable, Recent",High Risk
16207,1,0,1,0.0,Likely to Exit,80.88,4.2568,394.38,1,394.38,1.0,47,2,0.5,2011-11-14,2011-11-14,,Insufficient History,1,"Mid-Value, Unreliable, Recent",High Risk
16208,10,2,8,20.0,Likely to Exit,861.01,3.4032,3440.45,10,344.04,1.3048,66,23,0.4348,2010-02-24,2011-10-26,,Insufficient History,0,"High-Value, Reliable, Recent",High Risk
16209,7,0,7,0.0,Likely to Exit,199.52,2.9779,4146.78,9,460.75,1.9659,110,19,0.4737,2010-06-11,2011-09-12,0.0,Declining,0,"High-Value, Reliable, Recent",High Risk
16210,18,5,13,27.78,Likely to Exit,1137.69,4.006,38304.06,37,1035.24,1.5951,23,25,1.48,2009-12-02,2011-12-08,9.35,Increasing,0,"High-Value, Reliable, Recent",High Risk
16211,3,0,3,0.0,Likely to Exit,125.57,3.3938,1086.34,4,271.58,2.2437,103,16,0.25,2010-09-27,2011-09-19,0.0,Declining,1,"Mid-Value, Unreliable, Recent",High Risk
16212,4,1,3,25.0,Likely to Exit,319.32,3.9915,1284.56,5,256.91,2.3377,41,23,0.2174,2010-02-07,2011-11-20,,Insufficient History,1,"Mid-Value, Unreliable, Recent",High Risk
16213,1,0,1,0.0,Likely to Exit,22.9,3.8167,159.0,1,159.0,1.7321,100,4,0.25,2011-09-22,2011-09-22,,Insufficient History,1,"Mid-Value, Unreliable, Recent",High Risk
16214,4,2,2,50.0,At Risk,380.3,3.8806,2038.25,4,509.56,2.0838,192,16,0.25,2010-09-30,2011-06-22,,Insufficient History,1,"Mid-Value, Unreliable, Recent",Medium Risk
16215,1,0,1,0.0,Likely to Exit,60.0,4.2857,242.35,1,242.35,1.7321,102,4,0.25,2011-09-20,2011-09-20,,Insufficient History,1,"Mid-Value, Unreliable, Recent",High Risk
16216,1,1,0,100.0,Very Loyal,332.69,8.9916,914.93,1,914.93,3.0,289,10,0.1,2011-03-17,2011-03-17,,Insufficient History,2,"Mid-Value, Unreliable, Lapsed",Low Risk
16217,2,0,2,0.0,Likely to Exit,81.01,4.2637,259.39,4,64.85,2.0508,257,10,0.4,2011-03-02,2011-04-18,,Insufficient History,1,"Mid-Value, Unreliable, Recent",High Risk
16218,12,0,12,0.0,Likely to Exit,314.98,1.6934,4343.6,19,228.61,1.4088,51,20,0.95,2010-05-27,2011-11-10,0.495,Declining,0,"High-Value, Reliable, Recent",High Risk
16219,1,0,1,0.0,Likely to Exit,0.85,0.85,40.8,1,40.8,4.1231,522,18,0.0556,2010-07-27,2010-07-27,,Insufficient History,2,"Mid-Value, Unreliable, Lapsed",High Risk
16220,1,0,1,0.0,Likely to Exit,3.39,3.39,-10.17,1,-10.17,0.0,750,25,0.04,2009-12-11,2009-12-11,,Insufficient History,3,"Low-Value, Reliable, Lapsed",High Risk
16221,7,1,6,14.29,Likely to Exit,761.42,2.8842,2229.01,10,222.9,1.3934,58,17,0.5882,2010-08-10,2011-11-03,,Insufficient History,0,"High-Value, Reliable, Recent",High Risk
16222,2,2,0,100.0,Very Loyal,554.47,3.4654,1345.22,2,672.61,3.5125,340,25,0.08,2009-12-18,2011-01-25,,Insufficient History,2,"Mid-Value, Unreliable, Lapsed",Low Risk
16223,1,1,0,100.0,Very Loyal,341.6,2.7111,1102.35,2,551.18,3.6056,396,14,0.1429,2010-11-09,2010-11-30,,Insufficient History,2,"Mid-Value, Unreliable, Lapsed",Low Risk
16224,4,1,3,25.0,Likely to Exit,283.04,2.44,1616.54,5,323.31,1.6369,79,14,0.3571,2010-11-17,2011-10-13,1.331,Increasing,1,"Mid-Value, Unreliable, Recent",High Risk
16225,11,4,7,36.36,Likely to Exit,876.31,2.8544,2821.91,18,156.77,1.3286,66,23,0.7826,2010-02-07,2011-10-26,0.404,Declining,0,"High-Value, Reliable, Recent",Medium Risk
16226,4,0,4,0.0,Likely to Exit,55.49,1.79,672.17,5,134.43,1.9823,225,15,0.3333,2010-10-22,2011-05-20,,Insufficient History,1,"Mid-Value, Unreliable, Recent",High Risk
16227,4,0,4,0.0,Likely to Exit,121.43,2.9617,948.82,6,158.14,2.3243,241,19,0.3158,2010-06-22,2011-05-04,,Insufficient History,1,"Mid-Value, Unreliable, Recent",High Risk
16228,1,1,0,100.0,Very Loyal,165.38,2.9532,886.16,4,221.54,3.6056,396,14,0.2857,2010-11-04,2010-11-30,,Insufficient History,2,"Mid-Value, Unreliable, Lapsed",Low Risk
16229,7,2,5,28.57,Likely to Exit,494.15,2.7453,2835.36,7,405.05,1.8734,109,24,0.2917,2010-01-22,2011-09-13,0.0,Declining,0,"High-Value, Reliable, Recent",High Risk
16230,2,0,2,0.0,Likely to Exit,68.27,1.9506,542.03,2,271.01,1.7324,211,8,0.25,2011-05-03,2011-06-03,,Insufficient History,1,"Mid-Value, Unreliable, Recent",High Risk
16231,3,1,2,33.33,Likely to Exit,226.35,2.2411,1078.22,4,269.56,2.7903,401,21,0.1905,2010-04-21,2010-11-25,,Insufficient History,2,"Mid-Value, Unreliable, Lapsed",Medium Risk
16232,7,0,7,0.0,Likely to Exit,233.34,2.1606,2692.02,10,269.2,1.6401,54,19,0.5263,2010-06-07,2011-11-07,0.72,Declining,0,"High-Value, Reliable, Recent",High Risk
16233,10,0,10,0.0,Likely to Exit,389.99,4.8147,1818.71,12,151.56,1.4145,93,25,0.48,2009-12-02,2011-09-29,0.0,Declining,0,"High-Value, Reliable, Recent",High Risk
16234,3,0,3,0.0,Likely to Exit,48.42,3.0263,312.78,4,78.19,2.4201,495,20,0.2,2010-05-27,2010-08-23,,Insufficient History,2,"Mid-Value, Unreliable, Lapsed",High Risk
16235,9,1,8,11.11,Likely to Exit,645.23,5.2888,1990.61,11,180.96,1.4711,62,17,0.6471,2010-08-26,2011-10-30,19.202,Increasing,0,"High-Value, Reliable, Recent",High Risk
16236,1,0,1,0.0,Likely to Exit,57.55,2.8775,432.2,1,432.2,1.7321,100,4,0.25,2011-09-22,2011-09-22,,Insufficient History,1,"Mid-Value, Unreliable, Recent",High Risk
16237,1,0,1,0.0,Likely to Exit,28.9,4.1286,136.65,1,136.65,3.873,459,16,0.0625,2010-09-28,2010-09-28,,Insufficient History,2,"Mid-Value, Unreliable, Lapsed",High Risk
16238,1,0,1,0.0,Likely to Exit,4.85,0.8083,63.66,1,63.66,3.7417,444,15,0.0667,2010-10-13,2010-10-13,,Insufficient History,2,"Mid-Value, Unreliable, Lapsed",High Risk
16239,5,0,5,0.0,Likely to Exit,90.7,2.4514,1450.9,7,207.27,1.7036,78,16,0.4375,2010-09-02,2011-10-14,,Insufficient History,1,"Mid-Value, Unreliable, Recent",High Risk
16240,3,2,1,66.67,Likely to Stay,576.89,4.0626,3693.81,5,738.76,1.0003,30,4,1.25,2011-09-23,2011-12-01,,Insufficient History,0,"High-Value, Reliable, Recent",Low Risk
16241,12,8,4,66.67,Likely to Stay,2349.98,2.3642,4329.31,16,270.58,0.9772,31,15,1.0667,2010-10-25,2011-11-30,1.056,Stable,0,"High-Value, Reliable, Recent",Low Risk
16242,12,9,3,75.0,Likely to Stay,1898.33,2.7472,7433.3,18,412.96,1.1698,30,22,0.8182,2010-03-15,2011-12-01,,Insufficient History,0,"High-Value, Reliable, Recent",Low Risk
16243,2,2,0,100.0,Very Loyal,297.91,5.8414,409.1,2,204.55,0.7098,55,3,0.6667,2011-10-16,2011-11-06,,Insufficient History,1,"Mid-Value, Unreliable, Recent",Low Risk
16244,2,1,1,50.0,At Risk,399.51,2.5942,2579.38,2,1289.69,2.8549,233,13,0.1538,2010-12-02,2011-05-12,,Insufficient History,1,"Mid-Value, Unreliable, Recent",Medium Risk
16245,5,0,5,0.0,Likely to Exit,310.35,3.3371,1352.36,5,270.47,1.614,45,10,0.5,2011-03-28,2011-11-16,1.874,Increasing,1,"Mid-Value, Unreliable, Recent",High Risk
16246,2,1,1,50.0,At Risk,257.5,2.8933,827.25,2,413.62,3.8199,481,23,0.087,2010-02-08,2010-09-06,,Insufficient History,2,"Mid-Value, Unreliable, Lapsed",Medium Risk
16247,1,0,1,0.0,Likely to Exit,43.38,2.7112,114.56,1,114.56,2.4495,192,7,0.1429,2011-06-22,2011-06-22,,Insufficient History,1,"Mid-Value, Unreliable, Recent",High Risk
16248,1,0,1,0.0,Likely to Exit,14.22,2.0314,152.94,1,152.94,1.4142,83,3,0.3333,2011-10-09,2011-10-09,,Insufficient History,1,"Mid-Value, Unreliable, Recent",High Risk
16249,5,0,5,0.0,Likely to Exit,240.34,3.4832,1800.07,5,360.01,1.2836,74,9,0.5556,2011-04-14,2011-10-18,0.855,Declining,1,"Mid-Value, Unreliable, Recent",High Risk
16250,3,0,3,0.0,Likely to Exit,175.24,3.5763,791.38,3,263.79,2.2045,283,14,0.2143,2010-11-18,2011-03-23,,Insufficient History,1,"Mid-Value, Unreliable, Recent",High Risk
16251,1,0,1,0.0,Likely to Exit,60.62,3.031,128.31,1,128.31,4.1231,534,18,0.0556,2010-07-15,2010-07-15,,Insufficient History,2,"Mid-Value, Unreliable, Lapsed",High Risk
16252,2,1,1,50.0,At Risk,201.3,3.1952,-295.09,2,-147.55,3.6056,388,14,0.1429,2010-11-22,2010-12-08,,Insufficient History,3,"Low-Value, Reliable, Lapsed",Medium Risk
16253,7,2,5,28.57,Likely to Exit,607.81,1.9994,7276.91,9,808.55,2.0053,53,25,0.36,2009-12-08,2011-11-08,,Insufficient History,0,"High-Value, Reliable, Recent",High Risk
16254,3,1,2,33.33,Likely to Exit,236.41,3.1521,985.14,3,328.38,2.9942,400,22,0.1364,2010-03-17,2010-11-26,,Insufficient History,2,"Mid-Value, Unreliable, Lapsed",Medium Risk
16255,16,8,8,50.0,At Risk,1665.78,3.0791,4834.39,19,254.44,1.0799,38,24,0.7917,2010-01-24,2011-11-23,0.394,Declining,0,"High-Value, Reliable, Recent",Medium Risk
16256,3,0,3,0.0,Likely to Exit,121.83,4.061,1609.57,4,402.39,2.6063,279,21,0.1905,2010-04-21,2011-03-27,,Insufficient History,1,"Mid-Value, Unreliable, Recent",High Risk
16257,1,0,1,0.0,Likely to Exit,46.95,23.475,46.95,1,46.95,2.4495,198,7,0.1429,2011-06-16,2011-06-16,,Insufficient History,1,"Mid-Value, Unreliable, Recent",High Risk
16258,12,3,9,25.0,Likely to Exit,918.95,2.6636,11833.52,16,739.6,0.9889,67,22,0.7273,2010-03-10,2011-10-25,0.767,Declining,0,"High-Value, Reliable, Recent",High Risk
16259,2,2,0,100.0,Very Loyal,255.45,2.7468,361.94,3,120.65,3.1054,432,21,0.1429,2010-04-13,2010-10-25,,Insufficient History,2,"Mid-Value, Unreliable, Lapsed",Low Risk
16260,1,0,1,0.0,Likely to Exit,96.6,5.3667,1035.45,1,1035.45,1.4142,72,3,0.3333,2011-10-20,2011-10-20,,Insufficient History,1,"Mid-Value, Unreliable, Recent",High Risk
16261,6,1,5,16.67,Likely to Exit,514.83,3.0645,1059.45,6,176.58,1.336,39,16,0.375,2010-09-23,2011-11-22,0.6,Declining,1,"Mid-Value, Unreliable, Recent",High Risk
16262,3,1,2,33.33,Likely to Exit,162.24,3.2448,677.78,3,225.93,4.7958,382,24,0.125,2010-01-28,2010-12-14,,Insufficient History,2,"Mid-Value, Unreliable, Lapsed",Medium Risk
16263,1,0,1,0.0,Likely to Exit,60.86,2.5358,351.01,1,351.01,3.7417,445,15,0.0667,2010-10-12,2010-10-12,,Insufficient History,2,"Mid-Value, Unreliable, Lapsed",High Risk
16264,1,1,0,100.0,Very Loyal,165.49,2.5074,837.53,2,418.77,3.873,460,16,0.125,2010-09-19,2010-09-27,,Insufficient History,2,"Mid-Value, Unreliable, Lapsed",Low Risk
16265,10,8,2,80.0,Very Loyal,1444.57,4.2487,6893.62,15,459.57,1.076,31,15,1.0,2010-10-28,2011-11-30,1.167,Increasing,0,"High-Value, Reliable, Recent",Low Risk
16266,10,2,8,20.0,Likely to Exit,467.94,4.293,1757.95,14,125.57,1.4332,95,23,0.6087,2010-02-04,2011-09-27,0.0,Declining,0,"High-Value, Reliable, Recent",High Risk
16267,1,0,1,0.0,Likely to Exit,8.72,1.2457,186.66,1,186.66,4.4721,613,21,0.0476,2010-04-27,2010-04-27,,Insufficient History,2,"Mid-Value, Unreliable, Lapsed",High Risk
16268,1,1,0,100.0,Very Loyal,191.66,4.2591,667.65,2,333.82,1.7321,93,4,0.5,2011-09-29,2011-09-29,,Insufficient History,1,"Mid-Value, Unreliable, Recent",Low Risk
16269,2,1,1,50.0,At Risk,124.02,2.2967,714.59,2,357.3,3.873,450,16,0.125,2010-09-28,2010-10-07,,Insufficient History,2,"Mid-Value, Unreliable, Lapsed",Medium Risk
16270,1,1,0,100.0,Very Loyal,174.03,3.2228,1141.24,1,1141.24,3.4641,375,13,0.0769,2010-12-21,2010-12-21,,Insufficient History,2,"Mid-Value, Unreliable, Lapsed",Low Risk
16271,10,2,8,20.0,Likely to Exit,593.87,1.9408,3457.07,11,314.28,1.4612,24,22,0.5,2010-03-07,2011-12-07,0.711,Declining,0,"High-Value, Reliable, Recent",High Risk
16272,1,0,1,0.0,Likely to Exit,43.43,1.7372,411.7,1,411.7,2.0,138,5,0.2,2011-08-15,2011-08-15,,Insufficient History,1,"Mid-Value, Unreliable, Recent",High Risk
16273,2,1,1,50.0,At Risk,123.94,7.7462,336.04,2,168.02,3.7299,670,23,0.087,2010-02-21,2010-03-01,,Insufficient History,2,"Mid-Value, Unreliable, Lapsed",Medium Risk
16274,1,1,0,100.0,Very Loyal,573.2,4.2776,715.9,1,715.9,3.4641,395,13,0.0769,2010-12-01,2010-12-01,,Insufficient History,2,"Mid-Value, Unreliable, Lapsed",Low Risk
16275,3,2,1,66.67,Likely to Stay,412.76,3.7186,2151.11,3,717.04,2.5699,218,22,0.1364,2010-03-08,2011-05-27,,Insufficient History,1,"Mid-Value, Unreliable, Recent",Low Risk
16276,3,0,3,0.0,Likely to Exit,68.82,2.6469,2629.39,3,876.46,2.4805,198,21,0.1429,2010-04-11,2011-06-16,,Insufficient History,1,"Mid-Value, Unreliable, Recent",High Risk
16277,1,1,0,100.0,Very Loyal,149.99,6.5213,188.69,1,188.69,4.899,755,25,0.04,2009-12-06,2009-12-06,,Insufficient History,2,"Mid-Value, Unreliable, Lapsed",Low Risk
16278,5,2,3,40.0,At Risk,455.89,7.5982,1056.59,7,150.94,2.4121,45,18,0.3889,2010-07-28,2011-11-16,-0.023,Declining,1,"Mid-Value, Unreliable, Recent",Medium Risk
16279,10,3,7,30.0,Likely to Exit,891.4,2.5396,5692.18,10,569.22,1.2239,43,21,0.4762,2010-04-22,2011-11-18,2.094,Increasing,0,"High-Value, Reliable, Recent",Medium Risk
16280,1,0,1,0.0,Likely to Exit,60.9,3.8062,238.05,1,238.05,4.899,747,25,0.04,2009-12-14,2009-12-14,,Insufficient History,2,"Mid-Value, Unreliable, Lapsed",High Risk
16281,3,0,3,0.0,Likely to Exit,100.53,2.5133,3416.52,4,854.13,3.1056,94,24,0.1667,2010-01-26,2011-09-28,0.0,Declining,1,"Mid-Value, Unreliable, Recent",High Risk
16282,3,0,3,0.0,Likely to Exit,114.95,3.4833,1307.58,3,435.86,3.3955,361,25,0.12,2009-12-21,2011-01-04,,Insufficient History,2,"Mid-Value, Unreliable, Lapsed",High Risk
16283,8,4,4,50.0,At Risk,1434.85,2.3756,4311.37,12,359.28,1.8338,27,23,0.5217,2010-02-28,2011-12-04,3.115,Increasing,0,"High-Value, Reliable, Recent",Medium Risk
16284,3,2,1,66.67,Likely to Stay,292.93,2.1074,1029.77,3,343.26,2.0112,53,14,0.2143,2010-11-11,2011-11-08,,Insufficient History,1,"Mid-Value, Unreliable, Recent",Low Risk
16285,1,0,1,0.0,Likely to Exit,92.6,2.9871,176.9,1,176.9,4.5826,668,22,0.0455,2010-03-03,2010-03-03,,Insufficient History,2,"Mid-Value, Unreliable, Lapsed",High Risk
16286,3,0,3,0.0,Likely to Exit,78.75,4.1447,263.65,4,65.91,3.8451,499,22,0.1818,2010-03-26,2010-08-19,,Insufficient History,2,"Mid-Value, Unreliable, Lapsed",High Risk
16287,5,0,5,0.0,Likely to Exit,90.04,2.1438,1006.98,5,201.4,2.0419,191,24,0.2083,2010-01-19,2011-06-23,,Insufficient History,1,"Mid-Value, Unreliable, Recent",High Risk
16288,1,0,1,0.0,Likely to Exit,61.05,8.7214,129.85,1,129.85,4.0,492,17,0.0588,2010-08-26,2010-08-26,,Insufficient History,2,"Mid-Value, Unreliable, Lapsed",High Risk
16289,1,0,1,0.0,Likely to Exit,41.69,1.895,98.81,2,49.41,3.873,484,16,0.125,2010-09-03,2010-09-03,,Insufficient History,2,"Mid-Value, Unreliable, Lapsed",High Risk
16290,4,2,2,50.0,At Risk,686.94,5.2438,2069.3,4,517.33,2.6688,486,20,0.2,2010-05-23,2010-09-01,,Insufficient History,2,"Mid-Value, Unreliable, Lapsed",Medium Risk
16291,1,1,0,100.0,Very Loyal,117.72,117.72,117.72,1,117.72,4.7958,704,24,0.0417,2010-01-26,2010-01-26,,Insufficient History,2,"Mid-Value, Unreliable, Lapsed",Low Risk
16292,5,1,4,20.0,Likely to Exit,325.57,4.8593,1171.46,9,130.16,1.8863,139,21,0.4286,2010-04-14,2011-08-14,0.0,Declining,1,"Mid-Value, Unreliable, Recent",High Risk
16293,12,5,7,41.67,At Risk,988.27,4.0174,4632.2,19,243.8,1.3836,30,25,0.76,2009-12-11,2011-12-01,2.502,Increasing,0,"High-Value, Reliable, Recent",Medium Risk
16294,1,0,1,0.0,Likely to Exit,21.75,2.7188,126.05,1,126.05,4.0,498,17,0.0588,2010-08-20,2010-08-20,,Insufficient History,2,"Mid-Value, Unreliable, Lapsed",High Risk
16295,2,2,0,100.0,Very Loyal,297.58,3.7668,1328.55,4,332.14,0.709,31,3,1.3333,2011-10-06,2011-11-30,,Insufficient History,0,"High-Value, Reliable, Recent",Low Risk
16296,3,2,1,66.67,Likely to Stay,279.17,3.3635,1245.97,6,207.66,2.8473,648,25,0.24,2009-12-18,2010-03-23,,Insufficient History,2,"Mid-Value, Unreliable, Lapsed",Low Risk
16297,3,0,3,0.0,Likely to Exit,62.78,2.7296,275.4,4,68.85,3.0,234,10,0.4,2011-03-16,2011-05-11,,Insufficient History,1,"Mid-Value, Unreliable, Recent",High Risk
16298,6,0,6,0.0,Likely to Exit,228.37,4.6606,1080.0,9,120.0,1.3626,44,16,0.5625,2010-09-23,2011-11-17,,Insufficient History,1,"Mid-Value, Unreliable, Recent",High Risk
16299,1,0,1,0.0,Likely to Exit,38.45,2.9577,178.65,2,89.32,4.0,494,17,0.1176,2010-08-19,2010-08-24,,Insufficient History,2,"Mid-Value, Unreliable, Lapsed",High Risk
16300,3,3,0,100.0,Very Loyal,632.14,2.5387,1392.43,3,464.14,2.597,452,23,0.1304,2010-02-02,2010-10-05,,Insufficient History,2,"Mid-Value, Unreliable, Lapsed",Low Risk
16301,1,0,1,0.0,Likely to Exit,19.94,3.3233,107.33,1,107.33,4.899,758,25,0.04,2009-12-03,2009-12-03,,Insufficient History,2,"Mid-Value, Unreliable, Lapsed",High Risk
16302,1,0,1,0.0,Likely to Exit,20.23,1.6858,212.82,2,106.41,2.0,129,5,0.4,2011-08-05,2011-08-24,,Insufficient History,1,"Mid-Value, Unreliable, Recent",High Risk
16303,7,2,5,28.57,Likely to Exit,902.34,3.0797,7823.72,9,869.3,2.0104,47,22,0.4091,2010-03-18,2011-11-14,0.42,Declining,0,"High-Value, Reliable, Recent",High Risk
16304,1,0,1,0.0,Likely to Exit,69.01,2.7604,381.66,1,381.66,4.7958,716,24,0.0417,2010-01-14,2010-01-14,,Insufficient History,2,"Mid-Value, Unreliable, Lapsed",High Risk
16305,1,0,1,0.0,Likely to Exit,37.03,1.6832,361.22,1,361.22,2.2361,160,6,0.1667,2011-07-24,2011-07-24,0.0,Declining,1,"Mid-Value, Unreliable, Recent",High Risk
16306,5,0,5,0.0,Likely to Exit,153.21,2.1279,1162.82,10,116.28,1.8415,235,15,0.6667,2010-10-01,2011-05-10,,Insufficient History,1,"Mid-Value, Unreliable, Recent",High Risk
16307,3,0,3,0.0,Likely to Exit,137.5,1.8333,1194.92,3,398.31,2.3891,451,20,0.15,2010-05-11,2010-10-06,,Insufficient History,2,"Mid-Value, Unreliable, Lapsed",High Risk
16308,7,0,7,0.0,Likely to Exit,2.24,0.32,5120.0,7,731.43,1.7048,59,25,0.28,2009-12-15,2011-11-02,1.5,Increasing,0,"High-Value, Reliable, Recent",High Risk
16309,3,0,3,0.0,Likely to Exit,121.46,2.7605,686.67,3,228.89,1.8743,113,9,0.3333,2011-04-13,2011-09-09,0.0,Declining,1,"Mid-Value, Unreliable, Recent",High Risk
16310,2,0,2,0.0,Likely to Exit,87.58,3.1279,460.08,2,230.04,3.2136,436,22,0.0909,2010-03-07,2010-10-21,,Insufficient History,2,"Mid-Value, Unreliable, Lapsed",High Risk
16311,2,0,2,0.0,Likely to Exit,91.52,2.4735,616.26,2,308.13,0.7987,39,3,0.6667,2011-10-21,2011-11-22,,Insufficient History,1,"Mid-Value, Unreliable, Recent",High Risk
16312,1,0,1,0.0,Likely to Exit,56.2,5.62,171.15,1,171.15,3.7417,454,15,0.0667,2010-10-03,2010-10-03,,Insufficient History,2,"Mid-Value, Unreliable, Lapsed",High Risk
16313,2,0,2,0.0,Likely to Exit,49.57,3.0981,274.15,2,137.08,0.7579,25,3,0.6667,2011-10-21,2011-12-06,,Insufficient History,1,"Mid-Value, Unreliable, Recent",High Risk
16314,3,0,3,0.0,Likely to Exit,224.55,3.6218,1491.4,3,497.13,2.2378,411,17,0.1765,2010-08-24,2010-11-15,,Insufficient History,1,"Mid-Value, Unreliable, Recent",High Risk
16315,2,0,2,0.0,Likely to Exit,112.39,4.8865,402.71,2,201.36,2.9405,352,19,0.1053,2010-06-21,2011-01-13,,Insufficient History,2,"Mid-Value, Unreliable, Lapsed",High Risk
16316,13,7,6,53.85,At Risk,1421.35,4.6755,5533.31,19,291.23,1.0353,86,17,1.1176,2010-08-03,2011-10-06,-6.307,Declining,0,"High-Value, Reliable, Recent",Medium Risk
16317,5,2,3,40.0,At Risk,445.32,3.7739,2179.76,6,363.29,1.7801,141,20,0.3,2010-05-04,2011-08-12,0.0,Declining,0,"High-Value, Reliable, Recent",Medium Risk
16318,1,0,1,0.0,Likely to Exit,47.0,2.4737,328.15,1,328.15,1.0,57,2,0.5,2011-11-04,2011-11-04,,Insufficient History,1,"Mid-Value, Unreliable, Recent",High Risk
16319,1,0,1,0.0,Likely to Exit,16.85,5.6167,404.4,1,404.4,2.6458,239,8,0.125,2011-05-06,2011-05-06,,Insufficient History,1,"Mid-Value, Unreliable, Recent",High Risk
16320,5,3,2,60.0,Likely to Stay,1896.86,7.806,4428.85,8,553.61,2.4163,194,24,0.3333,2010-01-27,2011-06-20,,Insufficient History,0,"High-Value, Reliable, Recent",Low Risk
16321,5,0,5,0.0,Likely to Exit,99.9,2.775,265.5,10,26.55,2.2455,94,25,0.4,2009-12-01,2011-09-28,0.0,Declining,1,"Mid-Value, Unreliable, Recent",High Risk
16322,2,0,2,0.0,Likely to Exit,90.2,2.4378,326.75,2,163.37,0.3042,23,2,1.0,2011-11-03,2011-12-08,,Insufficient History,1,"Mid-Value, Unreliable, Recent",High Risk
16323,2,0,2,0.0,Likely to Exit,9.34,2.335,353.66,2,176.83,3.0497,218,20,0.1,2010-05-11,2011-05-27,,Insufficient History,1,"Mid-Value, Unreliable, Recent",High Risk
16324,2,2,0,100.0,Very Loyal,251.41,2.1306,428.68,3,142.89,1.6352,150,7,0.4286,2011-06-15,2011-08-03,0.0,Declining,1,"Mid-Value, Unreliable, Recent",Low Risk
16325,9,0,9,0.0,Likely to Exit,381.87,2.6336,3463.84,17,203.76,1.7562,66,25,0.68,2009-12-04,2011-10-26,0.656,Declining,0,"High-Value, Reliable, Recent",High Risk
16326,16,11,5,68.75,Likely to Stay,2650.32,5.3326,4706.99,26,181.04,0.9074,27,24,1.0833,2010-01-28,2011-12-04,1.642,Increasing,0,"High-Value, Reliable, Recent",Low Risk
16327,15,10,5,66.67,Likely to Stay,2028.06,2.1258,10705.52,20,535.28,0.9225,36,25,0.8,2009-12-14,2011-11-25,0.956,Stable,0,"High-Value, Reliable, Recent",Low Risk
16328,1,0,1,0.0,Likely to Exit,46.07,2.8794,310.83,1,310.83,4.3589,585,20,0.05,2010-05-25,2010-05-25,,Insufficient History,2,"Mid-Value, Unreliable, Lapsed",High Risk
16329,4,0,4,0.0,Likely to Exit,260.79,2.2677,1703.07,4,425.77,2.3636,449,25,0.16,2009-12-01,2010-10-08,,Insufficient History,1,"Mid-Value, Unreliable, Recent",High Risk
16330,5,1,4,20.0,Likely to Exit,307.11,2.5593,624.63,8,78.08,2.458,39,23,0.3478,2010-02-15,2011-11-22,5.169,Increasing,1,"Mid-Value, Unreliable, Recent",High Risk
16331,3,1,2,33.33,Likely to Exit,167.2,4.9176,2037.7,6,339.62,3.3473,454,22,0.2727,2010-03-07,2010-10-03,,Insufficient History,2,"Mid-Value, Unreliable, Lapsed",Medium Risk
16332,9,0,9,0.0,Likely to Exit,571.39,2.8427,1989.97,13,153.07,1.3661,50,21,0.619,2010-04-29,2011-11-11,0.467,Declining,0,"High-Value, Reliable, Recent",High Risk
16333,9,0,9,0.0,Likely to Exit,47.98,1.0662,26626.8,22,1210.31,0.9094,29,11,2.0,2011-02-03,2011-12-02,4.347,Increasing,0,"High-Value, Reliable, Recent",High Risk
16334,1,1,0,100.0,Very Loyal,159.98,2.7583,277.48,1,277.48,4.0,514,17,0.0588,2010-08-04,2010-08-04,,Insufficient History,2,"Mid-Value, Unreliable, Lapsed",Low Risk
16335,6,5,1,83.33,Very Loyal,1278.86,3.4846,2747.0,8,343.38,2.0384,573,25,0.32,2009-12-04,2010-06-06,,Insufficient History,0,"High-Value, Reliable, Recent",Low Risk
16336,3,1,2,33.33,Likely to Exit,250.16,3.6788,3517.69,4,879.42,2.769,442,22,0.1818,2010-03-18,2010-10-15,,Insufficient History,2,"Mid-Value, Unreliable, Lapsed",Medium Risk
16337,1,0,1,0.0,Likely to Exit,30.4,3.04,151.05,1,151.05,1.0,58,2,0.5,2011-11-03,2011-11-03,,Insufficient History,1,"Mid-Value, Unreliable, Recent",High Risk
16338,1,0,1,0.0,Likely to Exit,41.08,3.7345,214.8,1,214.8,2.2361,179,6,0.1667,2011-07-05,2011-07-05,0.0,Declining,1,"Mid-Value, Unreliable, Recent",High Risk
16339,1,1,0,100.0,Very Loyal,105.15,5.2575,109.95,1,109.95,3.1623,306,11,0.0909,2011-02-28,2011-02-28,,Insufficient History,2,"Mid-Value, Unreliable, Lapsed",Low Risk
16340,3,3,0,100.0,Very Loyal,600.48,1.5928,1526.06,3,508.69,2.3599,129,19,0.1579,2010-06-06,2011-08-24,0.0,Declining,1,"Mid-Value, Unreliable, Recent",Low Risk
16341,5,0,5,0.0,Likely to Exit,284.52,1.6836,3832.29,10,383.23,1.8781,46,21,0.4762,2010-04-09,2011-11-15,0.605,Declining,0,"High-Value, Reliable, Recent",High Risk
16342,4,0,4,0.0,Likely to Exit,84.05,5.6033,322.41,4,80.6,1.0597,97,7,0.5714,2011-06-13,2011-09-25,0.0,Declining,1,"Mid-Value, Unreliable, Recent",High Risk
16343,2,2,0,100.0,Very Loyal,254.13,2.955,687.07,3,229.02,2.5585,38,15,0.2,2010-10-28,2011-11-23,,Insufficient History,1,"Mid-Value, Unreliable, Recent",Low Risk
16344,4,0,4,0.0,Likely to Exit,92.42,2.0091,842.42,4,210.61,2.6393,180,23,0.1739,2010-02-09,2011-07-04,0.0,Declining,1,"Mid-Value, Unreliable, Recent",High Risk
16345,2,2,0,100.0,Very Loyal,354.71,3.1956,1198.74,2,599.37,2.7411,66,17,0.1176,2010-08-13,2011-10-26,,Insufficient History,1,"Mid-Value, Unreliable, Recent",Low Risk
16346,1,0,1,0.0,Likely to Exit,21.93,1.462,224.51,1,224.51,3.6056,407,14,0.0714,2010-11-19,2010-11-19,,Insufficient History,2,"Mid-Value, Unreliable, Lapsed",High Risk
16347,8,5,3,62.5,Likely to Stay,1216.12,3.4065,3482.01,13,267.85,1.5343,33,22,0.5909,2010-03-12,2011-11-28,,Insufficient History,0,"High-Value, Reliable, Recent",Low Risk
16348,6,3,3,50.0,At Risk,718.65,2.7017,1798.22,8,224.78,1.37,54,15,0.5333,2010-10-05,2011-11-07,0.897,Declining,0,"High-Value, Reliable, Recent",Medium Risk
16349,1,0,1,0.0,Likely to Exit,53.5,5.9444,53.5,1,53.5,3.1623,312,11,0.0909,2011-02-22,2011-02-22,,Insufficient History,2,"Mid-Value, Unreliable, Lapsed",High Risk
16350,7,1,6,14.29,Likely to Exit,500.74,3.8518,2206.49,12,183.87,1.5567,43,15,0.8,2010-10-07,2011-11-18,2.9,Increasing,0,"High-Value, Reliable, Recent",High Risk
16351,10,0,10,0.0,Likely to Exit,400.54,2.0229,3279.13,18,182.17,1.5473,354,25,0.72,2009-12-04,2011-01-11,,Insufficient History,0,"High-Value, Reliable, Recent",High Risk
16352,1,0,1,0.0,Likely to Exit,54.93,1.9618,494.44,2,247.22,1.0,39,2,1.0,2011-11-02,2011-11-22,,Insufficient History,1,"Mid-Value, Unreliable, Recent",High Risk
16353,19,0,19,0.0,Likely to Exit,456.51,2.5792,9985.93,41,243.56,1.0323,25,25,1.64,2009-12-07,2011-12-06,1.916,Increasing,0,"High-Value, Reliable, Recent",High Risk
16354,5,1,4,20.0,Likely to Exit,387.61,2.7296,1129.51,5,225.9,2.0706,85,21,0.2381,2010-04-27,2011-10-07,0.081,Declining,1,"Mid-Value, Unreliable, Recent",High Risk
16355,1,1,0,100.0,Very Loyal,156.57,3.1314,349.2,2,174.6,3.6056,396,14,0.1429,2010-11-29,2010-11-30,,Insufficient History,2,"Mid-Value, Unreliable, Lapsed",Low Risk
16356,5,0,5,0.0,Likely to Exit,129.39,2.1565,414.42,7,59.2,1.9257,219,19,0.3684,2010-06-06,2011-05-26,,Insufficient History,1,"Mid-Value, Unreliable, Recent",High Risk
16357,4,0,4,0.0,Likely to Exit,180.63,3.8432,868.37,4,217.09,1.8493,55,14,0.2857,2010-11-23,2011-11-06,,Insufficient History,1,"Mid-Value, Unreliable, Recent",High Risk
16358,5,0,5,0.0,Likely to Exit,294.91,1.9026,2917.1,6,486.18,1.4338,23,14,0.4286,2010-11-10,2011-12-08,1.328,Increasing,0,"High-Value, Reliable, Recent",High Risk
16359,15,2,13,13.33,Likely to Exit,991.32,7.6255,2379.4,20,118.97,0.9231,29,23,0.8696,2010-02-16,2011-12-02,2.066,Increasing,0,"High-Value, Reliable, Recent",High Risk
16360,4,4,0,100.0,Very Loyal,1571.53,2.3421,3411.69,8,426.46,0.3333,26,4,2.0,2011-09-12,2011-12-05,,Insufficient History,0,"High-Value, Reliable, Recent",Low Risk
16361,3,2,1,66.67,Likely to Stay,327.3,3.0877,896.66,4,224.17,0.5868,31,4,1.0,2011-09-29,2011-11-30,,Insufficient History,1,"Mid-Value, Unreliable, Recent",Low Risk
16362,5,1,4,20.0,Likely to Exit,302.35,2.9072,841.74,11,76.52,1.8852,54,16,0.6875,2010-09-28,2011-11-07,1.136,Increasing,1,"Mid-Value, Unreliable, Recent",High Risk
16363,1,0,1,0.0,Likely to Exit,14.78,2.956,109.36,1,109.36,1.4142,75,3,0.3333,2011-10-17,2011-10-17,,Insufficient History,1,"Mid-Value, Unreliable, Recent",High Risk
16364,2,1,1,50.0,At Risk,183.04,3.4536,707.04,2,353.52,1.4145,33,6,0.3333,2011-07-25,2011-11-28,1.034,Stable,1,"Mid-Value, Unreliable, Recent",Medium Risk
16365,11,2,9,18.18,Likely to Exit,612.98,4.6792,3296.8,16,206.05,1.4167,39,25,0.64,2009-12-11,2011-11-22,1.816,Increasing,0,"High-Value, Reliable, Recent",High Risk
16366,4,0,4,0.0,Likely to Exit,246.67,3.1624,1548.13,4,387.03,2.5235,40,25,0.16,2009-12-16,2011-11-21,,Insufficient History,1,"Mid-Value, Unreliable, Recent",High Risk
16367,3,3,0,100.0,Very Loyal,461.15,2.0138,1362.4,3,454.13,2.1438,59,14,0.2143,2010-11-21,2011-11-02,,Insufficient History,1,"Mid-Value, Unreliable, Recent",Low Risk
16368,3,1,2,33.33,Likely to Exit,255.49,2.607,640.21,3,213.4,2.2025,24,16,0.1875,2010-09-30,2011-12-07,,Insufficient History,1,"Mid-Value, Unreliable, Recent",Medium Risk
16369,7,0,7,0.0,Likely to Exit,464.34,2.7314,2664.81,7,380.69,1.5835,40,21,0.3333,2010-04-07,2011-11-21,1.412,Increasing,0,"High-Value, Reliable, Recent",High Risk
16370,4,4,0,100.0,Very Loyal,657.72,2.8847,1320.56,4,330.14,1.1492,104,9,0.4444,2011-04-28,2011-09-18,0.0,Declining,0,"High-Value, Reliable, Recent",Low Risk
16371,1,0,1,0.0,Likely to Exit,40.55,3.6864,157.2,1,157.2,3.873,470,16,0.0625,2010-09-17,2010-09-17,,Insufficient History,2,"Mid-Value, Unreliable, Lapsed",High Risk
16372,4,2,2,50.0,At Risk,772.9,2.3141,1298.61,6,216.43,3.0501,55,21,0.2857,2010-04-11,2011-11-06,,Insufficient History,1,"Mid-Value, Unreliable, Recent",Medium Risk
16373,2,0,2,0.0,Likely to Exit,83.65,2.8845,309.49,2,154.75,2.6459,404,15,0.1333,2010-10-24,2010-11-22,,Insufficient History,2,"Mid-Value, Unreliable, Lapsed",High Risk
16374,5,5,0,100.0,Very Loyal,1075.69,3.0047,1771.45,5,354.29,1.9042,88,21,0.2381,2010-04-30,2011-10-04,,Insufficient History,0,"High-Value, Reliable, Recent",Low Risk
16375,1,0,1,0.0,Likely to Exit,22.25,1.7115,104.0,2,52.0,4.0,492,17,0.1176,2010-08-26,2010-08-26,,Insufficient History,2,"Mid-Value, Unreliable, Lapsed",High Risk
16376,2,1,1,50.0,At Risk,325.83,2.5455,977.52,3,325.84,0.7715,30,2,1.5,2011-11-22,2011-12-01,,Insufficient History,1,"Mid-Value, Unreliable, Recent",Medium Risk
16377,2,0,2,0.0,Likely to Exit,5.3,0.53,1308.48,2,654.24,3.0841,289,21,0.0952,2010-04-01,2011-03-17,,Insufficient History,1,"Mid-Value, Unreliable, Recent",High Risk
16378,2,0,2,0.0,Likely to Exit,41.45,1.8022,362.95,3,120.98,2.5222,269,11,0.2727,2011-02-02,2011-04-06,,Insufficient History,1,"Mid-Value, Unreliable, Recent",High Risk
16379,3,1,2,33.33,Likely to Exit,226.95,2.0821,2131.9,5,426.38,0.8584,26,4,1.25,2011-09-22,2011-12-05,,Insufficient History,0,"High-Value, Reliable, Recent",Medium Risk
16380,1,0,1,0.0,Likely to Exit,57.6,1.8,1780.59,1,1780.59,1.4142,83,3,0.3333,2011-10-09,2011-10-09,,Insufficient History,1,"Mid-Value, Unreliable, Recent",High Risk
16381,2,1,1,50.0,At Risk,196.1,3.0169,258.7,2,129.35,3.1311,417,15,0.1333,2010-10-17,2010-11-09,,Insufficient History,2,"Mid-Value, Unreliable, Lapsed",Medium Risk
16382,2,1,1,50.0,At Risk,186.01,4.2275,353.1,2,176.55,2.9347,430,19,0.1053,2010-06-07,2010-10-27,,Insufficient History,2,"Mid-Value, Unreliable, Lapsed",Medium Risk
16383,7,6,1,85.71,Very Loyal,1193.77,2.8222,2910.84,9,323.43,1.7206,96,23,0.3913,2010-02-04,2011-09-26,0.0,Declining,0,"High-Value, Reliable, Recent",Low Risk
16384,4,0,4,0.0,Likely to Exit,209.57,2.5873,1358.95,4,339.74,2.1833,111,21,0.1905,2010-04-28,2011-09-11,0.0,Declining,1,"Mid-Value, Unreliable, Recent",High Risk
16385,5,0,5,0.0,Likely to Exit,308.3,2.2504,1030.61,5,206.12,2.0022,82,22,0.2273,2010-03-18,2011-10-10,2.22,Increasing,1,"Mid-Value, Unreliable, Recent",High Risk
16386,3,2,1,66.67,Likely to Stay,294.95,2.0065,1102.59,3,367.53,2.6271,50,14,0.2143,2010-11-17,2011-11-11,,Insufficient History,1,"Mid-Value, Unreliable, Recent",Low Risk
16387,5,1,4,20.0,Likely to Exit,321.07,3.3445,918.55,5,183.71,2.18,344,22,0.2273,2010-03-11,2011-01-21,,Insufficient History,1,"Mid-Value, Unreliable, Recent",High Risk
16388,1,0,1,0.0,Likely to Exit,37.3,2.8692,186.05,1,186.05,4.6904,675,23,0.0435,2010-02-24,2010-02-24,,Insufficient History,2,"Mid-Value, Unreliable, Lapsed",High Risk
16389,4,0,4,0.0,Likely to Exit,96.12,2.7463,1362.27,5,272.45,1.4203,75,10,0.5,2011-03-01,2011-10-17,0.78,Declining,1,"Mid-Value, Unreliable, Recent",High Risk
16390,2,0,2,0.0,Likely to Exit,119.55,5.6929,467.5,3,155.83,3.3691,558,24,0.125,2010-01-29,2010-06-21,,Insufficient History,2,"Mid-Value, Unreliable, Lapsed",High Risk
16391,4,4,0,100.0,Very Loyal,757.43,2.2883,1103.61,4,275.9,2.321,422,20,0.2,2010-05-27,2010-11-04,,Insufficient History,1,"Mid-Value, Unreliable, Recent",Low Risk
16392,3,1,2,33.33,Likely to Exit,317.42,2.1303,763.05,3,254.35,2.4796,291,20,0.15,2010-05-27,2011-03-15,,Insufficient History,1,"Mid-Value, Unreliable, Recent",Medium Risk
16393,17,5,12,29.41,Likely to Exit,1602.91,1.9692,5456.5,30,181.88,0.9103,24,25,1.2,2009-12-01,2011-12-07,1.583,Increasing,0,"High-Value, Reliable, Recent",High Risk
16394,5,0,5,0.0,Likely to Exit,112.33,1.1233,1412.06,9,156.9,1.0955,72,11,0.8182,2011-02-23,2011-10-20,1.414,Increasing,1,"Mid-Value, Unreliable, Recent",High Risk
16395,9,4,5,44.44,At Risk,1418.86,2.1728,3458.95,17,203.47,1.4946,82,25,0.68,2009-12-06,2011-10-10,0.704,Declining,0,"High-Value, Reliable, Recent",Medium Risk
16396,1,0,1,0.0,Likely to Exit,20.4,1.7,102.7,3,34.23,4.0,495,17,0.1765,2010-08-20,2010-08-23,,Insufficient History,2,"Mid-Value, Unreliable, Lapsed",High Risk
16397,1,0,1,0.0,Likely to Exit,53.94,4.9036,127.88,1,127.88,4.5826,650,22,0.0455,2010-03-21,2010-03-21,,Insufficient History,2,"Mid-Value, Unreliable, Lapsed",High Risk
16398,3,2,1,66.67,Likely to Stay,508.36,5.9112,1631.15,4,407.79,2.1659,166,10,0.4,2011-03-31,2011-07-18,0.0,Declining,1,"Mid-Value, Unreliable, Recent",Low Risk
16399,3,2,1,66.67,Likely to Stay,311.69,2.7583,641.82,3,213.94,1.9316,41,14,0.2143,2010-11-15,2011-11-20,,Insufficient History,1,"Mid-Value, Unreliable, Recent",Low Risk
16400,8,3,5,37.5,Likely to Exit,690.43,2.457,3159.44,9,351.05,1.5618,116,25,0.36,2009-12-08,2011-09-06,0.0,Declining,0,"High-Value, Reliable, Recent",Medium Risk
16401,17,1,16,5.88,Likely to Exit,623.91,1.6122,6628.99,39,169.97,0.8242,23,19,2.0526,2010-06-02,2011-12-08,1.7,Increasing,0,"High-Value, Reliable, Recent",High Risk
16402,2,1,1,50.0,At Risk,309.85,2.6483,511.4,2,255.7,2.8814,286,13,0.1538,2010-12-05,2011-03-20,,Insufficient History,1,"Mid-Value, Unreliable, Recent",Medium Risk
16403,2,0,2,0.0,Likely to Exit,24.05,1.6033,161.05,2,80.52,3.3166,324,12,0.1667,2011-01-31,2011-02-10,,Insufficient History,2,"Mid-Value, Unreliable, Lapsed",High Risk
16404,2,1,1,50.0,At Risk,131.55,5.4813,430.3,2,215.15,4.899,92,25,0.08,2009-12-07,2011-09-30,0.0,Declining,2,"Mid-Value, Unreliable, Lapsed",Medium Risk
16405,1,0,1,0.0,Likely to Exit,11.65,2.33,167.25,2,83.62,3.1623,324,11,0.1818,2011-02-02,2011-02-10,,Insufficient History,2,"Mid-Value, Unreliable, Lapsed",High Risk
16406,3,3,0,100.0,Very Loyal,411.48,2.54,533.98,4,133.5,2.6012,40,23,0.1739,2010-02-24,2011-11-21,,Insufficient History,1,"Mid-Value, Unreliable, Recent",Low Risk
16407,10,1,9,10.0,Likely to Exit,724.72,3.1238,2821.65,14,201.55,0.871,34,15,0.9333,2010-10-03,2011-11-27,0.332,Declining,0,"High-Value, Reliable, Recent",High Risk
16408,1,0,1,0.0,Likely to Exit,66.45,1.4767,231.93,1,231.93,4.4721,613,21,0.0476,2010-04-27,2010-04-27,,Insufficient History,2,"Mid-Value, Unreliable, Lapsed",High Risk
16409,11,9,2,81.82,Very Loyal,2029.51,2.5658,5709.04,12,475.75,1.3851,58,25,0.48,2009-12-13,2011-11-03,0.988,Stable,0,"High-Value, Reliable, Recent",Low Risk
16410,1,0,1,0.0,Likely to Exit,3.98,0.796,130.32,1,130.32,4.899,756,25,0.04,2009-12-05,2009-12-05,,Insufficient History,2,"Mid-Value, Unreliable, Lapsed",High Risk
16411,4,1,3,25.0,Likely to Exit,429.55,2.0751,910.19,4,227.55,1.8438,41,15,0.2667,2010-10-07,2011-11-20,,Insufficient History,1,"Mid-Value, Unreliable, Recent",High Risk
16412,5,1,4,20.0,Likely to Exit,336.43,2.4737,647.23,5,129.45,1.982,75,23,0.2174,2010-02-04,2011-10-17,,Insufficient History,1,"Mid-Value, Unreliable, Recent",High Risk
16413,2,1,1,50.0,At Risk,191.65,2.7775,528.98,2,264.49,2.4496,78,14,0.1429,2010-11-29,2011-10-14,,Insufficient History,1,"Mid-Value, Unreliable, Recent",Medium Risk
16414,5,1,4,20.0,Likely to Exit,222.9,3.4828,559.71,5,111.94,2.196,43,24,0.2083,2010-01-14,2011-11-18,,Insufficient History,1,"Mid-Value, Unreliable, Recent",High Risk
16415,3,1,2,33.33,Likely to Exit,328.78,2.0295,719.44,3,239.81,2.6665,66,23,0.1304,2010-02-01,2011-10-26,,Insufficient History,1,"Mid-Value, Unreliable, Recent",Medium Risk
16416,6,2,4,33.33,Likely to Exit,503.3,2.663,2948.47,10,294.85,1.7758,48,23,0.4348,2010-02-23,2011-11-13,,Insufficient History,0,"High-Value, Reliable, Recent",Medium Risk
16417,1,0,1,0.0,Likely to Exit,5.95,5.95,35.7,1,35.7,4.0,514,17,0.0588,2010-08-04,2010-08-04,,Insufficient History,2,"Mid-Value, Unreliable, Lapsed",High Risk
16418,4,3,1,75.0,Likely to Stay,616.32,3.6469,1101.94,5,220.39,1.8129,66,15,0.3333,2010-10-13,2011-10-26,1.38,Increasing,1,"Mid-Value, Unreliable, Recent",Low Risk
16419,6,1,5,16.67,Likely to Exit,366.93,3.9455,1474.67,9,163.85,1.6943,134,23,0.3913,2010-02-09,2011-08-19,0.0,Declining,1,"Mid-Value, Unreliable, Recent",High Risk
16420,1,0,1,0.0,Likely to Exit,2.07,1.035,75.0,1,75.0,3.6056,418,14,0.0714,2010-11-08,2010-11-08,,Insufficient History,2,"Mid-Value, Unreliable, Lapsed",High Risk
16421,3,1,2,33.33,Likely to Exit,254.29,6.6918,526.27,3,175.42,2.52,398,17,0.1765,2010-08-27,2010-11-28,,Insufficient History,2,"Mid-Value, Unreliable, Lapsed",Medium Risk
16422,24,9,15,37.5,Likely to Exit,2030.16,2.6678,61110.54,146,418.57,0.4966,39,25,5.84,2009-12-01,2011-11-22,0.491,Declining,0,"High-Value, Reliable, Recent",Medium Risk
16423,1,0,1,0.0,Likely to Exit,34.48,1.9156,346.12,1,346.12,1.0,46,2,0.5,2011-11-15,2011-11-15,,Insufficient History,1,"Mid-Value, Unreliable, Recent",High Risk
16424,3,0,3,0.0,Likely to Exit,55.24,3.9457,392.06,3,130.69,2.6653,213,14,0.2143,2010-11-22,2011-06-01,,Insufficient History,1,"Mid-Value, Unreliable, Recent",High Risk
16425,1,0,1,0.0,Likely to Exit,87.61,4.1719,302.7,1,302.7,3.1623,324,11,0.0909,2011-02-10,2011-02-10,,Insufficient History,2,"Mid-Value, Unreliable, Lapsed",High Risk
16426,5,4,1,80.0,Very Loyal,776.24,2.0867,1908.25,10,190.82,1.0708,24,10,1.0,2011-03-08,2011-12-07,3.371,Increasing,0,"High-Value, Reliable, Recent",Low Risk
16427,2,0,2,0.0,Likely to Exit,13.4,1.4889,241.06,2,120.53,2.1316,285,11,0.1818,2011-02-28,2011-03-21,,Insufficient History,1,"Mid-Value, Unreliable, Recent",High Risk
16428,3,2,1,66.67,Likely to Stay,305.57,2.2304,657.33,4,164.33,2.9473,103,18,0.2222,2010-07-30,2011-09-19,-0.0,Declining,1,"Mid-Value, Unreliable, Recent",Low Risk
16429,1,0,1,0.0,Likely to Exit,39.9,19.95,284.55,1,284.55,2.0,128,5,0.2,2011-08-25,2011-08-25,,Insufficient History,1,"Mid-Value, Unreliable, Recent",High Risk
16430,5,0,5,0.0,Likely to Exit,146.07,5.2168,1117.94,7,159.71,2.7699,79,24,0.2917,2010-01-27,2011-10-13,,Insufficient History,1,"Mid-Value, Unreliable, Recent",High Risk
16431,2,0,2,0.0,Likely to Exit,152.19,1.8336,642.81,3,214.27,2.1277,235,11,0.2727,2011-02-15,2011-05-10,,Insufficient History,1,"Mid-Value, Unreliable, Recent",High Risk
16432,1,0,1,0.0,Likely to Exit,25.34,3.1675,287.4,1,287.4,1.4142,86,3,0.3333,2011-10-06,2011-10-06,,Insufficient History,1,"Mid-Value, Unreliable, Recent",High Risk
16433,2,0,2,0.0,Likely to Exit,70.31,2.0679,384.52,2,192.26,2.5521,50,15,0.1333,2010-10-27,2011-11-11,,Insufficient History,1,"Mid-Value, Unreliable, Recent",High Risk
16434,9,3,6,33.33,Likely to Exit,692.88,3.6855,2727.04,13,209.77,1.5345,51,24,0.5417,2010-01-17,2011-11-10,3.382,Increasing,0,"High-Value, Reliable, Recent",Medium Risk
16435,1,1,0,100.0,Very Loyal,525.36,4.1695,1011.57,3,337.19,4.1231,534,18,0.1667,2010-07-13,2010-07-15,,Insufficient History,2,"Mid-Value, Unreliable, Lapsed",Low Risk
16436,2,0,2,0.0,Likely to Exit,99.18,2.3065,242.04,4,60.51,3.4432,690,25,0.16,2009-12-06,2010-02-09,,Insufficient History,2,"Mid-Value, Unreliable, Lapsed",High Risk
16437,2,0,2,0.0,Likely to Exit,43.55,2.0738,301.25,2,150.62,2.6203,403,15,0.1333,2010-10-06,2010-11-23,,Insufficient History,2,"Mid-Value, Unreliable, Lapsed",High Risk
16438,4,1,3,25.0,Likely to Exit,289.61,2.194,798.35,5,159.67,0.2993,27,4,1.25,2011-09-18,2011-12-04,,Insufficient History,1,"Mid-Value, Unreliable, Recent",High Risk
16439,1,0,1,0.0,Likely to Exit,42.05,4.6722,310.7,1,310.7,4.899,744,25,0.04,2009-12-17,2009-12-17,,Insufficient History,2,"Mid-Value, Unreliable, Lapsed",High Risk
16440,5,2,3,40.0,At Risk,699.17,2.2774,3856.97,6,642.83,1.9394,29,17,0.3529,2010-08-03,2011-12-02,,Insufficient History,0,"High-Value, Reliable, Recent",Medium Risk
16441,5,1,4,20.0,Likely to Exit,286.56,3.2938,1023.48,6,170.58,1.9719,89,22,0.2727,2010-03-22,2011-10-03,,Insufficient History,1,"Mid-Value, Unreliable, Recent",High Risk
16442,5,3,2,60.0,Likely to Stay,586.89,2.3476,899.47,5,179.89,2.1147,23,25,0.2,2009-12-13,2011-12-08,,Insufficient History,1,"Mid-Value, Unreliable, Recent",Low Risk
16443,1,0,1,0.0,Likely to Exit,1.69,1.69,162.24,1,162.24,4.1231,542,18,0.0556,2010-07-07,2010-07-07,,Insufficient History,2,"Mid-Value, Unreliable, Lapsed",High Risk
16444,12,2,10,16.67,Likely to Exit,949.77,2.4994,3582.38,20,179.12,1.6,68,22,0.9091,2010-03-24,2011-10-24,0.376,Declining,0,"High-Value, Reliable, Recent",High Risk
16445,3,3,0,100.0,Very Loyal,429.2,2.2354,602.73,4,150.68,2.0202,55,15,0.2667,2010-10-24,2011-11-06,,Insufficient History,1,"Mid-Value, Unreliable, Recent",Low Risk
16446,3,0,3,0.0,Likely to Exit,11.56,2.312,-6.1,4,-1.53,3.7416,22,15,0.2667,2010-10-04,2011-12-09,,Insufficient History,3,"Low-Value, Reliable, Lapsed",High Risk
16447,3,2,1,66.67,Likely to Stay,360.07,4.9325,775.14,3,258.38,2.6206,157,23,0.1304,2010-02-17,2011-07-27,0.0,Declining,1,"Mid-Value, Unreliable, Recent",Low Risk
16448,2,0,2,0.0,Likely to Exit,120.5,2.3173,367.87,2,183.94,2.7397,220,17,0.1176,2010-08-25,2011-05-25,,Insufficient History,1,"Mid-Value, Unreliable, Recent",High Risk
16449,3,0,3,0.0,Likely to Exit,145.47,3.383,674.69,3,224.9,2.039,212,10,0.3,2011-03-04,2011-06-02,,Insufficient History,1,"Mid-Value, Unreliable, Recent",High Risk
16450,4,0,4,0.0,Likely to Exit,155.26,3.5286,1475.73,4,368.93,2.9521,171,25,0.16,2009-12-10,2011-07-13,0.0,Declining,1,"Mid-Value, Unreliable, Recent",High Risk
16451,3,0,3,0.0,Likely to Exit,169.34,2.5658,1009.4,4,252.35,2.7793,109,25,0.16,2009-12-04,2011-09-13,0.0,Declining,1,"Mid-Value, Unreliable, Recent",High Risk
16452,2,0,2,0.0,Likely to Exit,33.49,1.8606,332.17,2,166.09,3.3662,652,24,0.0833,2010-01-15,2010-03-19,,Insufficient History,2,"Mid-Value, Unreliable, Lapsed",High Risk
16453,1,0,1,0.0,Likely to Exit,47.01,3.134,251.71,2,125.85,4.2426,552,19,0.1053,2010-06-09,2010-06-27,,Insufficient History,2,"Mid-Value, Unreliable, Lapsed",High Risk
16454,5,0,5,0.0,Likely to Exit,39.05,4.8813,1.9,8,0.24,3.7458,66,23,0.3478,2010-02-02,2011-10-26,,Insufficient History,3,"Low-Value, Reliable, Lapsed",High Risk
16455,9,2,7,22.22,Likely to Exit,555.72,2.4374,4306.72,13,331.29,1.6129,85,22,0.5909,2010-03-30,2011-10-07,2.731,Increasing,0,"High-Value, Reliable, Recent",High Risk
16456,11,3,8,27.27,Likely to Exit,1787.52,4.2969,6185.41,14,441.81,1.5809,121,22,0.6364,2010-03-29,2011-09-01,0.0,Declining,0,"High-Value, Reliable, Recent",High Risk
16457,1,0,1,0.0,Likely to Exit,24.03,2.67,208.36,1,208.36,2.6458,240,8,0.125,2011-05-05,2011-05-05,,Insufficient History,1,"Mid-Value, Unreliable, Recent",High Risk
16458,19,1,18,5.26,Likely to Exit,785.41,2.0507,5715.34,30,190.51,0.5148,24,20,1.5,2010-05-26,2011-12-07,1.042,Stable,0,"High-Value, Reliable, Recent",High Risk
16459,1,0,1,0.0,Likely to Exit,12.84,2.568,71.79,1,71.79,4.899,751,25,0.04,2009-12-10,2009-12-10,,Insufficient History,2,"Mid-Value, Unreliable, Lapsed",High Risk
16460,2,1,1,50.0,At Risk,226.15,1.6752,814.72,3,271.57,1.0641,50,4,0.75,2011-09-19,2011-11-11,,Insufficient History,1,"Mid-Value, Unreliable, Recent",Medium Risk
16461,3,3,0,100.0,Very Loyal,696.52,2.5893,1615.22,3,538.41,2.8743,199,22,0.1364,2010-03-03,2011-06-15,,Insufficient History,1,"Mid-Value, Unreliable, Recent",Low Risk
16462,4,0,4,0.0,Likely to Exit,34.0,8.5,102.0,4,25.5,1.6583,86,10,0.4,2011-03-01,2011-10-06,-0.5,Declining,1,"Mid-Value, Unreliable, Recent",High Risk
16463,3,0,3,0.0,Likely to Exit,170.89,2.0105,1383.7,7,197.67,1.5156,43,8,0.875,2011-05-19,2011-11-18,,Insufficient History,1,"Mid-Value, Unreliable, Recent",High Risk
16464,3,3,0,100.0,Very Loyal,592.07,2.5088,1314.68,3,438.23,1.0806,41,6,0.5,2011-07-20,2011-11-20,0.317,Declining,0,"High-Value, Reliable, Recent",Low Risk
16465,2,0,2,0.0,Likely to Exit,125.4,2.5592,726.34,3,242.11,2.7204,435,16,0.1875,2010-09-21,2010-10-22,,Insufficient History,2,"Mid-Value, Unreliable, Lapsed",High Risk
16466,14,5,9,35.71,Likely to Exit,1254.34,3.5736,3713.59,16,232.1,0.9133,55,22,0.7273,2010-03-07,2011-11-06,1.254,Increasing,0,"High-Value, Reliable, Recent",Medium Risk
16467,6,0,6,0.0,Likely to Exit,30.91,1.2364,2862.4,8,357.8,2.9578,530,25,0.32,2009-12-02,2010-07-19,,Insufficient History,2,"Mid-Value, Unreliable, Lapsed",High Risk
16468,2,1,1,50.0,At Risk,115.65,2.57,787.52,3,262.51,3.6158,96,17,0.1765,2010-08-15,2011-09-26,0.0,Declining,1,"Mid-Value, Unreliable, Recent",Medium Risk
16469,4,3,1,75.0,Likely to Stay,614.74,2.9987,828.91,5,165.78,1.9159,45,18,0.2778,2010-07-13,2011-11-16,1.01,Stable,1,"Mid-Value, Unreliable, Recent",Low Risk
16470,10,5,5,50.0,At Risk,1122.34,2.3189,2453.65,12,204.47,1.4034,73,25,0.48,2009-12-11,2011-10-19,1.154,Increasing,0,"High-Value, Reliable, Recent",Medium Risk
16471,5,0,5,0.0,Likely to Exit,167.54,2.6178,1186.18,6,197.7,2.2087,296,23,0.2609,2010-02-25,2011-03-10,,Insufficient History,1,"Mid-Value, Unreliable, Recent",High Risk
16472,2,1,1,50.0,At Risk,273.91,7.0233,789.6,2,394.8,3.3576,456,21,0.0952,2010-04-21,2010-10-01,,Insufficient History,2,"Mid-Value, Unreliable, Lapsed",Medium Risk
16473,5,0,5,0.0,Likely to Exit,65.7,2.2655,469.58,5,93.92,1.6815,186,14,0.3571,2010-11-30,2011-06-28,,Insufficient History,1,"Mid-Value, Unreliable, Recent",High Risk
16474,5,3,2,60.0,Likely to Stay,811.4,2.2049,1811.47,11,164.68,0.9639,29,6,1.8333,2011-07-17,2011-12-02,3.011,Increasing,0,"High-Value, Reliable, Recent",Low Risk
16475,4,0,4,0.0,Likely to Exit,143.1,5.1107,544.3,4,136.07,1.6979,110,10,0.4,2011-03-11,2011-09-12,0.0,Declining,1,"Mid-Value, Unreliable, Recent",High Risk
16476,1,0,1,0.0,Likely to Exit,95.05,3.6558,337.0,3,112.33,3.7417,439,15,0.2,2010-10-04,2010-10-18,,Insufficient History,2,"Mid-Value, Unreliable, Lapsed",High Risk
16477,10,1,9,10.0,Likely to Exit,599.55,2.306,4320.02,11,392.73,0.9439,85,17,0.6471,2010-08-12,2011-10-07,1.108,Increasing,0,"High-Value, Reliable, Recent",High Risk
16478,2,0,2,0.0,Likely to Exit,50.03,2.9429,331.0,3,110.33,0.8783,47,3,1.0,2011-10-05,2011-11-14,,Insufficient History,1,"Mid-Value, Unreliable, Recent",High Risk
16479,1,1,0,100.0,Very Loyal,111.2,3.1771,300.83,2,150.41,1.0,32,2,1.0,2011-11-29,2011-11-29,,Insufficient History,1,"Mid-Value, Unreliable, Recent",Low Risk
16480,1,1,0,100.0,Very Loyal,176.52,3.3306,769.29,1,769.29,1.7321,97,4,0.25,2011-09-25,2011-09-25,,Insufficient History,1,"Mid-Value, Unreliable, Recent",Low Risk
16481,2,0,2,0.0,Likely to Exit,52.25,2.6125,428.23,3,142.74,4.7958,681,24,0.125,2010-01-26,2010-02-18,,Insufficient History,2,"Mid-Value, Unreliable, Lapsed",High Risk
16482,1,0,1,0.0,Likely to Exit,24.51,1.3617,220.62,1,220.62,1.0,37,2,0.5,2011-11-24,2011-11-24,,Insufficient History,1,"Mid-Value, Unreliable, Recent",High Risk
16483,1,0,1,0.0,Likely to Exit,83.8,4.4105,139.35,1,139.35,2.6458,214,8,0.125,2011-05-31,2011-05-31,,Insufficient History,1,"Mid-Value, Unreliable, Recent",High Risk
16484,1,0,1,0.0,Likely to Exit,86.33,3.3204,379.4,3,126.47,2.4495,195,7,0.4286,2011-06-02,2011-06-19,,Insufficient History,1,"Mid-Value, Unreliable, Recent",High Risk
16485,6,2,4,33.33,Likely to Exit,512.26,3.3049,2137.68,7,305.38,2.0924,99,25,0.28,2009-12-06,2011-09-23,0.0,Declining,0,"High-Value, Reliable, Recent",Medium Risk
16486,1,0,1,0.0,Likely to Exit,47.89,6.8414,134.36,1,134.36,4.2426,559,19,0.0526,2010-06-20,2010-06-20,,Insufficient History,2,"Mid-Value, Unreliable, Lapsed",High Risk
16487,2,0,2,0.0,Likely to Exit,70.3,2.0086,209.4,2,104.7,3.2414,599,23,0.087,2010-02-18,2010-05-11,,Insufficient History,2,"Mid-Value, Unreliable, Lapsed",High Risk
16488,3,0,3,0.0,Likely to Exit,132.09,4.261,492.2,4,123.05,1.0496,55,6,0.6667,2011-07-14,2011-11-06,0.414,Declining,1,"Mid-Value, Unreliable, Recent",High Risk
16489,2,0,2,0.0,Likely to Exit,44.8,7.4667,303.7,2,151.85,2.7548,402,16,0.125,2010-09-29,2010-11-24,,Insufficient History,2,"Mid-Value, Unreliable, Lapsed",High Risk
16490,2,0,2,0.0,Likely to Exit,42.34,2.6463,179.16,2,89.58,3.873,452,16,0.125,2010-09-29,2010-10-05,,Insufficient History,2,"Mid-Value, Unreliable, Lapsed",High Risk
16491,3,1,2,33.33,Likely to Exit,208.33,2.3674,1524.31,3,508.1,2.5526,68,15,0.2,2010-10-22,2011-10-24,,Insufficient History,1,"Mid-Value, Unreliable, Recent",Medium Risk
16492,1,0,1,0.0,Likely to Exit,58.76,2.5548,385.56,1,385.56,4.2426,562,19,0.0526,2010-06-17,2010-06-17,,Insufficient History,2,"Mid-Value, Unreliable, Lapsed",High Risk
16493,8,1,7,12.5,Likely to Exit,239.48,2.0468,2110.12,9,234.46,1.7463,94,22,0.4091,2010-03-26,2011-09-28,0.0,Declining,0,"High-Value, Reliable, Recent",High Risk
16494,1,0,1,0.0,Likely to Exit,74.96,1.4992,826.53,1,826.53,3.1623,318,11,0.0909,2011-02-16,2011-02-16,,Insufficient History,2,"Mid-Value, Unreliable, Lapsed",High Risk
16495,2,1,1,50.0,At Risk,312.16,3.2181,684.41,3,228.14,2.0955,25,10,0.3,2011-03-08,2011-12-06,,Insufficient History,1,"Mid-Value, Unreliable, Recent",Medium Risk
16496,6,1,5,16.67,Likely to Exit,371.94,2.6567,2293.47,7,327.64,1.7234,30,18,0.3889,2010-07-18,2011-12-01,,Insufficient History,0,"High-Value, Reliable, Recent",High Risk
16497,13,7,6,53.85,At Risk,1342.85,3.9847,6695.28,23,291.1,1.2781,71,25,0.92,2009-12-03,2011-10-21,,Insufficient History,0,"High-Value, Reliable, Recent",Medium Risk
16498,2,0,2,0.0,Likely to Exit,40.47,2.5294,86.12,3,28.71,2.186,183,7,0.4286,2011-06-30,2011-07-01,-0.0,Declining,1,"Mid-Value, Unreliable, Recent",High Risk
16499,6,3,3,50.0,At Risk,519.97,3.4435,2491.74,13,191.67,1.8291,382,19,0.6842,2010-06-11,2010-12-14,,Insufficient History,0,"High-Value, Reliable, Recent",Medium Risk
16500,5,1,4,20.0,Likely to Exit,252.42,7.212,835.96,10,83.6,1.8988,26,19,0.5263,2010-06-14,2011-12-05,,Insufficient History,1,"Mid-Value, Unreliable, Recent",High Risk
16501,1,1,0,100.0,Very Loyal,551.47,2.6641,1237.23,1,1237.23,3.6056,405,14,0.0714,2010-11-21,2010-11-21,,Insufficient History,2,"Mid-Value, Unreliable, Lapsed",Low Risk
16502,1,1,0,100.0,Very Loyal,174.0,4.0465,266.5,2,133.25,4.5826,642,22,0.0909,2010-03-29,2010-03-29,,Insufficient History,2,"Mid-Value, Unreliable, Lapsed",Low Risk
16503,9,3,6,33.33,Likely to Exit,883.92,4.0922,3597.89,13,276.76,1.1541,128,19,0.6842,2010-06-21,2011-08-25,0.0,Declining,0,"High-Value, Reliable, Recent",Medium Risk
16504,1,1,0,100.0,Very Loyal,106.11,1.2338,484.38,1,484.38,1.0,47,2,0.5,2011-11-14,2011-11-14,,Insufficient History,1,"Mid-Value, Unreliable, Recent",Low Risk
16505,1,0,1,0.0,Likely to Exit,5.4,1.35,777.6,1,777.6,1.0,53,2,0.5,2011-11-08,2011-11-08,,Insufficient History,1,"Mid-Value, Unreliable, Recent",High Risk
16506,2,0,2,0.0,Likely to Exit,6.55,2.1833,90.3,2,45.15,0.7578,41,3,0.6667,2011-10-30,2011-11-20,,Insufficient History,1,"Mid-Value, Unreliable, Recent",High Risk
16507,1,0,1,0.0,Likely to Exit,84.54,1.966,152.76,1,152.76,4.3589,594,20,0.05,2010-05-16,2010-05-16,,Insufficient History,2,"Mid-Value, Unreliable, Lapsed",High Risk
16508,1,1,0,100.0,Very Loyal,161.57,3.5904,248.8,1,248.8,4.5826,652,22,0.0455,2010-03-19,2010-03-19,,Insufficient History,2,"Mid-Value, Unreliable, Lapsed",Low Risk
16509,1,0,1,0.0,Likely to Exit,99.1,7.6231,363.7,1,363.7,3.1623,318,11,0.0909,2011-02-16,2011-02-16,,Insufficient History,2,"Mid-Value, Unreliable, Lapsed",High Risk
16510,5,3,2,60.0,Likely to Stay,510.31,3.8955,2100.0,6,350.0,2.1557,394,24,0.25,2010-01-17,2010-12-02,,Insufficient History,1,"Mid-Value, Unreliable, Recent",Low Risk
16511,6,6,0,100.0,Very Loyal,999.15,3.1223,1819.02,6,303.17,1.6639,43,22,0.2727,2010-03-01,2011-11-18,1.519,Increasing,0,"High-Value, Reliable, Recent",Low Risk
16512,1,0,1,0.0,Likely to Exit,16.95,16.95,-33.9,1,-33.9,0.0,750,25,0.04,2009-12-11,2009-12-11,,Insufficient History,3,"Low-Value, Reliable, Lapsed",High Risk
16513,3,0,3,0.0,Likely to Exit,90.67,2.5906,874.59,4,218.65,0.6537,26,3,1.3333,2011-10-27,2011-12-05,,Insufficient History,1,"Mid-Value, Unreliable, Recent",High Risk
16514,1,1,0,100.0,Very Loyal,134.86,134.86,-134.86,1,-134.86,0.0,652,22,0.0455,2010-03-19,2010-03-19,,Insufficient History,3,"Low-Value, Reliable, Lapsed",Low Risk
16515,9,2,7,22.22,Likely to Exit,610.28,2.5428,3216.3,10,321.63,1.1902,74,19,0.5263,2010-06-17,2011-10-18,0.6,Declining,0,"High-Value, Reliable, Recent",High Risk
16516,1,0,1,0.0,Likely to Exit,12.7,2.1167,101.7,1,101.7,1.0,52,2,0.5,2011-11-09,2011-11-09,,Insufficient History,1,"Mid-Value, Unreliable, Recent",High Risk
16517,1,0,1,0.0,Likely to Exit,49.05,2.8853,162.7,1,162.7,3.0,299,10,0.1,2011-03-07,2011-03-07,,Insufficient History,2,"Mid-Value, Unreliable, Lapsed",High Risk
16518,5,0,5,0.0,Likely to Exit,228.88,3.2237,938.27,6,156.38,2.0349,83,19,0.3158,2010-06-01,2011-10-09,,Insufficient History,1,"Mid-Value, Unreliable, Recent",High Risk
16519,4,0,4,0.0,Likely to Exit,203.25,4.8393,556.26,4,139.07,2.332,47,22,0.1818,2010-03-01,2011-11-14,,Insufficient History,1,"Mid-Value, Unreliable, Recent",High Risk
16520,6,6,0,100.0,Very Loyal,1113.65,2.6706,2465.92,8,308.24,1.7308,208,22,0.3636,2010-03-02,2011-06-06,,Insufficient History,0,"High-Value, Reliable, Recent",Low Risk
16521,2,1,1,50.0,At Risk,606.44,2.5374,1148.01,3,382.67,4.202,437,22,0.1364,2010-03-01,2010-10-20,,Insufficient History,2,"Mid-Value, Unreliable, Lapsed",Medium Risk
16522,1,0,1,0.0,Likely to Exit,85.58,4.7544,433.36,2,216.68,3.873,457,16,0.125,2010-09-15,2010-09-30,,Insufficient History,2,"Mid-Value, Unreliable, Lapsed",High Risk
16523,18,5,13,27.78,Likely to Exit,1569.05,4.0861,11760.54,39,301.55,1.0558,23,25,1.56,2009-12-08,2011-12-08,0.73,Declining,0,"High-Value, Reliable, Recent",High Risk
16524,2,1,1,50.0,At Risk,182.55,3.3806,308.14,2,154.07,3.5225,468,24,0.0833,2010-01-17,2010-09-19,,Insufficient History,2,"Mid-Value, Unreliable, Lapsed",Medium Risk
16525,24,2,22,8.33,Likely to Exit,1345.06,3.4937,23350.74,54,432.42,0.6066,24,25,2.16,2009-12-02,2011-12-07,0.64,Declining,0,"High-Value, Reliable, Recent",High Risk
16526,2,1,1,50.0,At Risk,197.29,5.6369,717.21,2,358.61,3.0598,193,20,0.1,2010-05-04,2011-06-21,,Insufficient History,1,"Mid-Value, Unreliable, Recent",Medium Risk
16527,2,1,1,50.0,At Risk,250.41,3.2521,1272.44,2,636.22,3.0963,103,15,0.1333,2010-10-11,2011-09-19,0.0,Declining,1,"Mid-Value, Unreliable, Recent",Medium Risk
16528,1,0,1,0.0,Likely to Exit,54.8,3.2235,244.41,1,244.41,0.0,25,1,1.0,2011-12-06,2011-12-06,,Insufficient History,1,"Mid-Value, Unreliable, Recent",High Risk
16529,4,2,2,50.0,At Risk,454.37,3.5222,2012.0,4,503.0,2.0206,212,19,0.2105,2010-06-27,2011-06-02,,Insufficient History,1,"Mid-Value, Unreliable, Recent",Medium Risk
16530,1,0,1,0.0,Likely to Exit,17.65,5.8833,48.35,1,48.35,4.6904,690,23,0.0435,2010-02-09,2010-02-09,,Insufficient History,2,"Mid-Value, Unreliable, Lapsed",High Risk
16531,9,0,9,0.0,Likely to Exit,388.21,2.7729,2263.58,12,188.63,1.0159,44,16,0.75,2010-09-24,2011-11-17,0.878,Declining,0,"High-Value, Reliable, Recent",High Risk
16532,5,0,5,0.0,Likely to Exit,21.5,3.5833,8756.64,5,1751.33,2.0039,39,22,0.2273,2010-03-29,2011-11-22,0.856,Declining,0,"High-Value, Reliable, Recent",High Risk
16533,2,1,1,50.0,At Risk,472.54,2.6107,1026.94,5,205.39,1.2117,41,3,1.6667,2011-10-02,2011-11-20,,Insufficient History,1,"Mid-Value, Unreliable, Recent",Medium Risk
16534,1,1,0,100.0,Very Loyal,184.84,5.1344,635.9,1,635.9,4.5826,664,22,0.0455,2010-03-07,2010-03-07,,Insufficient History,2,"Mid-Value, Unreliable, Lapsed",Low Risk
16535,3,0,3,0.0,Likely to Exit,192.42,2.5318,1001.59,3,333.86,3.323,27,24,0.125,2010-01-28,2011-12-04,,Insufficient History,1,"Mid-Value, Unreliable, Recent",High Risk
16536,1,1,0,100.0,Very Loyal,210.16,3.7529,539.02,2,269.51,2.0,129,5,0.4,2011-08-21,2011-08-24,,Insufficient History,1,"Mid-Value, Unreliable, Recent",Low Risk
16537,1,0,1,0.0,Likely to Exit,2.05,0.5125,23.35,1,23.35,4.5826,663,22,0.0455,2010-03-08,2010-03-08,,Insufficient History,2,"Mid-Value, Unreliable, Lapsed",High Risk
16538,2,0,2,0.0,Likely to Exit,83.3,1.9372,399.62,3,133.21,3.1211,563,21,0.1429,2010-04-23,2010-06-16,,Insufficient History,2,"Mid-Value, Unreliable, Lapsed",High Risk
16539,7,3,4,42.86,At Risk,823.15,5.4155,3732.01,10,373.2,1.6557,24,19,0.5263,2010-06-25,2011-12-07,,Insufficient History,0,"High-Value, Reliable, Recent",Medium Risk
16540,1,0,1,0.0,Likely to Exit,97.95,2.6473,226.7,1,226.7,3.7417,436,15,0.0667,2010-10-21,2010-10-21,,Insufficient History,2,"Mid-Value, Unreliable, Lapsed",High Risk
16541,1,1,0,100.0,Very Loyal,144.35,3.7013,419.78,2,209.89,4.899,757,25,0.08,2009-12-04,2009-12-04,,Insufficient History,2,"Mid-Value, Unreliable, Lapsed",Low Risk
16542,2,0,2,0.0,Likely to Exit,36.04,2.5743,257.32,2,128.66,2.4565,75,14,0.1429,2010-11-03,2011-10-17,,Insufficient History,1,"Mid-Value, Unreliable, Recent",High Risk
16543,2,0,2,0.0,Likely to Exit,27.33,1.3665,277.81,2,138.9,4.4721,605,21,0.0952,2010-04-27,2010-05-05,,Insufficient History,2,"Mid-Value, Unreliable, Lapsed",High Risk
16544,2,0,2,0.0,Likely to Exit,38.74,2.7671,110.3,6,18.38,3.532,541,23,0.2609,2010-02-15,2010-07-08,,Insufficient History,2,"Mid-Value, Unreliable, Lapsed",High Risk
16545,2,0,2,0.0,Likely to Exit,21.46,2.6825,689.82,2,344.91,2.4499,186,14,0.1429,2010-11-29,2011-06-28,,Insufficient History,1,"Mid-Value, Unreliable, Recent",High Risk
16546,4,0,4,0.0,Likely to Exit,212.38,1.9849,3837.36,7,548.19,2.1238,312,16,0.4375,2010-09-23,2011-02-22,,Insufficient History,0,"High-Value, Reliable, Recent",High Risk
16547,1,0,1,0.0,Likely to Exit,58.32,2.16,111.71,1,111.71,4.2426,568,19,0.0526,2010-06-11,2010-06-11,,Insufficient History,2,"Mid-Value, Unreliable, Lapsed",High Risk
16548,1,0,1,0.0,Likely to Exit,30.15,5.025,30.15,1,30.15,4.4721,621,21,0.0476,2010-04-19,2010-04-19,,Insufficient History,2,"Mid-Value, Unreliable, Lapsed",High Risk
16549,15,13,2,86.67,Very Loyal,6743.31,2.0717,13159.64,37,355.67,1.4898,32,25,1.48,2009-12-03,2011-11-29,2.621,Increasing,0,"High-Value, Reliable, Recent",Low Risk
16550,16,12,4,75.0,Likely to Stay,2278.95,2.7163,9169.32,29,316.18,1.0051,130,25,1.16,2009-12-02,2011-08-23,0.0,Declining,0,"High-Value, Reliable, Recent",Low Risk
16551,7,0,7,0.0,Likely to Exit,287.35,3.2653,2237.12,7,319.59,1.6253,117,25,0.28,2009-12-13,2011-09-05,0.0,Declining,1,"Mid-Value, Unreliable, Recent",High Risk
16552,2,0,2,0.0,Likely to Exit,93.06,4.23,475.02,2,237.51,2.3987,264,13,0.1538,2010-12-01,2011-04-11,,Insufficient History,1,"Mid-Value, Unreliable, Recent",High Risk
16553,13,2,11,15.38,Likely to Exit,621.61,2.0859,16555.87,36,459.89,1.5577,185,23,1.5652,2010-02-11,2011-06-29,,Insufficient History,0,"High-Value, Reliable, Recent",High Risk
16554,13,3,10,23.08,Likely to Exit,793.9,3.7098,2407.17,18,133.73,1.6576,25,25,0.72,2009-12-15,2011-12-06,,Insufficient History,0,"High-Value, Reliable, Recent",High Risk
16555,3,1,2,33.33,Likely to Exit,246.5,2.1435,285.89,10,28.59,3.4971,57,18,0.5556,2010-07-22,2011-11-04,0.881,Declining,1,"Mid-Value, Unreliable, Recent",Medium Risk
16556,17,9,8,52.94,At Risk,2444.68,4.8894,7610.23,24,317.09,0.846,88,25,0.96,2009-12-07,2011-10-04,1.604,Increasing,0,"High-Value, Reliable, Recent",Medium Risk
16557,2,0,2,0.0,Likely to Exit,75.0,6.8182,281.85,2,140.92,1.4963,46,6,0.3333,2011-07-25,2011-11-15,1.786,Increasing,1,"Mid-Value, Unreliable, Recent",High Risk
16558,22,11,11,50.0,At Risk,2560.75,3.185,13718.96,47,291.89,0.7702,22,25,1.88,2009-12-03,2011-12-09,2.44,Increasing,0,"High-Value, Reliable, Recent",Medium Risk
16559,1,0,1,0.0,Likely to Exit,68.15,3.7861,185.2,1,185.2,3.6056,419,14,0.0714,2010-11-07,2010-11-07,,Insufficient History,2,"Mid-Value, Unreliable, Lapsed",High Risk
16560,7,4,3,57.14,At Risk,833.92,4.1489,3010.73,10,301.07,1.8274,43,25,0.4,2009-12-08,2011-11-18,,Insufficient History,0,"High-Value, Reliable, Recent",Medium Risk
16561,2,0,2,0.0,Likely to Exit,88.61,2.8584,511.12,2,255.56,0.7085,27,3,0.6667,2011-10-11,2011-12-04,,Insufficient History,1,"Mid-Value, Unreliable, Recent",High Risk
16562,1,0,1,0.0,Likely to Exit,40.52,1.1918,223.86,1,223.86,4.0,498,17,0.0588,2010-08-20,2010-08-20,,Insufficient History,2,"Mid-Value, Unreliable, Lapsed",High Risk
16563,6,0,6,0.0,Likely to Exit,232.35,2.5533,4412.56,7,630.37,2.0329,75,25,0.28,2009-12-01,2011-10-17,,Insufficient History,0,"High-Value, Reliable, Recent",High Risk
16564,1,0,1,0.0,Likely to Exit,16.45,3.29,87.8,1,87.8,4.3589,591,20,0.05,2010-05-19,2010-05-19,,Insufficient History,2,"Mid-Value, Unreliable, Lapsed",High Risk
16565,4,0,4,0.0,Likely to Exit,57.45,4.4192,700.45,5,140.09,2.1602,386,19,0.2632,2010-06-02,2010-12-10,,Insufficient History,1,"Mid-Value, Unreliable, Recent",High Risk
16566,5,0,5,0.0,Likely to Exit,49.17,2.5879,614.01,6,102.33,1.2864,37,11,0.5455,2011-02-20,2011-11-24,,Insufficient History,1,"Mid-Value, Unreliable, Recent",High Risk
16567,2,0,2,0.0,Likely to Exit,75.79,2.1654,865.6,2,432.8,2.3449,216,12,0.1667,2011-01-07,2011-05-29,,Insufficient History,1,"Mid-Value, Unreliable, Recent",High Risk
16568,2,0,2,0.0,Likely to Exit,61.45,12.29,1020.9,2,510.45,3.1696,449,22,0.0909,2010-03-08,2010-10-08,,Insufficient History,2,"Mid-Value, Unreliable, Lapsed",High Risk
16569,5,0,5,0.0,Likely to Exit,72.92,2.0834,1455.23,5,291.05,2.1928,25,25,0.2,2009-12-16,2011-12-06,,Insufficient History,1,"Mid-Value, Unreliable, Recent",High Risk
16570,20,2,18,10.0,Likely to Exit,1417.61,5.4315,6841.82,31,220.7,1.1033,30,25,1.24,2009-12-03,2011-12-01,6.746,Increasing,0,"High-Value, Reliable, Recent",High Risk
16571,12,0,12,0.0,Likely to Exit,584.39,2.0577,4025.05,17,236.77,1.2907,25,22,0.7727,2010-03-18,2011-12-06,-11.233,Declining,0,"High-Value, Reliable, Recent",High Risk
16572,3,1,2,33.33,Likely to Exit,220.38,3.7997,999.7,4,249.93,1.535,149,10,0.4,2011-03-09,2011-08-04,0.0,Declining,1,"Mid-Value, Unreliable, Recent",Medium Risk
16573,3,0,3,0.0,Likely to Exit,170.29,3.702,648.41,4,162.1,2.1393,95,11,0.3636,2011-02-22,2011-09-27,0.0,Declining,1,"Mid-Value, Unreliable, Recent",High Risk
16574,3,0,3,0.0,Likely to Exit,155.12,1.8037,1301.78,3,433.93,2.7237,93,23,0.1304,2010-02-19,2011-09-29,0.0,Declining,1,"Mid-Value, Unreliable, Recent",High Risk
16575,1,0,1,0.0,Likely to Exit,10.49,10.49,-10.49,1,-10.49,0.0,704,24,0.0417,2010-01-26,2010-01-26,,Insufficient History,3,"Low-Value, Reliable, Lapsed",High Risk
16576,2,0,2,0.0,Likely to Exit,114.79,3.1886,513.17,5,102.63,2.8684,431,18,0.2778,2010-07-06,2010-10-26,,Insufficient History,2,"Mid-Value, Unreliable, Lapsed",High Risk
16577,1,0,1,0.0,Likely to Exit,97.6,4.2435,380.0,1,380.0,4.6904,688,23,0.0435,2010-02-11,2010-02-11,,Insufficient History,2,"Mid-Value, Unreliable, Lapsed",High Risk
16578,1,0,1,0.0,Likely to Exit,13.05,1.45,156.6,1,156.6,4.5826,648,22,0.0455,2010-03-23,2010-03-23,,Insufficient History,2,"Mid-Value, Unreliable, Lapsed",High Risk
16579,2,0,2,0.0,Likely to Exit,75.8,4.7375,233.85,2,116.93,3.7417,387,15,0.1333,2010-10-10,2010-12-09,,Insufficient History,2,"Mid-Value, Unreliable, Lapsed",High Risk
16580,1,0,1,0.0,Likely to Exit,5.0,2.5,-5.0,1,-5.0,0.0,750,25,0.04,2009-12-11,2009-12-11,,Insufficient History,3,"Low-Value, Reliable, Lapsed",High Risk
16581,2,0,2,0.0,Likely to Exit,16.57,1.5064,70.44,2,35.22,2.4495,177,7,0.2857,2011-06-10,2011-07-07,-0.0,Declining,1,"Mid-Value, Unreliable, Recent",High Risk
16582,1,0,1,0.0,Likely to Exit,9.73,1.6217,313.62,1,313.62,2.0,135,5,0.2,2011-08-18,2011-08-18,,Insufficient History,1,"Mid-Value, Unreliable, Recent",High Risk
16583,2,0,2,0.0,Likely to Exit,78.8,2.4625,531.4,2,265.7,4.1345,395,23,0.087,2010-02-04,2010-12-01,,Insufficient History,2,"Mid-Value, Unreliable, Lapsed",High Risk
16584,6,0,6,0.0,Likely to Exit,238.0,2.587,3085.47,7,440.78,2.0293,102,23,0.3043,2010-02-16,2011-09-20,0.0,Declining,0,"High-Value, Reliable, Recent",High Risk
16585,2,0,2,0.0,Likely to Exit,55.48,3.0822,341.59,2,170.8,3.7055,615,24,0.0833,2010-01-13,2010-04-25,,Insufficient History,2,"Mid-Value, Unreliable, Lapsed",High Risk
16586,3,0,3,0.0,Likely to Exit,138.24,4.9371,1462.78,3,487.59,2.6355,270,22,0.1364,2010-03-14,2011-04-05,,Insufficient History,1,"Mid-Value, Unreliable, Recent",High Risk
16587,1,0,1,0.0,Likely to Exit,87.2,6.7077,225.15,1,225.15,2.8284,254,9,0.1111,2011-04-21,2011-04-21,,Insufficient History,2,"Mid-Value, Unreliable, Lapsed",High Risk
16588,4,1,3,25.0,Likely to Exit,218.27,3.0742,1361.28,4,340.32,2.2919,408,20,0.2,2010-05-14,2010-11-18,,Insufficient History,1,"Mid-Value, Unreliable, Recent",High Risk
16589,4,0,4,0.0,Likely to Exit,75.42,1.7141,612.36,4,153.09,1.8827,93,16,0.25,2010-09-15,2011-09-29,0.0,Declining,1,"Mid-Value, Unreliable, Recent",High Risk
16590,2,0,2,0.0,Likely to Exit,135.15,4.0955,563.6,3,187.87,2.5526,403,15,0.2,2010-10-21,2010-11-23,,Insufficient History,2,"Mid-Value, Unreliable, Lapsed",High Risk
16591,1,0,1,0.0,Likely to Exit,44.43,4.443,213.5,1,213.5,1.4142,90,3,0.3333,2011-10-02,2011-10-02,,Insufficient History,1,"Mid-Value, Unreliable, Recent",High Risk
16592,16,1,15,6.25,Likely to Exit,990.32,2.2204,7624.46,34,224.25,0.9218,26,25,1.36,2009-12-18,2011-12-05,2.716,Increasing,0,"High-Value, Reliable, Recent",High Risk
16593,7,1,6,14.29,Likely to Exit,366.32,4.579,1051.24,9,116.8,1.8451,72,25,0.36,2009-12-05,2011-10-20,,Insufficient History,1,"Mid-Value, Unreliable, Recent",High Risk
16594,1,1,0,100.0,Very Loyal,159.95,3.0179,181.09,1,181.09,1.7321,97,4,0.25,2011-09-25,2011-09-25,,Insufficient History,1,"Mid-Value, Unreliable, Recent",Low Risk
16595,5,5,0,100.0,Very Loyal,961.91,2.0293,1810.18,5,362.04,2.0509,83,24,0.2083,2010-01-17,2011-10-09,,Insufficient History,0,"High-Value, Reliable, Recent",Low Risk
16596,4,0,4,0.0,Likely to Exit,114.79,3.8263,579.63,4,144.91,2.4929,37,25,0.16,2009-12-10,2011-11-24,,Insufficient History,1,"Mid-Value, Unreliable, Recent",High Risk
16597,1,0,1,0.0,Likely to Exit,11.35,1.6214,90.04,1,90.04,0.0,26,1,1.0,2011-12-05,2011-12-05,,Insufficient History,1,"Mid-Value, Unreliable, Recent",High Risk
16598,2,0,2,0.0,Likely to Exit,27.05,2.4591,140.7,2,70.35,3.1623,299,11,0.1818,2011-02-27,2011-03-07,,Insufficient History,2,"Mid-Value, Unreliable, Lapsed",High Risk
16599,1,0,1,0.0,Likely to Exit,32.75,2.7292,172.8,1,172.8,3.6056,407,14,0.0714,2010-11-19,2010-11-19,,Insufficient History,2,"Mid-Value, Unreliable, Lapsed",High Risk
16600,11,0,11,0.0,Likely to Exit,273.31,1.81,2093.56,16,130.85,1.5743,26,25,0.64,2009-12-18,2011-12-05,3.977,Increasing,0,"High-Value, Reliable, Recent",High Risk
16601,3,1,2,33.33,Likely to Exit,220.65,3.0646,684.25,3,228.08,2.922,62,22,0.1364,2010-03-26,2011-10-30,,Insufficient History,1,"Mid-Value, Unreliable, Recent",Medium Risk
16602,2,0,2,0.0,Likely to Exit,141.08,3.0017,711.63,5,142.33,2.6514,53,14,0.3571,2010-11-16,2011-11-08,,Insufficient History,1,"Mid-Value, Unreliable, Recent",High Risk
16603,1,0,1,0.0,Likely to Exit,73.32,2.1565,482.47,2,241.24,1.7321,96,4,0.5,2011-09-09,2011-09-26,,Insufficient History,1,"Mid-Value, Unreliable, Recent",High Risk
16604,2,0,2,0.0,Likely to Exit,40.95,2.73,326.25,3,108.75,4.3589,570,20,0.15,2010-05-20,2010-06-09,,Insufficient History,2,"Mid-Value, Unreliable, Lapsed",High Risk
16605,1,0,1,0.0,Likely to Exit,0.42,0.42,60.48,1,60.48,4.899,746,25,0.04,2009-12-15,2009-12-15,,Insufficient History,2,"Mid-Value, Unreliable, Lapsed",High Risk
16606,1,0,1,0.0,Likely to Exit,97.63,4.4377,357.66,2,178.83,3.7417,426,15,0.1333,2010-10-01,2010-10-31,,Insufficient History,2,"Mid-Value, Unreliable, Lapsed",High Risk
16607,17,1,16,5.88,Likely to Exit,1387.02,4.5928,5375.18,29,185.35,0.7277,39,21,1.381,2010-04-29,2011-11-22,0.9,Stable,0,"High-Value, Reliable, Recent",High Risk
16608,2,2,0,100.0,Very Loyal,415.37,3.4047,1288.72,2,644.36,3.2483,475,23,0.087,2010-02-14,2010-09-12,,Insufficient History,2,"Mid-Value, Unreliable, Lapsed",Low Risk
16609,6,4,2,66.67,Likely to Stay,999.88,3.571,5450.96,9,605.66,1.0083,37,9,1.0,2011-04-01,2011-11-24,0.732,Declining,0,"High-Value, Reliable, Recent",Low Risk
16610,1,0,1,0.0,Likely to Exit,7.78,1.2967,75.66,1,75.66,2.6458,241,8,0.125,2011-05-04,2011-05-04,,Insufficient History,2,"Mid-Value, Unreliable, Lapsed",High Risk
16611,6,2,4,33.33,Likely to Exit,449.88,4.053,1776.63,7,253.8,1.9957,208,22,0.3182,2010-03-10,2011-06-06,,Insufficient History,1,"Mid-Value, Unreliable, Recent",Medium Risk
16612,8,1,7,12.5,Likely to Exit,558.54,3.3246,3243.48,10,324.35,1.727,54,25,0.4,2009-12-03,2011-11-07,1.966,Increasing,0,"High-Value, Reliable, Recent",High Risk
16613,1,0,1,0.0,Likely to Exit,86.91,2.897,618.59,1,618.59,1.7321,92,4,0.25,2011-09-30,2011-09-30,,Insufficient History,1,"Mid-Value, Unreliable, Recent",High Risk
16614,3,1,2,33.33,Likely to Exit,279.02,5.6943,1179.79,3,393.26,2.4487,204,20,0.15,2010-05-10,2011-06-10,,Insufficient History,1,"Mid-Value, Unreliable, Recent",Medium Risk
16615,2,0,2,0.0,Likely to Exit,69.61,3.4805,264.5,2,132.25,4.5826,590,22,0.0909,2010-03-23,2010-05-20,,Insufficient History,2,"Mid-Value, Unreliable, Lapsed",High Risk
16616,2,0,2,0.0,Likely to Exit,93.71,2.8397,500.42,2,250.21,1.4412,37,6,0.3333,2011-07-05,2011-11-24,1.382,Increasing,1,"Mid-Value, Unreliable, Recent",High Risk
16617,1,0,1,0.0,Likely to Exit,19.55,3.91,151.85,1,151.85,2.8284,257,9,0.1111,2011-04-18,2011-04-18,,Insufficient History,2,"Mid-Value, Unreliable, Lapsed",High Risk
16618,4,2,2,50.0,At Risk,365.05,3.7634,2630.64,6,438.44,1.6835,53,12,0.5,2011-01-21,2011-11-08,,Insufficient History,0,"High-Value, Reliable, Recent",Medium Risk
16619,4,1,3,25.0,Likely to Exit,422.36,3.5793,1916.53,5,383.31,2.6365,275,23,0.2174,2010-02-22,2011-03-31,,Insufficient History,1,"Mid-Value, Unreliable, Recent",High Risk
16620,6,1,5,16.67,Likely to Exit,214.23,2.279,1758.93,6,293.15,2.4893,25,25,0.24,2009-12-01,2011-12-06,,Insufficient History,1,"Mid-Value, Unreliable, Recent",High Risk
16621,4,0,4,0.0,Likely to Exit,133.14,4.591,813.48,4,203.37,1.3665,73,10,0.4,2011-03-07,2011-10-19,1.719,Increasing,1,"Mid-Value, Unreliable, Recent",High Risk
16622,1,0,1,0.0,Likely to Exit,81.4,5.8143,205.6,2,102.8,4.2426,564,19,0.1053,2010-06-14,2010-06-15,,Insufficient History,2,"Mid-Value, Unreliable, Lapsed",High Risk
16623,4,0,4,0.0,Likely to Exit,181.0,3.4808,1002.49,5,200.5,2.1958,267,21,0.2381,2010-04-26,2011-04-08,,Insufficient History,1,"Mid-Value, Unreliable, Recent",High Risk
16624,2,0,2,0.0,Likely to Exit,147.54,3.0738,810.57,2,405.28,1.7352,102,8,0.25,2011-05-26,2011-09-20,0.0,Declining,1,"Mid-Value, Unreliable, Recent",High Risk
16625,5,0,5,0.0,Likely to Exit,232.25,2.3225,1651.08,6,275.18,1.6912,296,19,0.3158,2010-06-14,2011-03-10,,Insufficient History,1,"Mid-Value, Unreliable, Recent",High Risk
16626,8,2,6,25.0,Likely to Exit,749.16,4.0715,4379.65,20,218.98,0.6863,22,10,2.0,2011-03-18,2011-12-09,1.893,Increasing,0,"High-Value, Reliable, Recent",High Risk
16627,1,1,0,100.0,Very Loyal,101.35,5.0675,322.8,1,322.8,1.7321,101,4,0.25,2011-09-21,2011-09-21,,Insufficient History,1,"Mid-Value, Unreliable, Recent",Low Risk
16628,7,0,7,0.0,Likely to Exit,322.07,2.536,2313.09,8,289.14,1.7599,51,22,0.3636,2010-03-08,2011-11-10,0.63,Declining,0,"High-Value, Reliable, Recent",High Risk
16629,1,1,0,100.0,Very Loyal,156.99,2.453,417.73,2,208.87,1.7321,95,4,0.5,2011-09-04,2011-09-27,,Insufficient History,1,"Mid-Value, Unreliable, Recent",Low Risk
16630,2,0,2,0.0,Likely to Exit,7.65,1.53,104.3,2,52.15,3.873,429,16,0.125,2010-09-30,2010-10-28,,Insufficient History,2,"Mid-Value, Unreliable, Lapsed",High Risk
16631,7,1,6,14.29,Likely to Exit,338.84,4.1832,1867.02,8,233.38,1.7727,503,23,0.3478,2010-02-26,2010-08-15,,Insufficient History,1,"Mid-Value, Unreliable, Recent",High Risk
16632,2,0,2,0.0,Likely to Exit,43.55,1.613,406.4,2,203.2,3.0001,507,20,0.1,2010-05-07,2010-08-11,,Insufficient History,2,"Mid-Value, Unreliable, Lapsed",High Risk
16633,6,4,2,66.67,Likely to Stay,713.18,4.6613,2878.15,7,411.16,0.8203,39,9,0.7778,2011-04-19,2011-11-22,1.699,Increasing,0,"High-Value, Reliable, Recent",Low Risk
16634,7,2,5,28.57,Likely to Exit,499.36,4.3423,1363.1,10,136.31,1.9056,244,24,0.4167,2010-01-21,2011-05-01,,Insufficient History,1,"Mid-Value, Unreliable, Recent",High Risk
16635,1,0,1,0.0,Likely to Exit,55.12,2.2048,473.0,1,473.0,3.7417,428,15,0.0667,2010-10-29,2010-10-29,,Insufficient History,2,"Mid-Value, Unreliable, Lapsed",High Risk
16636,3,1,2,33.33,Likely to Exit,191.32,2.6208,3802.04,4,950.51,3.0803,460,22,0.1818,2010-03-03,2010-09-27,,Insufficient History,2,"Mid-Value, Unreliable, Lapsed",Medium Risk
16637,4,0,4,0.0,Likely to Exit,195.21,2.7113,1124.59,5,224.92,1.1359,54,9,0.5556,2011-04-28,2011-11-07,2.618,Increasing,1,"Mid-Value, Unreliable, Recent",High Risk
16638,10,1,9,10.0,Likely to Exit,495.69,3.5155,2426.28,16,151.64,1.1999,44,17,0.9412,2010-08-18,2011-11-17,0.382,Declining,0,"High-Value, Reliable, Recent",High Risk
16639,4,2,2,50.0,At Risk,312.79,3.7686,1659.85,5,331.97,1.9528,47,15,0.3333,2010-10-26,2011-11-14,,Insufficient History,1,"Mid-Value, Unreliable, Recent",Medium Risk
16640,1,0,1,0.0,Likely to Exit,18.35,1.4115,179.4,1,179.4,3.6056,419,14,0.0714,2010-11-07,2010-11-07,,Insufficient History,2,"Mid-Value, Unreliable, Lapsed",High Risk
16641,2,0,2,0.0,Likely to Exit,73.21,2.0336,554.5,2,277.25,3.3664,127,24,0.0833,2010-01-07,2011-08-26,0.0,Declining,1,"Mid-Value, Unreliable, Recent",High Risk
16642,4,0,4,0.0,Likely to Exit,171.42,3.0074,1051.46,5,210.29,2.0129,26,15,0.3333,2010-10-20,2011-12-05,,Insufficient History,1,"Mid-Value, Unreliable, Recent",High Risk
16643,2,0,2,0.0,Likely to Exit,171.78,2.9617,915.56,3,305.19,2.5542,267,15,0.2,2010-10-13,2011-04-08,,Insufficient History,1,"Mid-Value, Unreliable, Recent",High Risk
16644,2,0,2,0.0,Likely to Exit,95.35,1.5379,833.78,2,416.89,2.269,199,8,0.25,2011-05-11,2011-06-15,,Insufficient History,1,"Mid-Value, Unreliable, Recent",High Risk
16645,1,0,1,0.0,Likely to Exit,33.34,2.3814,160.39,1,160.39,4.899,757,25,0.04,2009-12-04,2009-12-04,,Insufficient History,2,"Mid-Value, Unreliable, Lapsed",High Risk
16646,1,0,1,0.0,Likely to Exit,50.61,1.687,675.05,2,337.53,3.873,466,16,0.125,2010-09-16,2010-09-21,,Insufficient History,2,"Mid-Value, Unreliable, Lapsed",High Risk
16647,4,0,4,0.0,Likely to Exit,110.46,3.3473,541.9,4,135.47,2.0163,191,19,0.2105,2010-06-13,2011-06-23,,Insufficient History,1,"Mid-Value, Unreliable, Recent",High Risk
16648,4,0,4,0.0,Likely to Exit,72.82,1.8672,653.0,4,163.25,2.5808,60,21,0.1905,2010-04-28,2011-11-01,,Insufficient History,1,"Mid-Value, Unreliable, Recent",High Risk
16649,1,1,0,100.0,Very Loyal,136.19,6.8095,306.58,1,306.58,4.1231,542,18,0.0556,2010-07-07,2010-07-07,,Insufficient History,2,"Mid-Value, Unreliable, Lapsed",Low Risk
16650,5,0,5,0.0,Likely to Exit,225.52,2.3012,1916.11,7,273.73,1.9013,93,18,0.3889,2010-07-08,2011-09-29,0.0,Declining,1,"Mid-Value, Unreliable, Recent",High Risk
16651,1,0,1,0.0,Likely to Exit,17.6,2.9333,136.2,1,136.2,4.3589,608,20,0.05,2010-05-02,2010-05-02,,Insufficient History,2,"Mid-Value, Unreliable, Lapsed",High Risk
16652,11,5,6,45.45,At Risk,1234.83,4.2728,17312.83,24,721.37,1.3706,75,22,1.0909,2010-03-17,2011-10-17,1.6,Increasing,0,"High-Value, Reliable, Recent",Medium Risk
16653,3,1,2,33.33,Likely to Exit,260.36,3.4258,1166.92,3,388.97,1.5568,38,4,0.75,2011-09-29,2011-11-23,,Insufficient History,1,"Mid-Value, Unreliable, Recent",Medium Risk
16654,9,1,8,11.11,Likely to Exit,353.13,4.1545,1705.17,9,189.46,1.6228,163,21,0.4286,2010-04-06,2011-07-21,0.0,Declining,1,"Mid-Value, Unreliable, Recent",High Risk
16655,12,10,2,83.33,Very Loyal,1710.67,2.7998,6513.27,14,465.23,1.1926,39,24,0.5833,2010-01-31,2011-11-22,0.526,Declining,0,"High-Value, Reliable, Recent",Low Risk
16656,22,0,22,0.0,Likely to Exit,338.31,2.1548,16307.72,44,370.63,0.7643,44,25,1.76,2009-12-04,2011-11-17,0.295,Declining,0,"High-Value, Reliable, Recent",High Risk
16657,3,3,0,100.0,Very Loyal,327.64,1.5752,933.62,4,233.4,1.6962,31,10,0.4,2011-03-30,2011-11-30,2.395,Increasing,1,"Mid-Value, Unreliable, Recent",Low Risk
16658,5,1,4,20.0,Likely to Exit,308.22,3.7588,696.72,9,77.41,1.9525,390,22,0.4091,2010-03-30,2010-12-06,,Insufficient History,1,"Mid-Value, Unreliable, Recent",High Risk
16659,1,0,1,0.0,Likely to Exit,1.24,0.62,39.12,1,39.12,2.4495,211,7,0.1429,2011-06-03,2011-06-03,,Insufficient History,1,"Mid-Value, Unreliable, Recent",High Risk
16660,6,0,6,0.0,Likely to Exit,69.92,2.7968,1422.35,8,177.79,2.4114,38,24,0.3333,2010-01-14,2011-11-23,,Insufficient History,1,"Mid-Value, Unreliable, Recent",High Risk
16661,4,1,3,25.0,Likely to Exit,257.97,3.2654,842.18,5,168.44,2.5844,562,25,0.2,2009-12-17,2010-06-17,,Insufficient History,2,"Mid-Value, Unreliable, Lapsed",High Risk
16662,1,1,0,100.0,Very Loyal,140.3,4.8379,163.8,1,163.8,3.6056,416,14,0.0714,2010-11-10,2010-11-10,,Insufficient History,2,"Mid-Value, Unreliable, Lapsed",Low Risk
16663,1,0,1,0.0,Likely to Exit,1.65,1.65,165.0,1,165.0,4.899,751,25,0.04,2009-12-10,2009-12-10,,Insufficient History,2,"Mid-Value, Unreliable, Lapsed",High Risk
16664,1,0,1,0.0,Likely to Exit,42.0,5.25,109.2,1,109.2,4.3589,591,20,0.05,2010-05-19,2010-05-19,,Insufficient History,2,"Mid-Value, Unreliable, Lapsed",High Risk
16665,1,0,1,0.0,Likely to Exit,48.5,5.3889,135.4,1,135.4,3.4641,384,13,0.0769,2010-12-12,2010-12-12,,Insufficient History,2,"Mid-Value, Unreliable, Lapsed",High Risk
16666,2,0,2,0.0,Likely to Exit,65.84,1.3168,225.94,2,112.97,3.1672,41,22,0.0909,2010-03-28,2011-11-20,,Insufficient History,1,"Mid-Value, Unreliable, Recent",High Risk
16667,2,1,1,50.0,At Risk,189.82,3.5815,570.13,2,285.06,2.2253,90,11,0.1818,2011-02-28,2011-10-02,,Insufficient History,1,"Mid-Value, Unreliable, Recent",Medium Risk
16668,12,0,12,0.0,Likely to Exit,110.78,2.0902,862.42,13,66.34,1.1369,37,22,0.5909,2010-03-18,2011-11-24,0.576,Declining,1,"Mid-Value, Unreliable, Recent",High Risk
16669,3,3,0,100.0,Very Loyal,1585.48,9.7869,226.14,5,45.23,3.1688,45,22,0.2273,2010-03-23,2011-11-16,0.89,Declining,1,"Mid-Value, Unreliable, Recent",Low Risk
16670,17,5,12,29.41,Likely to Exit,1596.49,3.1551,7786.66,33,235.96,0.9746,38,25,1.32,2009-12-10,2011-11-23,1.221,Increasing,0,"High-Value, Reliable, Recent",High Risk
16671,2,0,2,0.0,Likely to Exit,16.82,2.8033,1692.27,3,564.09,1.977,50,7,0.4286,2011-06-28,2011-11-11,,Insufficient History,1,"Mid-Value, Unreliable, Recent",High Risk
16672,9,0,9,0.0,Likely to Exit,431.08,3.6844,8093.59,23,351.9,0.5533,24,10,2.3,2011-03-18,2011-12-07,0.349,Declining,0,"High-Value, Reliable, Recent",High Risk
16673,1,0,1,0.0,Likely to Exit,56.29,2.8145,188.83,1,188.83,4.7958,701,24,0.0417,2010-01-29,2010-01-29,,Insufficient History,2,"Mid-Value, Unreliable, Lapsed",High Risk
16674,2,1,1,50.0,At Risk,197.42,2.0145,319.61,2,159.8,1.0539,76,4,0.5,2011-09-02,2011-10-16,,Insufficient History,1,"Mid-Value, Unreliable, Recent",Medium Risk
16675,2,0,2,0.0,Likely to Exit,63.97,2.7813,608.86,2,304.43,2.7387,463,17,0.1176,2010-08-18,2010-09-24,,Insufficient History,2,"Mid-Value, Unreliable, Lapsed",High Risk
16676,6,5,1,83.33,Very Loyal,712.03,5.2355,2328.5,7,332.64,1.2566,55,15,0.4667,2010-10-17,2011-11-06,,Insufficient History,0,"High-Value, Reliable, Recent",Low Risk
16677,3,0,3,0.0,Likely to Exit,184.52,3.7657,849.77,3,283.26,3.5157,415,23,0.1304,2010-02-25,2010-11-11,,Insufficient History,2,"Mid-Value, Unreliable, Lapsed",High Risk
16678,8,0,8,0.0,Likely to Exit,325.97,1.9175,3013.83,17,177.28,0.6212,24,10,1.7,2011-03-02,2011-12-07,1.01,Stable,0,"High-Value, Reliable, Recent",High Risk
16679,3,0,3,0.0,Likely to Exit,114.14,5.4352,793.06,3,264.35,2.3911,388,19,0.1579,2010-06-10,2010-12-08,,Insufficient History,1,"Mid-Value, Unreliable, Recent",High Risk
16680,2,0,2,0.0,Likely to Exit,87.2,3.0069,821.45,3,273.82,3.3768,65,19,0.1579,2010-06-23,2011-10-27,,Insufficient History,1,"Mid-Value, Unreliable, Recent",High Risk
16681,6,0,6,0.0,Likely to Exit,95.91,1.9573,1921.84,7,274.55,1.7475,94,22,0.3182,2010-03-08,2011-09-28,0.0,Declining,1,"Mid-Value, Unreliable, Recent",High Risk
16682,5,0,5,0.0,Likely to Exit,53.09,1.7697,1028.0,5,205.6,1.1303,26,7,0.7143,2011-06-05,2011-12-05,0.765,Declining,1,"Mid-Value, Unreliable, Recent",High Risk
16683,1,0,1,0.0,Likely to Exit,63.21,3.3268,309.35,2,154.68,4.2426,551,19,0.1053,2010-06-24,2010-06-28,,Insufficient History,2,"Mid-Value, Unreliable, Lapsed",High Risk
16684,20,6,14,30.0,Likely to Exit,1973.2,2.6344,141502.25,65,2176.96,1.0383,26,25,2.6,2009-12-07,2011-12-05,3.721,Increasing,0,"High-Value, Reliable, Recent",Medium Risk
16685,1,1,0,100.0,Very Loyal,139.8,2.2548,324.24,2,162.12,1.4142,83,3,0.6667,2011-10-09,2011-10-09,,Insufficient History,1,"Mid-Value, Unreliable, Recent",Low Risk
16686,14,11,3,78.57,Likely to Stay,2714.26,2.4475,5051.57,18,280.64,1.1047,69,25,0.72,2009-12-06,2011-10-23,0.466,Declining,0,"High-Value, Reliable, Recent",Low Risk
16687,1,0,1,0.0,Likely to Exit,16.02,2.0025,157.63,1,157.63,3.6056,412,14,0.0714,2010-11-14,2010-11-14,,Insufficient History,2,"Mid-Value, Unreliable, Lapsed",High Risk
16688,3,0,3,0.0,Likely to Exit,172.05,2.775,1260.86,4,315.21,0.7047,23,3,1.3333,2011-10-10,2011-12-08,,Insufficient History,1,"Mid-Value, Unreliable, Recent",High Risk
16689,1,0,1,0.0,Likely to Exit,53.88,3.3675,303.26,3,101.09,1.7321,97,4,0.75,2011-09-18,2011-09-25,,Insufficient History,1,"Mid-Value, Unreliable, Recent",High Risk
16690,5,0,5,0.0,Likely to Exit,78.64,3.932,336.08,5,67.22,1.8892,65,16,0.3125,2010-09-14,2011-10-27,-0.122,Declining,1,"Mid-Value, Unreliable, Recent",High Risk
16691,2,0,2,0.0,Likely to Exit,71.36,6.4873,178.83,2,89.41,3.5475,440,20,0.1,2010-05-27,2010-10-17,,Insufficient History,2,"Mid-Value, Unreliable, Lapsed",High Risk
16692,4,1,3,25.0,Likely to Exit,168.05,33.61,1914.7,4,478.67,2.7305,278,16,0.25,2010-09-24,2011-03-28,,Insufficient History,1,"Mid-Value, Unreliable, Recent",High Risk
16693,5,2,3,40.0,At Risk,526.47,3.0257,1199.46,5,239.89,1.9593,90,23,0.2174,2010-02-21,2011-10-02,,Insufficient History,1,"Mid-Value, Unreliable, Recent",Medium Risk
16694,1,0,1,0.0,Likely to Exit,50.0,16.6667,98.3,1,98.3,4.899,745,25,0.04,2009-12-16,2009-12-16,,Insufficient History,2,"Mid-Value, Unreliable, Lapsed",High Risk
16695,1,0,1,0.0,Likely to Exit,78.15,2.1708,193.15,2,96.57,4.3589,583,20,0.1,2010-05-27,2010-05-27,,Insufficient History,2,"Mid-Value, Unreliable, Lapsed",High Risk
16696,3,0,3,0.0,Likely to Exit,39.3,3.93,657.9,4,164.48,2.22,157,9,0.4444,2011-04-05,2011-07-27,0.0,Declining,1,"Mid-Value, Unreliable, Recent",High Risk
16697,1,0,1,0.0,Likely to Exit,97.45,4.6405,112.75,1,112.75,2.8284,263,9,0.1111,2011-04-12,2011-04-12,,Insufficient History,2,"Mid-Value, Unreliable, Lapsed",High Risk
16698,2,0,2,0.0,Likely to Exit,11.85,2.37,1998.0,2,999.0,2.0415,248,10,0.2,2011-03-31,2011-04-27,,Insufficient History,1,"Mid-Value, Unreliable, Recent",High Risk
16699,6,0,6,0.0,Likely to Exit,155.65,2.4706,964.9,8,120.61,1.9953,402,25,0.32,2009-12-04,2010-11-24,,Insufficient History,1,"Mid-Value, Unreliable, Recent",High Risk
16700,22,2,20,9.09,Likely to Exit,1178.15,2.2021,9084.06,31,293.03,0.55,30,25,1.24,2009-12-02,2011-12-01,0.611,Declining,0,"High-Value, Reliable, Recent",High Risk
16701,20,0,20,0.0,Likely to Exit,615.89,2.1311,9614.59,34,282.78,0.7381,30,25,1.36,2009-12-01,2011-12-01,1.038,Stable,0,"High-Value, Reliable, Recent",High Risk
16702,5,1,4,20.0,Likely to Exit,345.01,3.7501,1100.88,5,220.18,2.3264,437,25,0.2,2009-12-07,2010-10-20,,Insufficient History,1,"Mid-Value, Unreliable, Recent",High Risk
16703,1,0,1,0.0,Likely to Exit,15.0,15.0,-15.0,1,-15.0,0.0,753,25,0.04,2009-12-08,2009-12-08,,Insufficient History,3,"Low-Value, Reliable, Lapsed",High Risk
16704,2,1,1,50.0,At Risk,159.63,2.7522,695.66,2,347.83,3.9184,640,23,0.087,2010-02-05,2010-03-31,,Insufficient History,2,"Mid-Value, Unreliable, Lapsed",Medium Risk
16705,21,14,7,66.67,Likely to Stay,2830.25,3.92,42653.14,61,699.23,1.1159,22,25,2.44,2009-12-09,2011-12-09,1.092,Stable,0,"High-Value, Reliable, Recent",Low Risk
16706,3,1,2,33.33,Likely to Exit,345.04,2.8052,531.35,3,177.12,1.0072,59,5,0.6,2011-08-17,2011-11-02,,Insufficient History,1,"Mid-Value, Unreliable, Recent",Medium Risk
16707,4,0,4,0.0,Likely to Exit,164.53,2.4929,551.11,4,137.78,2.3328,422,22,0.1818,2010-03-09,2010-11-04,,Insufficient History,2,"Mid-Value, Unreliable, Lapsed",High Risk
16708,1,0,1,0.0,Likely to Exit,90.84,3.3644,656.63,1,656.63,1.4142,67,3,0.3333,2011-10-25,2011-10-25,,Insufficient History,1,"Mid-Value, Unreliable, Recent",High Risk
16709,11,7,4,63.64,Likely to Stay,1394.28,4.5565,9087.46,14,649.1,1.3444,106,25,0.56,2009-12-09,2011-09-16,0.0,Declining,0,"High-Value, Reliable, Recent",Low Risk
16710,14,10,4,71.43,Likely to Stay,2409.25,2.441,6336.34,23,275.49,1.2204,41,25,0.92,2009-12-04,2011-11-20,0.854,Declining,0,"High-Value, Reliable, Recent",Low Risk
16711,9,0,9,0.0,Likely to Exit,135.78,3.8794,2751.48,10,275.15,1.6041,25,25,0.4,2009-12-02,2011-12-06,2.383,Increasing,0,"High-Value, Reliable, Recent",High Risk
16712,7,6,1,85.71,Very Loyal,1597.04,3.0133,4266.99,13,328.23,1.1486,31,14,0.9286,2010-11-03,2011-11-30,1.27,Increasing,0,"High-Value, Reliable, Recent",Low Risk
16713,19,15,4,78.95,Likely to Stay,4608.99,3.409,14380.54,41,350.74,0.9003,40,25,1.64,2009-12-15,2011-11-21,1.616,Increasing,0,"High-Value, Reliable, Recent",Low Risk
16714,4,1,3,25.0,Likely to Exit,533.97,4.4497,1254.71,7,179.24,3.807,240,25,0.28,2009-12-01,2011-05-05,,Insufficient History,1,"Mid-Value, Unreliable, Recent",High Risk
16715,2,0,2,0.0,Likely to Exit,19.8,0.7071,625.52,2,312.76,3.0021,100,20,0.1,2010-05-26,2011-09-22,0.0,Declining,1,"Mid-Value, Unreliable, Recent",High Risk
16716,3,0,3,0.0,Likely to Exit,31.45,3.4944,1568.28,4,392.07,3.0201,288,22,0.1818,2010-03-19,2011-03-18,,Insufficient History,1,"Mid-Value, Unreliable, Recent",High Risk
16717,11,5,6,45.45,At Risk,1463.49,3.587,6309.96,20,315.5,1.8944,31,25,0.8,2009-12-07,2011-11-30,-21.298,Declining,0,"High-Value, Reliable, Recent",Medium Risk
16718,5,2,3,40.0,At Risk,542.16,2.4312,3647.53,5,729.51,2.1632,391,25,0.2,2009-12-06,2010-12-05,,Insufficient History,0,"High-Value, Reliable, Recent",Medium Risk
16719,15,8,7,53.33,At Risk,1691.35,3.7586,3828.55,17,225.21,1.1893,36,25,0.68,2009-12-13,2011-11-25,0.563,Declining,0,"High-Value, Reliable, Recent",Medium Risk
16720,3,2,1,66.67,Likely to Stay,448.79,2.7875,593.43,4,148.36,3.1232,48,25,0.16,2009-12-17,2011-11-13,,Insufficient History,1,"Mid-Value, Unreliable, Recent",Low Risk
16721,1,0,1,0.0,Likely to Exit,87.44,2.3632,292.47,1,292.47,3.0,284,10,0.1,2011-03-22,2011-03-22,,Insufficient History,2,"Mid-Value, Unreliable, Lapsed",High Risk
16722,19,1,18,5.26,Likely to Exit,569.39,1.3461,8967.83,26,344.92,0.9224,39,25,1.04,2009-12-03,2011-11-22,0.775,Declining,0,"High-Value, Reliable, Recent",High Risk
16723,4,3,1,75.0,Likely to Stay,539.14,4.1472,1301.63,4,325.41,2.4744,113,25,0.16,2009-12-04,2011-09-09,0.0,Declining,1,"Mid-Value, Unreliable, Recent",Low Risk
16724,1,0,1,0.0,Likely to Exit,40.65,2.3912,147.35,1,147.35,3.7417,426,15,0.0667,2010-10-31,2010-10-31,,Insufficient History,2,"Mid-Value, Unreliable, Lapsed",High Risk
16725,7,6,1,85.71,Very Loyal,1362.28,3.4576,1870.71,16,116.92,1.768,324,25,0.64,2009-12-13,2011-02-10,,Insufficient History,0,"High-Value, Reliable, Recent",Low Risk
16726,6,4,2,66.67,Likely to Stay,638.94,2.3664,2088.41,7,298.34,1.4164,48,15,0.4667,2010-10-24,2011-11-13,,Insufficient History,0,"High-Value, Reliable, Recent",Low Risk
16727,4,1,3,25.0,Likely to Exit,346.14,1.6251,1437.42,4,359.36,2.3671,386,24,0.1667,2010-01-20,2010-12-10,,Insufficient History,1,"Mid-Value, Unreliable, Recent",High Risk
16728,4,3,1,75.0,Likely to Stay,619.95,2.3046,1054.67,4,263.67,1.5114,68,10,0.4,2011-03-20,2011-10-24,,Insufficient History,1,"Mid-Value, Unreliable, Recent",Low Risk
16729,8,8,0,100.0,Very Loyal,1559.1,2.334,7076.28,26,272.16,0.5812,58,9,2.8889,2011-04-12,2011-11-03,0.412,Declining,0,"High-Value, Reliable, Recent",Low Risk
16730,4,0,4,0.0,Likely to Exit,115.73,1.3777,702.79,4,175.7,1.7695,74,12,0.3333,2011-01-24,2011-10-18,,Insufficient History,1,"Mid-Value, Unreliable, Recent",High Risk
16731,1,0,1,0.0,Likely to Exit,77.33,1.7984,174.05,1,174.05,4.5826,670,22,0.0455,2010-03-01,2010-03-01,,Insufficient History,2,"Mid-Value, Unreliable, Lapsed",High Risk
16732,5,3,2,60.0,Likely to Stay,1317.76,5.7294,3966.79,9,440.75,2.7975,53,25,0.36,2009-12-08,2011-11-08,,Insufficient History,0,"High-Value, Reliable, Recent",Low Risk
16733,1,0,1,0.0,Likely to Exit,34.54,2.8783,259.68,1,259.68,4.2426,551,19,0.0526,2010-06-28,2010-06-28,,Insufficient History,2,"Mid-Value, Unreliable, Lapsed",High Risk
16734,2,1,1,50.0,At Risk,187.39,3.5357,650.51,3,216.84,1.2283,74,5,0.6,2011-08-17,2011-10-18,,Insufficient History,1,"Mid-Value, Unreliable, Recent",Medium Risk
16735,11,3,8,27.27,Likely to Exit,774.07,2.36,5632.01,22,256.0,1.3564,100,25,0.88,2009-12-08,2011-09-22,0.0,Declining,0,"High-Value, Reliable, Recent",High Risk
16736,4,3,1,75.0,Likely to Stay,640.18,4.355,2904.51,8,363.06,3.0912,527,25,0.32,2009-12-03,2010-07-22,,Insufficient History,2,"Mid-Value, Unreliable, Lapsed",Low Risk
16737,2,0,2,0.0,Likely to Exit,2.9,1.45,835.2,2,417.6,3.0,75,20,0.1,2010-05-11,2011-10-17,,Insufficient History,1,"Mid-Value, Unreliable, Recent",High Risk
16738,1,0,1,0.0,Likely to Exit,1.25,1.25,3.75,1,3.75,3.1623,319,11,0.0909,2011-02-15,2011-02-15,,Insufficient History,3,"Low-Value, Reliable, Lapsed",High Risk
16739,3,0,3,0.0,Likely to Exit,133.29,3.1736,772.23,4,193.06,2.967,194,19,0.2105,2010-06-21,2011-06-20,,Insufficient History,1,"Mid-Value, Unreliable, Recent",High Risk
16740,1,0,1,0.0,Likely to Exit,89.36,2.7079,236.81,1,236.81,3.6056,417,14,0.0714,2010-11-09,2010-11-09,,Insufficient History,2,"Mid-Value, Unreliable, Lapsed",High Risk
16741,1,0,1,0.0,Likely to Exit,35.68,3.2436,173.06,1,173.06,4.5826,647,22,0.0455,2010-03-24,2010-03-24,,Insufficient History,2,"Mid-Value, Unreliable, Lapsed",High Risk
16742,9,1,8,11.11,Likely to Exit,689.4,6.1554,2387.71,15,159.18,1.5547,68,25,0.6,2009-12-16,2011-10-24,,Insufficient History,0,"High-Value, Reliable, Recent",High Risk
16743,12,0,12,0.0,Likely to Exit,552.75,1.4662,4207.01,15,280.47,1.0104,51,21,0.7143,2010-04-22,2011-11-10,0.453,Declining,0,"High-Value, Reliable, Recent",High Risk
16744,5,3,2,60.0,Likely to Stay,604.66,2.4986,1304.76,7,186.39,0.8391,33,7,1.0,2011-06-19,2011-11-28,1.304,Increasing,0,"High-Value, Reliable, Recent",Low Risk
16745,8,3,5,37.5,Likely to Exit,689.25,1.9253,7170.7,18,398.37,0.7538,108,11,1.6364,2011-02-01,2011-09-14,0.0,Declining,0,"High-Value, Reliable, Recent",Medium Risk
16746,22,9,13,40.91,At Risk,2584.2,2.592,18031.85,46,392.0,0.5847,26,25,1.84,2009-12-04,2011-12-05,0.566,Declining,0,"High-Value, Reliable, Recent",Medium Risk
16747,2,0,2,0.0,Likely to Exit,122.93,2.7318,826.96,4,206.74,0.7302,47,3,1.3333,2011-10-03,2011-11-14,,Insufficient History,1,"Mid-Value, Unreliable, Recent",High Risk
16748,12,0,12,0.0,Likely to Exit,293.45,1.7678,3632.29,15,242.15,1.3119,39,25,0.6,2009-12-10,2011-11-22,,Insufficient History,0,"High-Value, Reliable, Recent",High Risk
16749,2,1,1,50.0,At Risk,219.89,2.8557,4387.08,2,2193.54,3.3998,613,25,0.08,2009-12-15,2010-04-27,,Insufficient History,2,"Mid-Value, Unreliable, Lapsed",Medium Risk
16750,5,1,4,20.0,Likely to Exit,362.34,3.8141,623.93,5,124.79,0.9849,66,9,0.5556,2011-04-21,2011-10-26,0.294,Declining,1,"Mid-Value, Unreliable, Recent",High Risk
16751,1,0,1,0.0,Likely to Exit,35.0,1.4,1764.72,1,1764.72,1.0,52,2,0.5,2011-11-09,2011-11-09,,Insufficient History,1,"Mid-Value, Unreliable, Recent",High Risk
16752,1,1,0,100.0,Very Loyal,244.7,13.5944,415.0,1,415.0,3.4641,394,13,0.0769,2010-12-02,2010-12-02,,Insufficient History,2,"Mid-Value, Unreliable, Lapsed",Low Risk
16753,1,0,1,0.0,Likely to Exit,72.16,2.1224,223.92,1,223.92,1.4142,80,3,0.3333,2011-10-12,2011-10-12,,Insufficient History,1,"Mid-Value, Unreliable, Recent",High Risk
16754,9,1,8,11.11,Likely to Exit,269.87,1.616,56560.58,35,1616.02,1.5454,394,22,1.5909,2010-03-08,2010-12-02,,Insufficient History,0,"High-Value, Reliable, Recent",High Risk
16755,7,3,4,42.86,At Risk,852.48,2.5371,2882.03,10,288.2,1.772,136,25,0.4,2009-12-09,2011-08-17,0.0,Declining,0,"High-Value, Reliable, Recent",Medium Risk
16756,7,0,7,0.0,Likely to Exit,272.93,3.3284,1287.42,9,143.05,1.6947,236,22,0.4091,2010-03-09,2011-05-09,,Insufficient History,1,"Mid-Value, Unreliable, Recent",High Risk
16757,2,0,2,0.0,Likely to Exit,26.45,1.7633,270.48,2,135.24,2.6136,340,15,0.1333,2010-10-26,2011-01-25,,Insufficient History,2,"Mid-Value, Unreliable, Lapsed",High Risk
16758,1,0,1,0.0,Likely to Exit,88.91,4.0414,369.34,1,369.34,1.4142,87,3,0.3333,2011-10-05,2011-10-05,,Insufficient History,1,"Mid-Value, Unreliable, Recent",High Risk
16759,2,1,1,50.0,At Risk,140.45,3.2663,772.84,4,193.21,0.0607,29,2,2.0,2011-11-09,2011-12-02,,Insufficient History,1,"Mid-Value, Unreliable, Recent",Medium Risk
16760,1,0,1,0.0,Likely to Exit,27.45,1.6147,228.0,1,228.0,3.7417,452,15,0.0667,2010-10-05,2010-10-05,,Insufficient History,2,"Mid-Value, Unreliable, Lapsed",High Risk
16761,1,0,1,0.0,Likely to Exit,15.56,1.1969,316.62,1,316.62,1.7321,118,4,0.25,2011-09-04,2011-09-04,,Insufficient History,1,"Mid-Value, Unreliable, Recent",High Risk
16762,3,1,2,33.33,Likely to Exit,290.46,3.2636,1501.38,3,500.46,1.0681,41,6,0.5,2011-07-18,2011-11-20,3.779,Increasing,1,"Mid-Value, Unreliable, Recent",Medium Risk
16763,3,1,2,33.33,Likely to Exit,189.25,4.2056,947.75,3,315.92,3.5215,207,25,0.12,2009-12-01,2011-06-07,,Insufficient History,1,"Mid-Value, Unreliable, Recent",Medium Risk
16764,6,5,1,83.33,Very Loyal,1708.62,2.3797,2758.25,18,153.24,0.6121,25,6,3.0,2011-07-19,2011-12-06,1.54,Increasing,0,"High-Value, Reliable, Recent",Low Risk
16765,2,1,1,50.0,At Risk,141.2,2.7154,454.75,2,227.38,3.3261,316,14,0.1429,2010-11-22,2011-02-18,,Insufficient History,2,"Mid-Value, Unreliable, Lapsed",Medium Risk
16766,1,0,1,0.0,Likely to Exit,96.4,2.8353,1145.6,2,572.8,3.0,295,10,0.2,2011-03-11,2011-03-11,,Insufficient History,1,"Mid-Value, Unreliable, Recent",High Risk
16767,12,0,12,0.0,Likely to Exit,483.26,1.487,7971.8,16,498.24,1.1544,52,21,0.7619,2010-04-28,2011-11-09,0.425,Declining,0,"High-Value, Reliable, Recent",High Risk
16768,9,2,7,22.22,Likely to Exit,655.31,3.7446,1647.07,14,117.65,1.5128,69,25,0.56,2009-12-07,2011-10-23,2.003,Increasing,0,"High-Value, Reliable, Recent",High Risk
16769,3,3,0,100.0,Very Loyal,509.19,5.0919,1141.75,4,285.44,2.7094,282,25,0.16,2009-12-14,2011-03-24,,Insufficient History,1,"Mid-Value, Unreliable, Recent",Low Risk
16770,8,3,5,37.5,Likely to Exit,907.6,2.5423,1900.03,11,172.73,1.2236,79,17,0.6471,2010-08-22,2011-10-13,,Insufficient History,0,"High-Value, Reliable, Recent",Medium Risk
16771,10,5,5,50.0,At Risk,1222.87,2.9681,3967.6,10,396.76,1.5567,55,25,0.4,2009-12-09,2011-11-06,0.323,Declining,0,"High-Value, Reliable, Recent",Medium Risk
16772,3,2,1,66.67,Likely to Stay,496.6,6.1309,2785.6,5,557.12,2.8282,439,25,0.2,2009-12-18,2010-10-18,,Insufficient History,2,"Mid-Value, Unreliable, Lapsed",Low Risk
16773,3,0,3,0.0,Likely to Exit,235.59,3.6245,421.24,3,140.41,2.7542,79,25,0.12,2009-12-06,2011-10-13,,Insufficient History,1,"Mid-Value, Unreliable, Recent",High Risk
16774,8,1,7,12.5,Likely to Exit,428.98,3.1543,1587.85,9,176.43,1.5006,89,23,0.3913,2010-02-16,2011-10-03,0.304,Declining,1,"Mid-Value, Unreliable, Recent",High Risk
16775,13,5,8,38.46,Likely to Exit,1219.27,4.3701,2975.29,17,175.02,0.851,32,16,1.0625,2010-09-23,2011-11-29,0.612,Declining,0,"High-Value, Reliable, Recent",Medium Risk
16776,2,1,1,50.0,At Risk,238.44,1.7404,619.85,2,309.93,2.6419,82,15,0.1333,2010-10-20,2011-10-10,,Insufficient History,1,"Mid-Value, Unreliable, Recent",Medium Risk
16777,6,3,3,50.0,At Risk,579.55,3.9159,1277.01,6,212.83,2.9131,102,22,0.2727,2010-03-17,2011-09-20,0.0,Declining,1,"Mid-Value, Unreliable, Recent",Medium Risk
16778,2,0,2,0.0,Likely to Exit,37.84,2.365,245.94,2,122.97,2.0721,96,10,0.2,2011-03-10,2011-09-26,0.0,Declining,1,"Mid-Value, Unreliable, Recent",High Risk
16779,24,8,16,33.33,Likely to Exit,2354.65,2.1622,32981.61,62,531.96,1.0646,24,25,2.48,2009-12-03,2011-12-07,1.472,Increasing,0,"High-Value, Reliable, Recent",Medium Risk
16780,3,2,1,66.67,Likely to Stay,284.01,2.8688,605.55,3,201.85,2.0588,122,15,0.2,2010-10-28,2011-08-31,0.0,Declining,1,"Mid-Value, Unreliable, Recent",Low Risk
16781,2,2,0,100.0,Very Loyal,344.7,5.745,901.05,3,300.35,3.4311,387,23,0.1304,2010-02-08,2010-12-09,,Insufficient History,2,"Mid-Value, Unreliable, Lapsed",Low Risk
16782,20,13,7,65.0,Likely to Stay,5714.92,3.0079,10348.96,50,206.98,1.4611,32,25,2.0,2009-12-09,2011-11-29,1.044,Stable,0,"High-Value, Reliable, Recent",Low Risk
16783,1,0,1,0.0,Likely to Exit,83.45,3.338,391.95,1,391.95,3.873,458,16,0.0625,2010-09-29,2010-09-29,,Insufficient History,2,"Mid-Value, Unreliable, Lapsed",High Risk
16784,5,2,3,40.0,At Risk,335.01,2.0938,896.53,5,179.31,1.9746,41,22,0.2273,2010-03-28,2011-11-20,,Insufficient History,1,"Mid-Value, Unreliable, Recent",Medium Risk
16785,1,1,0,100.0,Very Loyal,114.83,3.2809,533.78,1,533.78,3.7417,431,15,0.0667,2010-10-26,2010-10-26,,Insufficient History,2,"Mid-Value, Unreliable, Lapsed",Low Risk
16786,1,0,1,0.0,Likely to Exit,0.72,0.72,51.84,1,51.84,3.6056,415,14,0.0714,2010-11-11,2010-11-11,,Insufficient History,2,"Mid-Value, Unreliable, Lapsed",High Risk
16787,4,2,2,50.0,At Risk,397.07,3.4831,1035.43,4,258.86,2.5243,419,24,0.1667,2010-01-10,2010-11-07,,Insufficient History,2,"Mid-Value, Unreliable, Lapsed",Medium Risk
16788,5,5,0,100.0,Very Loyal,1153.88,2.3311,1950.3,5,390.06,1.9609,145,23,0.2174,2010-02-07,2011-08-08,0.0,Declining,0,"High-Value, Reliable, Recent",Low Risk
16789,1,0,1,0.0,Likely to Exit,14.45,2.89,80.8,1,80.8,0.0,30,1,1.0,2011-12-01,2011-12-01,,Insufficient History,1,"Mid-Value, Unreliable, Recent",High Risk
16790,2,1,1,50.0,At Risk,228.29,2.4031,1520.12,8,190.01,0.7677,25,2,4.0,2011-11-02,2011-12-06,,Insufficient History,0,"High-Value, Reliable, Recent",Medium Risk
16791,13,9,4,69.23,Likely to Stay,2077.86,2.9473,3946.12,18,219.23,1.0919,51,25,0.72,2009-12-03,2011-11-10,4.043,Increasing,0,"High-Value, Reliable, Recent",Low Risk
16792,4,1,3,25.0,Likely to Exit,270.0,2.6471,623.46,5,124.69,2.3073,304,24,0.2083,2010-01-04,2011-03-02,,Insufficient History,1,"Mid-Value, Unreliable, Recent",High Risk
16793,1,0,1,0.0,Likely to Exit,38.83,2.4269,243.84,1,243.84,1.4142,79,3,0.3333,2011-10-13,2011-10-13,,Insufficient History,1,"Mid-Value, Unreliable, Recent",High Risk
16794,11,3,8,27.27,Likely to Exit,953.38,1.8334,2069.71,17,121.75,1.1448,23,22,0.7727,2010-03-25,2011-12-08,1.114,Increasing,0,"High-Value, Reliable, Recent",High Risk
16795,3,3,0,100.0,Very Loyal,894.42,2.1398,2465.19,5,493.04,2.7114,387,24,0.2083,2010-01-25,2010-12-09,,Insufficient History,0,"High-Value, Reliable, Recent",Low Risk
16796,1,0,1,0.0,Likely to Exit,31.42,1.7456,305.62,1,305.62,1.7321,111,4,0.25,2011-09-11,2011-09-11,,Insufficient History,1,"Mid-Value, Unreliable, Recent",High Risk
16797,5,4,1,80.0,Very Loyal,1166.52,2.8177,1786.77,9,198.53,2.1133,415,25,0.36,2009-12-02,2010-11-11,,Insufficient History,0,"High-Value, Reliable, Recent",Low Risk
16798,3,3,0,100.0,Very Loyal,730.01,4.1715,837.56,4,209.39,2.7989,576,25,0.16,2009-12-10,2010-06-03,,Insufficient History,2,"Mid-Value, Unreliable, Lapsed",Low Risk
16799,2,2,0,100.0,Very Loyal,362.9,3.3916,491.03,3,163.68,2.6458,454,16,0.1875,2010-09-12,2010-10-03,,Insufficient History,2,"Mid-Value, Unreliable, Lapsed",Low Risk
16800,1,1,0,100.0,Very Loyal,605.71,3.6934,1201.49,1,1201.49,1.0,33,2,0.5,2011-11-28,2011-11-28,,Insufficient History,1,"Mid-Value, Unreliable, Recent",Low Risk
16801,3,2,1,66.67,Likely to Stay,733.67,6.0634,867.83,5,173.57,1.8014,185,10,0.5,2011-03-11,2011-06-29,,Insufficient History,1,"Mid-Value, Unreliable, Recent",Low Risk
16802,2,0,2,0.0,Likely to Exit,95.49,1.8017,582.61,2,291.3,3.4136,701,25,0.08,2009-12-09,2010-01-29,,Insufficient History,2,"Mid-Value, Unreliable, Lapsed",High Risk
16803,1,0,1,0.0,Likely to Exit,50.48,2.1033,332.3,1,332.3,1.4142,87,3,0.3333,2011-10-05,2011-10-05,,Insufficient History,1,"Mid-Value, Unreliable, Recent",High Risk
16804,2,1,1,50.0,At Risk,192.85,3.2142,536.99,3,179.0,2.36,45,10,0.3,2011-03-14,2011-11-16,,Insufficient History,1,"Mid-Value, Unreliable, Recent",Medium Risk
16805,4,2,2,50.0,At Risk,532.95,2.1233,1097.24,5,219.45,2.3359,195,25,0.2,2009-12-08,2011-06-19,,Insufficient History,1,"Mid-Value, Unreliable, Recent",Medium Risk
16806,4,1,3,25.0,Likely to Exit,294.48,2.859,801.49,4,200.37,1.1869,125,9,0.4444,2011-04-14,2011-08-28,0.0,Declining,1,"Mid-Value, Unreliable, Recent",High Risk
16807,7,0,7,0.0,Likely to Exit,368.37,2.5581,2064.88,8,258.11,1.7218,164,23,0.3478,2010-02-26,2011-07-20,0.0,Declining,1,"Mid-Value, Unreliable, Recent",High Risk
16808,2,0,2,0.0,Likely to Exit,53.64,2.3322,288.42,2,144.21,2.0296,121,10,0.2,2011-03-10,2011-09-01,0.0,Declining,1,"Mid-Value, Unreliable, Recent",High Risk
16809,9,1,8,11.11,Likely to Exit,461.43,1.7747,1725.48,10,172.55,1.2601,45,21,0.4762,2010-04-13,2011-11-16,3.479,Increasing,0,"High-Value, Reliable, Recent",High Risk
16810,3,1,2,33.33,Likely to Exit,173.08,4.5547,786.14,4,196.54,2.6506,214,15,0.2667,2010-10-15,2011-05-31,,Insufficient History,1,"Mid-Value, Unreliable, Recent",Medium Risk
16811,2,0,2,0.0,Likely to Exit,66.32,2.3686,547.07,2,273.53,0.1507,26,2,1.0,2011-11-22,2011-12-05,,Insufficient History,1,"Mid-Value, Unreliable, Recent",High Risk
16812,2,1,1,50.0,At Risk,376.47,3.2454,2216.8,5,443.36,2.9178,382,14,0.3571,2010-11-22,2010-12-14,,Insufficient History,2,"Mid-Value, Unreliable, Lapsed",Medium Risk
16813,7,4,3,57.14,At Risk,785.95,1.7504,1692.98,10,169.3,0.5423,30,8,1.25,2011-05-19,2011-12-01,0.47,Declining,0,"High-Value, Reliable, Recent",Medium Risk
16814,19,7,12,36.84,Likely to Exit,2820.81,3.5041,12491.21,37,337.6,0.6589,36,21,1.7619,2010-04-11,2011-11-25,0.556,Declining,0,"High-Value, Reliable, Recent",Medium Risk
16815,2,1,1,50.0,At Risk,189.1,2.5554,410.97,2,205.49,2.9448,475,19,0.1053,2010-06-21,2010-09-12,,Insufficient History,2,"Mid-Value, Unreliable, Lapsed",Medium Risk
16816,4,0,4,0.0,Likely to Exit,63.08,2.2529,417.06,4,104.27,2.0981,125,13,0.3077,2010-12-16,2011-08-28,0.0,Declining,1,"Mid-Value, Unreliable, Recent",High Risk
16817,9,2,7,22.22,Likely to Exit,539.72,3.2513,2594.55,18,144.14,1.0402,24,15,1.2,2010-10-04,2011-12-07,,Insufficient History,0,"High-Value, Reliable, Recent",High Risk
16818,6,1,5,16.67,Likely to Exit,506.46,2.6516,3317.97,13,255.23,0.8575,32,8,1.625,2011-05-18,2011-11-29,0.063,Declining,0,"High-Value, Reliable, Recent",High Risk
16819,1,0,1,0.0,Likely to Exit,47.34,2.7847,182.59,2,91.3,4.0,487,17,0.1176,2010-08-31,2010-08-31,,Insufficient History,2,"Mid-Value, Unreliable, Lapsed",High Risk
16820,1,0,1,0.0,Likely to Exit,97.21,3.7388,497.61,1,497.61,1.7321,117,4,0.25,2011-09-05,2011-09-05,,Insufficient History,1,"Mid-Value, Unreliable, Recent",High Risk
16821,1,0,1,0.0,Likely to Exit,71.65,10.2357,113.35,1,113.35,3.6056,403,14,0.0714,2010-11-23,2010-11-23,,Insufficient History,2,"Mid-Value, Unreliable, Lapsed",High Risk
16822,3,0,3,0.0,Likely to Exit,46.68,3.5908,144.84,3,48.28,4.899,685,25,0.12,2009-12-08,2010-02-14,,Insufficient History,2,"Mid-Value, Unreliable, Lapsed",High Risk
16823,6,2,4,33.33,Likely to Exit,506.1,2.8756,2253.14,8,281.64,1.8893,249,25,0.32,2009-12-02,2011-04-26,,Insufficient History,0,"High-Value, Reliable, Recent",Medium Risk
16824,3,0,3,0.0,Likely to Exit,120.06,3.0785,686.24,3,228.75,1.9158,37,14,0.2143,2010-11-11,2011-11-24,,Insufficient History,1,"Mid-Value, Unreliable, Recent",High Risk
16825,5,0,5,0.0,Likely to Exit,198.17,3.0964,1826.89,5,365.38,1.6927,60,19,0.2632,2010-06-23,2011-11-01,,Insufficient History,1,"Mid-Value, Unreliable, Recent",High Risk
16826,1,0,1,0.0,Likely to Exit,87.67,3.985,341.7,1,341.7,1.4142,73,3,0.3333,2011-10-19,2011-10-19,,Insufficient History,1,"Mid-Value, Unreliable, Recent",High Risk
16827,4,0,4,0.0,Likely to Exit,75.48,6.29,392.13,5,78.43,2.3276,415,21,0.2381,2010-04-29,2010-11-11,,Insufficient History,1,"Mid-Value, Unreliable, Recent",High Risk
16828,2,0,2,0.0,Likely to Exit,30.0,3.75,128.5,2,64.25,1.7231,115,5,0.4,2011-08-19,2011-09-07,,Insufficient History,1,"Mid-Value, Unreliable, Recent",High Risk
16829,2,0,2,0.0,Likely to Exit,106.31,3.9374,513.32,2,256.66,2.525,178,14,0.1429,2010-11-16,2011-07-06,0.0,Declining,1,"Mid-Value, Unreliable, Recent",High Risk
16830,4,0,4,0.0,Likely to Exit,228.18,2.9254,1183.7,5,236.74,2.3841,60,25,0.2,2009-12-13,2011-11-01,,Insufficient History,1,"Mid-Value, Unreliable, Recent",High Risk
16831,1,0,1,0.0,Likely to Exit,16.7,2.7833,91.8,1,91.8,4.3589,586,20,0.05,2010-05-24,2010-05-24,,Insufficient History,2,"Mid-Value, Unreliable, Lapsed",High Risk
16832,4,0,4,0.0,Likely to Exit,115.49,5.4995,417.61,5,83.52,1.8059,206,16,0.3125,2010-09-07,2011-06-08,,Insufficient History,1,"Mid-Value, Unreliable, Recent",High Risk
16833,5,1,4,20.0,Likely to Exit,624.18,6.7846,2409.04,6,401.51,2.159,23,22,0.2727,2010-03-26,2011-12-08,,Insufficient History,1,"Mid-Value, Unreliable, Recent",High Risk
16834,2,0,2,0.0,Likely to Exit,70.37,1.466,898.96,2,449.48,3.2517,249,23,0.087,2010-02-03,2011-04-26,,Insufficient History,1,"Mid-Value, Unreliable, Recent",High Risk
16835,7,0,7,0.0,Likely to Exit,377.68,4.1052,1471.51,10,147.15,1.7627,150,20,0.5,2010-05-19,2011-08-03,0.0,Declining,1,"Mid-Value, Unreliable, Recent",High Risk
16836,4,0,4,0.0,Likely to Exit,103.17,2.4564,782.37,4,195.59,2.2004,61,20,0.2,2010-05-14,2011-10-31,1.758,Increasing,1,"Mid-Value, Unreliable, Recent",High Risk
16837,5,3,2,60.0,Likely to Stay,696.76,4.1973,3167.73,12,263.98,1.3204,53,9,1.3333,2011-04-08,2011-11-08,12.982,Increasing,0,"High-Value, Reliable, Recent",Low Risk
16838,5,1,4,20.0,Likely to Exit,425.88,6.9816,1126.66,6,187.78,2.277,219,23,0.2609,2010-02-14,2011-05-26,,Insufficient History,1,"Mid-Value, Unreliable, Recent",High Risk
16839,20,2,18,10.0,Likely to Exit,1227.42,3.1472,20968.27,51,411.14,0.724,30,23,2.2174,2010-02-11,2011-12-01,0.574,Declining,0,"High-Value, Reliable, Recent",High Risk
16840,3,0,3,0.0,Likely to Exit,35.69,3.569,126.71,3,42.24,3.8094,625,24,0.125,2010-01-26,2010-04-15,,Insufficient History,2,"Mid-Value, Unreliable, Lapsed",High Risk
16841,12,0,12,0.0,Likely to Exit,388.02,1.7557,3841.16,14,274.37,1.1529,58,24,0.5833,2010-01-12,2011-11-03,1.387,Increasing,0,"High-Value, Reliable, Recent",High Risk
16842,4,0,4,0.0,Likely to Exit,202.9,3.1703,1260.44,4,315.11,1.6665,86,11,0.3636,2011-02-10,2011-10-06,-0.005,Declining,1,"Mid-Value, Unreliable, Recent",High Risk
16843,19,4,15,21.05,Likely to Exit,1222.06,2.0402,19528.78,38,513.92,0.8538,64,25,1.52,2009-12-10,2011-10-28,0.452,Declining,0,"High-Value, Reliable, Recent",High Risk
16844,1,1,0,100.0,Very Loyal,103.45,3.2328,614.34,2,307.17,4.3589,584,20,0.1,2010-05-06,2010-05-26,,Insufficient History,2,"Mid-Value, Unreliable, Lapsed",Low Risk
16845,1,0,1,0.0,Likely to Exit,68.86,3.443,253.88,1,253.88,4.5826,640,22,0.0455,2010-03-31,2010-03-31,,Insufficient History,2,"Mid-Value, Unreliable, Lapsed",High Risk
16846,3,0,3,0.0,Likely to Exit,127.59,2.7147,842.41,3,280.8,2.5782,72,22,0.1364,2010-03-10,2011-10-20,,Insufficient History,1,"Mid-Value, Unreliable, Recent",High Risk
16847,2,1,1,50.0,At Risk,180.54,4.8795,614.89,2,307.45,3.393,65,22,0.0909,2010-03-31,2011-10-27,,Insufficient History,1,"Mid-Value, Unreliable, Recent",Medium Risk
16848,3,1,2,33.33,Likely to Exit,211.64,2.4899,1411.62,4,352.9,2.2202,74,15,0.2667,2010-10-03,2011-10-18,,Insufficient History,1,"Mid-Value, Unreliable, Recent",Medium Risk
16849,1,0,1,0.0,Likely to Exit,40.84,5.105,124.57,1,124.57,2.4495,208,7,0.1429,2011-06-06,2011-06-06,,Insufficient History,1,"Mid-Value, Unreliable, Recent",High Risk
16850,1,0,1,0.0,Likely to Exit,40.3,2.1211,332.41,1,332.41,3.3166,355,12,0.0833,2011-01-10,2011-01-10,,Insufficient History,2,"Mid-Value, Unreliable, Lapsed",High Risk
16851,2,0,2,0.0,Likely to Exit,39.27,1.9635,342.45,3,114.15,0.8592,26,3,1.0,2011-10-19,2011-12-05,,Insufficient History,1,"Mid-Value, Unreliable, Recent",High Risk
16852,2,0,2,0.0,Likely to Exit,74.84,8.3156,144.91,2,72.45,1.8972,32,7,0.2857,2011-06-16,2011-11-29,,Insufficient History,1,"Mid-Value, Unreliable, Recent",High Risk
16853,1,0,1,0.0,Likely to Exit,13.5,6.75,-67.5,1,-67.5,0.0,753,25,0.04,2009-12-08,2009-12-08,,Insufficient History,3,"Low-Value, Reliable, Lapsed",High Risk
16854,2,1,1,50.0,At Risk,188.64,2.5152,1408.96,2,704.48,4.1976,439,22,0.0909,2010-03-09,2010-10-18,,Insufficient History,2,"Mid-Value, Unreliable, Lapsed",Medium Risk
16855,2,0,2,0.0,Likely to Exit,71.05,3.7395,328.4,2,164.2,0.7137,45,3,0.6667,2011-10-27,2011-11-16,,Insufficient History,1,"Mid-Value, Unreliable, Recent",High Risk
16856,3,0,3,0.0,Likely to Exit,54.33,2.8595,358.49,3,119.5,2.4036,36,16,0.1875,2010-09-23,2011-11-25,,Insufficient History,1,"Mid-Value, Unreliable, Recent",High Risk
16857,1,0,1,0.0,Likely to Exit,28.65,2.6045,352.8,1,352.8,3.873,464,16,0.0625,2010-09-23,2010-09-23,,Insufficient History,2,"Mid-Value, Unreliable, Lapsed",High Risk
16858,10,3,7,30.0,Likely to Exit,644.61,4.1588,4431.63,16,276.98,1.5326,388,25,0.64,2009-12-15,2010-12-08,,Insufficient History,0,"High-Value, Reliable, Recent",Medium Risk
16859,7,1,6,14.29,Likely to Exit,346.7,2.6669,1657.74,10,165.77,1.724,128,22,0.4545,2010-03-04,2011-08-25,0.0,Declining,0,"High-Value, Reliable, Recent",High Risk
16860,3,1,2,33.33,Likely to Exit,242.35,5.508,1593.67,4,398.42,2.6283,474,23,0.1739,2010-02-15,2010-09-13,,Insufficient History,2,"Mid-Value, Unreliable, Lapsed",Medium Risk
16861,5,1,4,20.0,Likely to Exit,138.84,2.6196,902.37,6,150.39,2.7936,81,18,0.3333,2010-07-19,2011-10-11,1.454,Increasing,1,"Mid-Value, Unreliable, Recent",High Risk
16862,3,0,3,0.0,Likely to Exit,82.56,2.3589,662.33,4,165.58,3.2254,569,24,0.1667,2010-01-07,2010-06-10,,Insufficient History,2,"Mid-Value, Unreliable, Lapsed",High Risk
16863,3,0,3,0.0,Likely to Exit,105.75,1.8233,977.07,5,195.41,2.0002,51,15,0.3333,2010-10-26,2011-11-10,,Insufficient History,1,"Mid-Value, Unreliable, Recent",High Risk
16864,2,0,2,0.0,Likely to Exit,38.0,2.2353,409.25,2,204.62,3.4153,456,21,0.0952,2010-04-20,2010-10-01,,Insufficient History,2,"Mid-Value, Unreliable, Lapsed",High Risk
16865,1,0,1,0.0,Likely to Exit,25.37,1.5856,130.95,1,130.95,3.6056,423,14,0.0714,2010-11-03,2010-11-03,,Insufficient History,2,"Mid-Value, Unreliable, Lapsed",High Risk
16866,1,0,1,0.0,Likely to Exit,41.89,3.8082,207.74,3,69.25,2.2361,162,6,0.5,2011-07-01,2011-07-22,0.0,Declining,1,"Mid-Value, Unreliable, Recent",High Risk
16867,1,0,1,0.0,Likely to Exit,9.17,1.5283,76.74,1,76.74,4.7958,711,24,0.0417,2010-01-19,2010-01-19,,Insufficient History,2,"Mid-Value, Unreliable, Lapsed",High Risk
16868,3,1,2,33.33,Likely to Exit,227.86,4.2196,393.39,3,131.13,2.5871,416,21,0.1429,2010-04-25,2010-11-10,,Insufficient History,2,"Mid-Value, Unreliable, Lapsed",Medium Risk
16869,3,2,1,66.67,Likely to Stay,299.19,2.3193,805.62,5,161.12,1.2961,44,7,0.7143,2011-06-17,2011-11-17,,Insufficient History,1,"Mid-Value, Unreliable, Recent",Low Risk
16870,1,0,1,0.0,Likely to Exit,77.96,2.7843,450.16,1,450.16,4.0,491,17,0.0588,2010-08-27,2010-08-27,,Insufficient History,2,"Mid-Value, Unreliable, Lapsed",High Risk
16871,4,2,2,50.0,At Risk,507.55,3.6514,2761.49,7,394.5,1.4262,44,10,0.7,2011-03-14,2011-11-17,1.351,Increasing,0,"High-Value, Reliable, Recent",Medium Risk
16872,5,0,5,0.0,Likely to Exit,120.28,6.6822,1213.13,6,202.19,1.692,99,16,0.375,2010-09-02,2011-09-23,0.0,Declining,1,"Mid-Value, Unreliable, Recent",High Risk
16873,12,5,7,41.67,At Risk,1578.7,3.0128,14547.03,17,855.71,1.2244,26,23,0.7391,2010-02-09,2011-12-05,5.079,Increasing,0,"High-Value, Reliable, Recent",Medium Risk
16874,1,1,0,100.0,Very Loyal,110.82,3.2594,217.74,1,217.74,3.6056,401,14,0.0714,2010-11-25,2010-11-25,,Insufficient History,2,"Mid-Value, Unreliable, Lapsed",Low Risk
16875,12,3,9,25.0,Likely to Exit,966.74,3.8363,4053.2,20,202.66,1.4714,86,24,0.8333,2010-01-05,2011-10-06,2.946,Increasing,0,"High-Value, Reliable, Recent",High Risk
16876,1,0,1,0.0,Likely to Exit,63.55,1.9859,136.01,1,136.01,3.6056,425,14,0.0714,2010-11-01,2010-11-01,,Insufficient History,2,"Mid-Value, Unreliable, Lapsed",High Risk
16877,4,2,2,50.0,At Risk,401.6,2.5258,853.72,6,142.29,1.3097,34,8,0.75,2011-05-15,2011-11-27,5.976,Increasing,1,"Mid-Value, Unreliable, Recent",Medium Risk
16878,2,0,2,0.0,Likely to Exit,9.5,1.5833,0.0,2,0.0,1.7321,46,4,0.5,2011-09-16,2011-11-15,,Insufficient History,3,"Low-Value, Reliable, Lapsed",High Risk
16879,2,1,1,50.0,At Risk,140.96,70.48,-140.96,2,-70.48,0.0,442,16,0.125,2010-09-27,2010-10-15,,Insufficient History,3,"Low-Value, Reliable, Lapsed",Medium Risk
16880,6,4,2,66.67,Likely to Stay,701.32,3.7504,1840.86,8,230.11,1.4403,52,17,0.4706,2010-08-03,2011-11-09,0.596,Declining,0,"High-Value, Reliable, Recent",Low Risk
16881,1,0,1,0.0,Likely to Exit,0.72,0.72,432.0,1,432.0,1.4142,88,3,0.3333,2011-10-04,2011-10-04,,Insufficient History,1,"Mid-Value, Unreliable, Recent",High Risk
16882,3,0,3,0.0,Likely to Exit,107.92,2.7672,705.12,3,235.04,2.4095,88,12,0.25,2011-01-26,2011-10-04,,Insufficient History,1,"Mid-Value, Unreliable, Recent",High Risk
16883,8,3,5,37.5,Likely to Exit,1045.44,3.6174,2386.64,20,119.33,2.1873,209,25,0.8,2009-12-04,2011-06-05,,Insufficient History,0,"High-Value, Reliable, Recent",Medium Risk
16884,3,2,1,66.67,Likely to Stay,333.66,4.4488,1073.92,4,268.48,2.4778,59,20,0.2,2010-05-18,2011-11-02,,Insufficient History,1,"Mid-Value, Unreliable, Recent",Low Risk
16885,4,1,3,25.0,Likely to Exit,442.75,3.118,710.74,4,177.69,1.6421,37,14,0.2857,2010-11-19,2011-11-24,,Insufficient History,1,"Mid-Value, Unreliable, Recent",High Risk
16886,1,0,1,0.0,Likely to Exit,61.4,3.8375,0.0,2,0.0,3.873,466,16,0.125,2010-09-09,2010-09-21,,Insufficient History,3,"Low-Value, Reliable, Lapsed",High Risk
16887,3,0,3,0.0,Likely to Exit,252.57,2.4762,660.72,3,220.24,2.7218,57,25,0.12,2009-12-01,2011-11-04,,Insufficient History,1,"Mid-Value, Unreliable, Recent",High Risk
16888,3,1,2,33.33,Likely to Exit,222.63,4.1228,437.15,3,145.72,2.7491,422,24,0.125,2010-01-07,2010-11-04,,Insufficient History,2,"Mid-Value, Unreliable, Lapsed",Medium Risk
16889,6,2,4,33.33,Likely to Exit,619.23,2.8405,2530.9,6,421.82,1.656,216,20,0.3,2010-05-23,2011-05-29,,Insufficient History,0,"High-Value, Reliable, Recent",Medium Risk
16890,2,0,2,0.0,Likely to Exit,36.94,1.9442,285.41,3,95.14,3.7549,498,20,0.15,2010-05-06,2010-08-20,,Insufficient History,2,"Mid-Value, Unreliable, Lapsed",High Risk
16891,10,8,2,80.0,Very Loyal,1629.91,3.1587,2056.82,11,186.98,1.5696,23,25,0.44,2009-12-04,2011-12-08,0.761,Declining,0,"High-Value, Reliable, Recent",Low Risk
16892,6,1,5,16.67,Likely to Exit,497.8,3.5305,733.4,9,81.49,2.2456,23,25,0.36,2009-12-08,2011-12-08,,Insufficient History,1,"Mid-Value, Unreliable, Recent",High Risk
16893,2,1,1,50.0,At Risk,330.26,2.4464,401.77,2,200.88,2.7268,388,14,0.1429,2010-11-28,2010-12-08,,Insufficient History,2,"Mid-Value, Unreliable, Lapsed",Medium Risk
16894,2,1,1,50.0,At Risk,925.34,4.6972,1282.36,5,256.47,4.1855,524,19,0.2632,2010-06-22,2010-07-25,,Insufficient History,2,"Mid-Value, Unreliable, Lapsed",Medium Risk
16895,5,2,3,40.0,At Risk,512.46,2.9968,1121.42,5,224.28,1.9928,86,23,0.2174,2010-02-12,2011-10-06,,Insufficient History,1,"Mid-Value, Unreliable, Recent",Medium Risk
16896,1,1,0,100.0,Very Loyal,103.95,5.775,103.95,1,103.95,4.2426,577,19,0.0526,2010-06-02,2010-06-02,,Insufficient History,2,"Mid-Value, Unreliable, Lapsed",Low Risk
16897,2,1,1,50.0,At Risk,226.44,5.1464,213.03,3,71.01,2.5154,321,12,0.25,2011-01-30,2011-02-13,,Insufficient History,1,"Mid-Value, Unreliable, Recent",Medium Risk
16898,5,4,1,80.0,Very Loyal,625.84,2.1215,887.67,6,147.95,1.7385,48,20,0.3,2010-05-12,2011-11-13,,Insufficient History,1,"Mid-Value, Unreliable, Recent",Low Risk
16899,7,2,5,28.57,Likely to Exit,570.19,3.1854,1721.02,8,215.13,1.2247,29,14,0.5714,2010-11-07,2011-12-02,2.88,Increasing,0,"High-Value, Reliable, Recent",High Risk
16900,2,1,1,50.0,At Risk,854.46,10.4202,187.69,5,37.54,1.1084,33,3,1.6667,2011-10-07,2011-11-28,,Insufficient History,1,"Mid-Value, Unreliable, Recent",Medium Risk
16901,1,1,0,100.0,Very Loyal,140.89,6.1257,204.26,1,204.26,4.899,751,25,0.04,2009-12-10,2009-12-10,,Insufficient History,2,"Mid-Value, Unreliable, Lapsed",Low Risk
16902,1,1,0,100.0,Very Loyal,170.07,3.8652,1706.88,1,1706.88,2.0,138,5,0.2,2011-08-15,2011-08-15,,Insufficient History,1,"Mid-Value, Unreliable, Recent",Low Risk
16903,3,3,0,100.0,Very Loyal,438.84,2.2738,1029.98,4,257.5,2.064,51,15,0.2667,2010-10-20,2011-11-10,,Insufficient History,1,"Mid-Value, Unreliable, Recent",Low Risk
16904,13,10,3,76.92,Likely to Stay,2607.2,2.655,5132.37,21,244.4,0.8393,26,15,1.4,2010-10-24,2011-12-05,0.721,Declining,0,"High-Value, Reliable, Recent",Low Risk
16905,14,4,10,28.57,Likely to Exit,1312.67,3.8048,5004.5,20,250.22,1.378,27,25,0.8,2009-12-10,2011-12-04,,Insufficient History,0,"High-Value, Reliable, Recent",High Risk
16906,6,3,3,50.0,At Risk,758.48,3.371,1448.8,7,206.97,1.8972,103,20,0.35,2010-05-13,2011-09-19,0.0,Declining,1,"Mid-Value, Unreliable, Recent",Medium Risk
16907,9,3,6,33.33,Likely to Exit,919.9,3.6075,1707.9,9,189.77,1.1703,51,18,0.5,2010-07-01,2011-11-10,2.11,Increasing,0,"High-Value, Reliable, Recent",Medium Risk
16908,1,0,1,0.0,Likely to Exit,83.39,3.971,153.59,2,76.8,4.899,744,25,0.08,2009-12-17,2009-12-17,,Insufficient History,2,"Mid-Value, Unreliable, Lapsed",High Risk
16909,2,0,2,0.0,Likely to Exit,65.8,3.4632,364.14,2,182.07,1.7321,86,4,0.5,2011-09-28,2011-10-06,,Insufficient History,1,"Mid-Value, Unreliable, Recent",High Risk
16910,4,4,0,100.0,Very Loyal,1188.85,2.1734,1510.06,8,188.76,0.6288,26,4,2.0,2011-09-09,2011-12-05,,Insufficient History,0,"High-Value, Reliable, Recent",Low Risk
16911,2,0,2,0.0,Likely to Exit,85.05,2.2986,251.35,3,83.78,3.2553,649,23,0.1304,2010-02-16,2010-03-22,,Insufficient History,2,"Mid-Value, Unreliable, Lapsed",High Risk
16912,11,2,9,18.18,Likely to Exit,778.17,4.3964,4433.6,18,246.31,1.4395,45,25,0.72,2009-12-09,2011-11-16,2.558,Increasing,0,"High-Value, Reliable, Recent",High Risk
16913,2,0,2,0.0,Likely to Exit,67.1,3.7278,423.91,3,141.3,3.6034,312,23,0.1304,2010-02-26,2011-02-22,,Insufficient History,2,"Mid-Value, Unreliable, Lapsed",High Risk
16914,1,1,0,100.0,Very Loyal,100.69,2.6497,208.46,1,208.46,1.0,58,2,0.5,2011-11-03,2011-11-03,,Insufficient History,1,"Mid-Value, Unreliable, Recent",Low Risk
16915,11,2,9,18.18,Likely to Exit,814.86,11.0116,1543.18,11,140.29,1.18,31,20,0.55,2010-05-19,2011-11-30,1.378,Increasing,0,"High-Value, Reliable, Recent",High Risk
16916,4,3,1,75.0,Likely to Stay,637.46,2.4146,1123.4,4,280.85,1.8348,45,15,0.2667,2010-10-20,2011-11-16,,Insufficient History,1,"Mid-Value, Unreliable, Recent",Low Risk
16917,3,1,2,33.33,Likely to Exit,275.89,5.3056,1848.88,3,616.29,3.9602,298,25,0.12,2009-12-11,2011-03-08,,Insufficient History,2,"Mid-Value, Unreliable, Lapsed",Medium Risk
16918,12,2,10,16.67,Likely to Exit,1018.22,2.1992,3138.06,19,165.16,1.1661,71,25,0.76,2009-12-03,2011-10-21,0.403,Declining,0,"High-Value, Reliable, Recent",High Risk
16919,9,8,1,88.89,Very Loyal,1932.95,2.9968,5053.81,28,180.49,1.1123,178,17,1.6471,2010-08-19,2011-07-06,0.0,Declining,0,"High-Value, Reliable, Recent",Low Risk
16920,1,1,0,100.0,Very Loyal,124.65,5.4196,355.45,1,355.45,3.7417,433,15,0.0667,2010-10-24,2010-10-24,,Insufficient History,2,"Mid-Value, Unreliable, Lapsed",Low Risk
16921,3,1,2,33.33,Likely to Exit,261.94,2.7573,446.67,3,148.89,2.49,83,21,0.1429,2010-04-18,2011-10-09,,Insufficient History,1,"Mid-Value, Unreliable, Recent",Medium Risk
16922,1,1,0,100.0,Very Loyal,369.44,3.0282,611.08,1,611.08,4.3589,594,20,0.05,2010-05-16,2010-05-16,,Insufficient History,2,"Mid-Value, Unreliable, Lapsed",Low Risk
16923,19,14,5,73.68,Likely to Stay,3476.37,3.002,12793.38,41,312.03,0.8722,34,24,1.7083,2010-01-31,2011-11-27,2.544,Increasing,0,"High-Value, Reliable, Recent",Low Risk
16924,3,1,2,33.33,Likely to Exit,271.91,3.0552,739.5,4,184.88,0.5901,43,4,1.0,2011-09-16,2011-11-18,,Insufficient History,1,"Mid-Value, Unreliable, Recent",Medium Risk
16925,1,0,1,0.0,Likely to Exit,42.96,2.3867,125.65,1,125.65,4.2426,562,19,0.0526,2010-06-17,2010-06-17,,Insufficient History,2,"Mid-Value, Unreliable, Lapsed",High Risk
16926,4,4,0,100.0,Very Loyal,733.41,6.3775,1410.4,6,235.07,2.0801,393,18,0.3333,2010-07-01,2010-12-03,,Insufficient History,0,"High-Value, Reliable, Recent",Low Risk
16927,3,0,3,0.0,Likely to Exit,17.44,2.9067,543.05,3,181.02,1.8866,137,13,0.2308,2010-12-13,2011-08-16,0.0,Declining,1,"Mid-Value, Unreliable, Recent",High Risk
16928,13,5,8,38.46,Likely to Exit,993.01,2.9035,3993.58,33,121.02,1.2085,102,23,1.4348,2010-02-03,2011-09-20,0.0,Declining,0,"High-Value, Reliable, Recent",Medium Risk
16929,5,0,5,0.0,Likely to Exit,160.13,2.0796,1295.39,7,185.06,0.7788,25,6,1.1667,2011-07-07,2011-12-06,1.4,Increasing,1,"Mid-Value, Unreliable, Recent",High Risk
16930,2,0,2,0.0,Likely to Exit,87.74,1.6248,380.55,3,126.85,0.7154,48,3,1.0,2011-10-02,2011-11-13,,Insufficient History,1,"Mid-Value, Unreliable, Recent",High Risk
16931,14,7,7,50.0,At Risk,2082.9,2.0808,5233.62,23,227.55,0.4777,27,14,1.6429,2010-11-07,2011-12-04,1.266,Increasing,0,"High-Value, Reliable, Recent",Medium Risk
16932,3,3,0,100.0,Very Loyal,332.8,2.3111,440.71,3,146.9,2.4016,75,20,0.15,2010-05-17,2011-10-17,,Insufficient History,1,"Mid-Value, Unreliable, Recent",Low Risk
16933,8,4,4,50.0,At Risk,988.88,3.2211,3099.6,16,193.72,1.5399,23,25,0.64,2009-12-09,2011-12-08,,Insufficient History,0,"High-Value, Reliable, Recent",Medium Risk
16934,5,2,3,40.0,At Risk,573.46,3.9278,2090.74,7,298.68,2.3203,76,22,0.3182,2010-03-28,2011-10-16,,Insufficient History,0,"High-Value, Reliable, Recent",Medium Risk
16935,2,1,1,50.0,At Risk,143.88,1.971,535.1,3,178.37,2.5495,403,15,0.2,2010-10-14,2010-11-23,,Insufficient History,2,"Mid-Value, Unreliable, Lapsed",Medium Risk
16936,2,2,0,100.0,Very Loyal,265.83,1.8853,551.17,2,275.58,2.4526,47,14,0.1429,2010-11-19,2011-11-14,,Insufficient History,1,"Mid-Value, Unreliable, Recent",Low Risk
16937,1,1,0,100.0,Very Loyal,101.45,1.9892,202.1,1,202.1,4.1231,521,18,0.0556,2010-07-28,2010-07-28,,Insufficient History,2,"Mid-Value, Unreliable, Lapsed",Low Risk
16938,8,5,3,62.5,Likely to Stay,2212.02,2.6428,6209.93,10,620.99,1.7455,30,23,0.4348,2010-02-17,2011-12-01,,Insufficient History,0,"High-Value, Reliable, Recent",Low Risk
16939,3,0,3,0.0,Likely to Exit,145.23,3.3007,449.0,3,149.67,2.6094,510,23,0.1304,2010-02-28,2010-08-08,,Insufficient History,2,"Mid-Value, Unreliable, Lapsed",High Risk
16940,9,7,2,77.78,Likely to Stay,1306.59,2.0576,6245.41,11,567.76,1.5644,74,25,0.44,2009-12-08,2011-10-18,,Insufficient History,0,"High-Value, Reliable, Recent",Low Risk
16941,1,0,1,0.0,Likely to Exit,5.5,2.75,33.0,1,33.0,4.4721,633,21,0.0476,2010-04-07,2010-04-07,,Insufficient History,2,"Mid-Value, Unreliable, Lapsed",High Risk
16942,5,5,0,100.0,Very Loyal,849.7,3.0025,1894.11,10,189.41,0.9466,34,9,1.1111,2011-04-26,2011-11-27,1.27,Increasing,0,"High-Value, Reliable, Recent",Low Risk
16943,5,3,2,60.0,Likely to Stay,1190.66,32.18,816.73,7,116.68,2.0106,233,22,0.3182,2010-03-18,2011-05-12,,Insufficient History,1,"Mid-Value, Unreliable, Recent",Low Risk
16944,1,0,1,0.0,Likely to Exit,41.28,5.8971,101.36,1,101.36,4.4721,631,21,0.0476,2010-04-09,2010-04-09,,Insufficient History,2,"Mid-Value, Unreliable, Lapsed",High Risk
16945,19,1,18,5.26,Likely to Exit,1001.96,2.105,8530.66,35,243.73,0.6969,43,25,1.4,2009-12-09,2011-11-18,0.878,Declining,0,"High-Value, Reliable, Recent",High Risk
16946,4,1,3,25.0,Likely to Exit,272.07,3.5799,1199.54,6,199.92,2.6858,405,22,0.2727,2010-03-02,2010-11-21,,Insufficient History,1,"Mid-Value, Unreliable, Recent",High Risk
16947,6,0,6,0.0,Likely to Exit,166.86,2.781,896.73,10,89.67,3.0388,257,22,0.4545,2010-03-03,2011-04-18,,Insufficient History,1,"Mid-Value, Unreliable, Recent",High Risk
16948,7,0,7,0.0,Likely to Exit,79.01,1.8374,868.77,7,124.11,1.6945,160,23,0.3043,2010-02-21,2011-07-24,0.0,Declining,1,"Mid-Value, Unreliable, Recent",High Risk
16949,6,2,4,33.33,Likely to Exit,508.8,8.341,1161.27,7,165.9,1.291,25,12,0.5833,2011-01-27,2011-12-06,,Insufficient History,1,"Mid-Value, Unreliable, Recent",Medium Risk
16950,10,0,10,0.0,Likely to Exit,389.54,2.546,3725.19,12,310.43,1.2797,78,24,0.5,2010-01-24,2011-10-14,0.66,Declining,0,"High-Value, Reliable, Recent",High Risk
16951,3,1,2,33.33,Likely to Exit,126.1,1.4494,1262.75,4,315.69,2.6115,145,11,0.3636,2011-02-08,2011-08-08,0.0,Declining,1,"Mid-Value, Unreliable, Recent",Medium Risk
16952,3,1,2,33.33,Likely to Exit,311.88,3.5441,798.78,5,159.76,2.8674,131,25,0.2,2009-12-11,2011-08-22,0.0,Declining,1,"Mid-Value, Unreliable, Recent",Medium Risk
16953,1,0,1,0.0,Likely to Exit,2.08,2.08,20.8,1,20.8,1.0,52,2,0.5,2011-11-09,2011-11-09,,Insufficient History,1,"Mid-Value, Unreliable, Recent",High Risk
16954,15,1,14,6.67,Likely to Exit,556.02,2.6861,6037.33,21,287.49,0.9678,22,24,0.875,2010-01-18,2011-12-09,2.763,Increasing,0,"High-Value, Reliable, Recent",High Risk
16955,6,0,6,0.0,Likely to Exit,208.56,3.476,1261.16,9,140.13,2.1258,206,25,0.36,2009-12-01,2011-06-08,,Insufficient History,1,"Mid-Value, Unreliable, Recent",High Risk
16956,1,0,1,0.0,Likely to Exit,84.07,4.6706,292.34,2,146.17,1.0,31,2,1.0,2011-11-22,2011-11-30,,Insufficient History,1,"Mid-Value, Unreliable, Recent",High Risk
16957,2,0,2,0.0,Likely to Exit,53.27,3.3294,416.64,2,208.32,2.2376,261,10,0.2,2011-03-03,2011-04-14,,Insufficient History,1,"Mid-Value, Unreliable, Recent",High Risk
16958,1,1,0,100.0,Very Loyal,181.92,2.4584,809.44,1,809.44,3.873,457,16,0.0625,2010-09-30,2010-09-30,,Insufficient History,2,"Mid-Value, Unreliable, Lapsed",Low Risk
16959,1,0,1,0.0,Likely to Exit,21.05,3.0071,117.35,1,117.35,1.7321,109,4,0.25,2011-09-13,2011-09-13,,Insufficient History,1,"Mid-Value, Unreliable, Recent",High Risk
16960,6,4,2,66.67,Likely to Stay,932.79,1.9804,2021.98,9,224.66,2.0545,60,22,0.4091,2010-03-02,2011-11-01,,Insufficient History,0,"High-Value, Reliable, Recent",Low Risk
16961,5,0,5,0.0,Likely to Exit,182.92,3.3258,773.01,6,128.84,2.9146,138,25,0.24,2009-12-04,2011-08-15,0.0,Declining,1,"Mid-Value, Unreliable, Recent",High Risk
16962,1,0,1,0.0,Likely to Exit,40.24,2.6827,251.04,1,251.04,3.7417,431,15,0.0667,2010-10-26,2010-10-26,,Insufficient History,2,"Mid-Value, Unreliable, Lapsed",High Risk
16963,1,0,1,0.0,Likely to Exit,23.4,3.3429,110.55,1,110.55,2.4495,209,7,0.1429,2011-06-05,2011-06-05,,Insufficient History,1,"Mid-Value, Unreliable, Recent",High Risk
16964,1,0,1,0.0,Likely to Exit,27.3,4.55,207.85,2,103.92,4.899,755,25,0.08,2009-12-06,2009-12-06,,Insufficient History,2,"Mid-Value, Unreliable, Lapsed",High Risk
16965,1,0,1,0.0,Likely to Exit,60.73,2.3358,201.19,1,201.19,2.8284,248,9,0.1111,2011-04-27,2011-04-27,,Insufficient History,2,"Mid-Value, Unreliable, Lapsed",High Risk
16966,6,0,6,0.0,Likely to Exit,42.72,1.3781,2148.47,10,214.85,1.0268,30,9,1.1111,2011-04-13,2011-12-01,,Insufficient History,0,"High-Value, Reliable, Recent",High Risk
16967,1,0,1,0.0,Likely to Exit,23.95,1.1405,319.02,1,319.02,2.4495,211,7,0.1429,2011-06-03,2011-06-03,,Insufficient History,1,"Mid-Value, Unreliable, Recent",High Risk
16968,2,0,2,0.0,Likely to Exit,86.91,2.8035,439.43,2,219.72,1.2484,26,5,0.4,2011-08-24,2011-12-05,,Insufficient History,1,"Mid-Value, Unreliable, Recent",High Risk
16969,3,0,3,0.0,Likely to Exit,100.05,2.3821,650.41,3,216.8,1.4864,61,7,0.4286,2011-06-01,2011-10-31,2.101,Increasing,1,"Mid-Value, Unreliable, Recent",High Risk
16970,1,0,1,0.0,Likely to Exit,11.9,5.95,71.4,1,71.4,4.5826,648,22,0.0455,2010-03-23,2010-03-23,,Insufficient History,2,"Mid-Value, Unreliable, Lapsed",High Risk
16971,2,2,0,100.0,Very Loyal,443.19,10.5521,232.21,2,116.1,1.0,24,2,1.0,2011-11-01,2011-12-07,,Insufficient History,1,"Mid-Value, Unreliable, Recent",Low Risk
16972,2,2,0,100.0,Very Loyal,398.9,4.533,786.25,2,393.12,2.7424,404,16,0.125,2010-09-09,2010-11-22,,Insufficient History,2,"Mid-Value, Unreliable, Lapsed",Low Risk
16973,1,0,1,0.0,Likely to Exit,12.7,2.1167,127.0,1,127.0,3.6056,408,14,0.0714,2010-11-18,2010-11-18,,Insufficient History,2,"Mid-Value, Unreliable, Lapsed",High Risk
16974,2,0,2,0.0,Likely to Exit,42.5,5.3125,365.5,2,182.75,3.4085,544,20,0.1,2010-05-24,2010-07-05,,Insufficient History,2,"Mid-Value, Unreliable, Lapsed",High Risk
16975,3,0,3,0.0,Likely to Exit,114.85,2.4436,902.42,5,180.48,2.8355,435,18,0.2778,2010-07-22,2010-10-22,,Insufficient History,2,"Mid-Value, Unreliable, Lapsed",High Risk
16976,1,0,1,0.0,Likely to Exit,12.01,6.005,251.52,1,251.52,3.0,289,10,0.1,2011-03-17,2011-03-17,,Insufficient History,2,"Mid-Value, Unreliable, Lapsed",High Risk
16977,3,0,3,0.0,Likely to Exit,147.6,5.2714,496.0,4,124.0,2.5955,417,22,0.1818,2010-03-18,2010-11-09,,Insufficient History,2,"Mid-Value, Unreliable, Lapsed",High Risk
16978,2,2,0,100.0,Very Loyal,220.95,3.2978,768.88,3,256.29,3.2596,99,23,0.1304,2010-02-11,2011-09-23,0.0,Declining,1,"Mid-Value, Unreliable, Recent",Low Risk
16979,8,1,7,12.5,Likely to Exit,473.23,3.5581,2787.09,12,232.26,1.1569,25,16,0.75,2010-09-15,2011-12-06,6.059,Increasing,0,"High-Value, Reliable, Recent",High Risk
16980,3,1,2,33.33,Likely to Exit,257.0,2.2946,1473.33,3,491.11,2.1474,277,15,0.2,2010-10-07,2011-03-29,,Insufficient History,1,"Mid-Value, Unreliable, Recent",Medium Risk
16981,1,1,0,100.0,Very Loyal,4620.86,4620.86,-4620.86,1,-4620.86,0.0,562,19,0.0526,2010-06-17,2010-06-17,,Insufficient History,3,"Low-Value, Reliable, Lapsed",Low Risk
16982,1,0,1,0.0,Likely to Exit,53.97,2.4532,384.06,1,384.06,1.4142,82,3,0.3333,2011-10-10,2011-10-10,,Insufficient History,1,"Mid-Value, Unreliable, Recent",High Risk
16983,9,1,8,11.11,Likely to Exit,735.73,2.9429,3699.17,12,308.26,1.3068,34,16,0.75,2010-09-19,2011-11-27,2.429,Increasing,0,"High-Value, Reliable, Recent",High Risk
16984,9,7,2,77.78,Likely to Stay,4391.15,3.7855,10599.42,19,557.86,1.6948,100,22,0.8636,2010-03-07,2011-09-22,0.0,Declining,0,"High-Value, Reliable, Recent",Low Risk
16985,16,4,12,25.0,Likely to Exit,2360.41,9.5563,10545.76,26,405.61,0.9637,39,25,1.04,2009-12-10,2011-11-22,1.188,Increasing,0,"High-Value, Reliable, Recent",High Risk
16986,5,1,4,20.0,Likely to Exit,707.7,4.0672,4888.75,11,444.43,2.9835,51,23,0.4783,2010-02-04,2011-11-10,,Insufficient History,0,"High-Value, Reliable, Recent",High Risk
16987,7,6,1,85.71,Very Loyal,1144.08,4.2849,2524.0,12,210.33,1.849,25,25,0.48,2009-12-02,2011-12-06,,Insufficient History,0,"High-Value, Reliable, Recent",Low Risk
16988,2,0,2,0.0,Likely to Exit,107.14,5.357,382.67,2,191.34,2.6102,27,14,0.1429,2010-11-25,2011-12-04,,Insufficient History,1,"Mid-Value, Unreliable, Recent",High Risk
16989,5,0,5,0.0,Likely to Exit,18.0,1.5,1133.25,6,188.88,1.5918,29,6,1.0,2011-07-12,2011-12-02,0.22,Declining,1,"Mid-Value, Unreliable, Recent",High Risk
16990,2,0,2,0.0,Likely to Exit,3.44,1.72,344.0,2,172.0,2.5519,240,15,0.1333,2010-10-13,2011-05-05,,Insufficient History,1,"Mid-Value, Unreliable, Recent",High Risk
16991,1,1,0,100.0,Very Loyal,169.05,2.2845,1041.21,1,1041.21,3.7417,443,15,0.0667,2010-10-14,2010-10-14,,Insufficient History,2,"Mid-Value, Unreliable, Lapsed",Low Risk
16992,10,4,6,40.0,At Risk,1500.14,5.2088,5460.1,15,364.01,1.6574,32,23,0.6522,2010-02-11,2011-11-29,2.131,Increasing,0,"High-Value, Reliable, Recent",Medium Risk
16993,2,2,0,100.0,Very Loyal,233.85,8.0638,1688.15,3,562.72,3.1124,485,20,0.15,2010-05-12,2010-09-02,,Insufficient History,2,"Mid-Value, Unreliable, Lapsed",Low Risk
16994,1,1,0,100.0,Very Loyal,779.32,779.32,-779.32,1,-779.32,0.0,648,22,0.0455,2010-03-23,2010-03-23,,Insufficient History,3,"Low-Value, Reliable, Lapsed",Low Risk
16995,1,0,1,0.0,Likely to Exit,2.5,1.25,-2.5,1,-2.5,0.0,394,13,0.0769,2010-12-02,2010-12-02,,Insufficient History,3,"Low-Value, Reliable, Lapsed",High Risk
16996,7,0,7,0.0,Likely to Exit,246.45,2.8328,2044.16,13,157.24,1.1589,52,15,0.8667,2010-10-18,2011-11-09,1.296,Increasing,0,"High-Value, Reliable, Recent",High Risk
16997,2,0,2,0.0,Likely to Exit,23.4,1.95,702.0,3,234.0,2.2526,310,12,0.25,2011-01-18,2011-02-24,,Insufficient History,1,"Mid-Value, Unreliable, Recent",High Risk
16998,4,0,4,0.0,Likely to Exit,27.63,3.4537,394.02,7,56.29,2.1881,171,16,0.4375,2010-09-21,2011-07-13,0.0,Declining,1,"Mid-Value, Unreliable, Recent",High Risk
16999,2,0,2,0.0,Likely to Exit,55.83,2.4274,484.82,2,242.41,1.0002,45,4,0.5,2011-09-26,2011-11-16,,Insufficient History,1,"Mid-Value, Unreliable, Recent",High Risk
17000,2,0,2,0.0,Likely to Exit,48.92,1.6307,406.3,2,203.15,2.5542,418,15,0.1333,2010-10-27,2010-11-08,,Insufficient History,2,"Mid-Value, Unreliable, Lapsed",High Risk
17001,17,0,17,0.0,Likely to Exit,806.98,2.9345,6640.8,19,349.52,0.6529,22,22,0.8636,2010-03-25,2011-12-09,2.051,Increasing,0,"High-Value, Reliable, Recent",High Risk
17002,6,0,6,0.0,Likely to Exit,287.79,3.3858,2565.6,8,320.7,1.78,95,22,0.3636,2010-03-08,2011-09-27,0.0,Declining,0,"High-Value, Reliable, Recent",High Risk
17003,3,1,2,33.33,Likely to Exit,234.0,2.0893,830.16,4,207.54,2.6321,424,20,0.2,2010-05-10,2010-11-02,,Insufficient History,2,"Mid-Value, Unreliable, Lapsed",Medium Risk
17004,4,0,4,0.0,Likely to Exit,178.85,2.555,2425.16,4,606.29,1.8253,68,15,0.2667,2010-10-11,2011-10-24,0.404,Declining,1,"Mid-Value, Unreliable, Recent",High Risk
17005,2,0,2,0.0,Likely to Exit,44.56,2.1219,732.41,3,244.14,3.1654,492,21,0.1429,2010-04-30,2010-08-26,,Insufficient History,2,"Mid-Value, Unreliable, Lapsed",High Risk
17006,6,1,5,16.67,Likely to Exit,426.12,3.2778,1636.32,8,204.54,1.8441,26,22,0.3636,2010-03-05,2011-12-05,1.785,Increasing,1,"Mid-Value, Unreliable, Recent",High Risk
17007,5,0,5,0.0,Likely to Exit,238.55,3.5081,1107.6,8,138.45,1.5746,72,16,0.5,2010-09-28,2011-10-20,2.79,Increasing,1,"Mid-Value, Unreliable, Recent",High Risk
17008,1,0,1,0.0,Likely to Exit,3.39,3.39,81.36,1,81.36,3.7417,451,15,0.0667,2010-10-06,2010-10-06,,Insufficient History,2,"Mid-Value, Unreliable, Lapsed",High Risk
17009,1,0,1,0.0,Likely to Exit,19.0,1.7273,242.06,1,242.06,4.2426,573,19,0.0526,2010-06-06,2010-06-06,,Insufficient History,2,"Mid-Value, Unreliable, Lapsed",High Risk
17010,1,0,1,0.0,Likely to Exit,33.0,2.75,185.46,2,92.73,1.0,38,2,1.0,2011-11-21,2011-11-23,,Insufficient History,1,"Mid-Value, Unreliable, Recent",High Risk
17011,3,0,3,0.0,Likely to Exit,47.03,1.6217,536.7,4,134.17,2.9352,52,23,0.1739,2010-02-26,2011-11-09,,Insufficient History,1,"Mid-Value, Unreliable, Recent",High Risk
17012,1,0,1,0.0,Likely to Exit,89.04,2.12,384.16,1,384.16,4.899,747,25,0.04,2009-12-14,2009-12-14,,Insufficient History,2,"Mid-Value, Unreliable, Lapsed",High Risk
17013,1,1,0,100.0,Very Loyal,3224.76,1612.38,-3224.76,2,-1612.38,0.0,625,21,0.0952,2010-04-15,2010-04-15,,Insufficient History,3,"Low-Value, Reliable, Lapsed",Low Risk
17014,3,1,2,33.33,Likely to Exit,221.23,2.9497,565.58,4,141.4,0.1369,30,3,1.3333,2011-10-04,2011-12-01,,Insufficient History,1,"Mid-Value, Unreliable, Recent",Medium Risk
17015,3,1,2,33.33,Likely to Exit,307.52,1.4171,1842.56,3,614.19,1.405,50,7,0.4286,2011-06-07,2011-11-11,0.261,Declining,1,"Mid-Value, Unreliable, Recent",Medium Risk
17016,1,1,0,100.0,Very Loyal,154.51,3.7685,552.4,1,552.4,4.3589,598,20,0.05,2010-05-12,2010-05-12,,Insufficient History,2,"Mid-Value, Unreliable, Lapsed",Low Risk
17017,17,1,16,5.88,Likely to Exit,6664.95,14.844,8087.41,41,197.25,1.4547,24,25,1.64,2009-12-03,2011-12-07,3.091,Increasing,0,"High-Value, Reliable, Recent",High Risk
17018,6,0,6,0.0,Likely to Exit,215.82,5.833,2287.7,6,381.28,1.8281,62,25,0.24,2009-12-05,2011-10-30,,Insufficient History,1,"Mid-Value, Unreliable, Recent",High Risk
17019,9,7,2,77.78,Likely to Stay,1458.01,2.0392,3951.5,13,303.96,1.5203,33,25,0.52,2009-12-02,2011-11-28,,Insufficient History,0,"High-Value, Reliable, Recent",Low Risk
17020,2,0,2,0.0,Likely to Exit,111.79,1.6201,935.62,2,467.81,3.3385,564,22,0.0909,2010-03-03,2010-06-15,,Insufficient History,2,"Mid-Value, Unreliable, Lapsed",High Risk
17021,4,0,4,0.0,Likely to Exit,139.49,2.906,1182.22,6,197.04,2.0958,464,21,0.2857,2010-04-29,2010-09-23,,Insufficient History,1,"Mid-Value, Unreliable, Recent",High Risk
17022,2,0,2,0.0,Likely to Exit,40.36,2.5225,260.0,2,130.0,2.8363,53,15,0.1333,2010-10-03,2011-11-08,,Insufficient History,1,"Mid-Value, Unreliable, Recent",High Risk
17023,3,0,3,0.0,Likely to Exit,126.93,2.5904,800.18,3,266.73,3.0334,439,24,0.125,2010-01-11,2010-10-18,,Insufficient History,2,"Mid-Value, Unreliable, Lapsed",High Risk
17024,3,0,3,0.0,Likely to Exit,4.15,1.3833,95.85,3,31.95,1.0344,67,6,0.5,2011-07-05,2011-10-25,0.704,Declining,1,"Mid-Value, Unreliable, Recent",High Risk
17025,4,0,4,0.0,Likely to Exit,72.14,1.7176,1510.64,5,302.13,2.7412,82,22,0.2273,2010-03-08,2011-10-10,,Insufficient History,1,"Mid-Value, Unreliable, Recent",High Risk
17026,3,0,3,0.0,Likely to Exit,32.69,4.0862,208.98,3,69.66,2.3972,207,15,0.2,2010-10-18,2011-06-07,,Insufficient History,1,"Mid-Value, Unreliable, Recent",High Risk
17027,8,2,6,25.0,Likely to Exit,641.39,3.4116,1285.41,10,128.54,1.6467,100,25,0.4,2009-12-10,2011-09-22,0.0,Declining,1,"Mid-Value, Unreliable, Recent",High Risk
17028,3,1,2,33.33,Likely to Exit,327.19,3.4441,1593.83,3,531.28,3.3051,603,25,0.12,2009-12-18,2010-05-07,,Insufficient History,2,"Mid-Value, Unreliable, Lapsed",Medium Risk
17029,7,0,7,0.0,Likely to Exit,66.66,2.2986,2137.3,7,305.33,1.5629,132,23,0.3043,2010-02-14,2011-08-21,0.0,Declining,1,"Mid-Value, Unreliable, Recent",High Risk
17030,1,0,1,0.0,Likely to Exit,29.28,2.6618,146.87,1,146.87,1.4142,85,3,0.3333,2011-10-07,2011-10-07,,Insufficient History,1,"Mid-Value, Unreliable, Recent",High Risk
17031,6,0,6,0.0,Likely to Exit,90.1,1.802,2773.85,6,462.31,2.9039,33,20,0.3,2010-05-07,2011-11-28,0.683,Declining,1,"Mid-Value, Unreliable, Recent",High Risk
17032,6,5,1,83.33,Very Loyal,1571.1,6.3866,2150.06,13,165.39,2.2972,463,25,0.52,2009-12-10,2010-09-24,,Insufficient History,0,"High-Value, Reliable, Recent",Low Risk
17033,4,0,4,0.0,Likely to Exit,128.59,3.2147,1332.79,4,333.2,1.6072,108,14,0.2857,2010-11-07,2011-09-14,0.0,Declining,1,"Mid-Value, Unreliable, Recent",High Risk
17034,5,0,5,0.0,Likely to Exit,185.22,2.8495,1239.32,7,177.05,1.7431,38,18,0.3889,2010-07-14,2011-11-23,1.657,Increasing,1,"Mid-Value, Unreliable, Recent",High Risk
17035,4,0,4,0.0,Likely to Exit,128.15,3.4635,568.39,5,113.68,2.5934,267,25,0.2,2009-12-03,2011-04-08,,Insufficient History,1,"Mid-Value, Unreliable, Recent",High Risk
17036,1,0,1,0.0,Likely to Exit,59.15,4.9292,176.9,1,176.9,3.6056,405,14,0.0714,2010-11-21,2010-11-21,,Insufficient History,2,"Mid-Value, Unreliable, Lapsed",High Risk
17037,1,1,0,100.0,Very Loyal,213.06,2.767,1253.22,2,626.61,1.7321,100,4,0.5,2011-09-13,2011-09-22,,Insufficient History,1,"Mid-Value, Unreliable, Recent",Low Risk
17038,2,1,1,50.0,At Risk,201.91,3.2049,743.17,2,371.59,3.1857,52,15,0.1333,2010-10-20,2011-11-09,,Insufficient History,1,"Mid-Value, Unreliable, Recent",Medium Risk
17039,1,1,0,100.0,Very Loyal,172.94,3.9305,1954.99,1,1954.99,4.4721,626,21,0.0476,2010-04-14,2010-04-14,,Insufficient History,2,"Mid-Value, Unreliable, Lapsed",Low Risk
17040,2,0,2,0.0,Likely to Exit,51.2,3.2,463.25,2,231.62,4.1138,159,19,0.1053,2010-06-07,2011-07-25,0.0,Declining,2,"Mid-Value, Unreliable, Lapsed",High Risk
17041,5,0,5,0.0,Likely to Exit,283.18,2.1783,1670.48,7,238.64,1.8475,48,21,0.3333,2010-04-18,2011-11-13,0.741,Declining,1,"Mid-Value, Unreliable, Recent",High Risk
17042,5,0,5,0.0,Likely to Exit,178.63,1.8228,1044.38,5,208.88,0.955,24,9,0.5556,2011-04-06,2011-12-07,0.284,Declining,1,"Mid-Value, Unreliable, Recent",High Risk
17043,7,5,2,71.43,Likely to Stay,699.44,3.4119,2616.55,8,327.07,1.9634,54,25,0.32,2009-12-09,2011-11-07,,Insufficient History,0,"High-Value, Reliable, Recent",Low Risk
17044,10,1,9,10.0,Likely to Exit,605.64,3.8091,11867.6,16,741.73,2.0118,30,25,0.64,2009-12-07,2011-12-01,,Insufficient History,0,"High-Value, Reliable, Recent",High Risk
17045,5,1,4,20.0,Likely to Exit,292.46,5.5181,827.68,5,165.54,1.8155,135,15,0.3333,2010-10-06,2011-08-18,0.0,Declining,1,"Mid-Value, Unreliable, Recent",High Risk
17046,4,0,4,0.0,Likely to Exit,150.67,1.7726,1906.07,5,381.21,2.2061,179,22,0.2273,2010-03-29,2011-07-05,0.0,Declining,1,"Mid-Value, Unreliable, Recent",High Risk
17047,5,1,4,20.0,Likely to Exit,493.64,3.4763,2289.23,6,381.54,2.134,107,25,0.24,2009-12-08,2011-09-15,0.0,Declining,1,"Mid-Value, Unreliable, Recent",High Risk
17048,7,0,7,0.0,Likely to Exit,344.06,3.2155,1991.45,11,181.04,1.7654,137,24,0.4583,2010-01-18,2011-08-16,0.0,Declining,0,"High-Value, Reliable, Recent",High Risk
17049,14,7,7,50.0,At Risk,2571.58,4.4338,9593.78,25,383.75,1.0629,24,22,1.1364,2010-03-04,2011-12-07,1.429,Increasing,0,"High-Value, Reliable, Recent",Medium Risk
17050,11,3,8,27.27,Likely to Exit,1550.67,4.3315,4391.66,12,365.97,1.3566,118,24,0.5,2010-01-26,2011-09-04,0.0,Declining,0,"High-Value, Reliable, Recent",High Risk
17051,4,0,4,0.0,Likely to Exit,275.33,1.7537,714.39,4,178.6,2.2072,216,22,0.1818,2010-03-21,2011-05-29,,Insufficient History,1,"Mid-Value, Unreliable, Recent",High Risk
17052,1,1,0,100.0,Very Loyal,171.47,1.8638,413.75,1,413.75,1.0,50,2,0.5,2011-11-11,2011-11-11,,Insufficient History,1,"Mid-Value, Unreliable, Recent",Low Risk
17053,1,0,1,0.0,Likely to Exit,60.59,4.3279,496.38,2,248.19,2.0,150,5,0.4,2011-08-01,2011-08-03,,Insufficient History,1,"Mid-Value, Unreliable, Recent",High Risk
17054,4,1,3,25.0,Likely to Exit,397.28,4.7295,1353.83,6,225.64,1.3453,50,9,0.6667,2011-04-08,2011-11-11,0.521,Declining,1,"Mid-Value, Unreliable, Recent",High Risk
17055,1,0,1,0.0,Likely to Exit,92.0,3.0667,239.55,1,239.55,3.873,467,16,0.0625,2010-09-20,2010-09-20,,Insufficient History,2,"Mid-Value, Unreliable, Lapsed",High Risk
17056,1,0,1,0.0,Likely to Exit,33.0,4.125,128.6,1,128.6,4.899,760,25,0.04,2009-12-01,2009-12-01,,Insufficient History,2,"Mid-Value, Unreliable, Lapsed",High Risk
17057,1,1,0,100.0,Very Loyal,147.07,2.9414,294.74,1,294.74,4.4721,618,21,0.0476,2010-04-22,2010-04-22,,Insufficient History,2,"Mid-Value, Unreliable, Lapsed",Low Risk
17058,3,1,2,33.33,Likely to Exit,233.45,3.7653,1179.89,3,393.3,1.5483,103,9,0.3333,2011-04-14,2011-09-19,0.0,Declining,1,"Mid-Value, Unreliable, Recent",Medium Risk
17059,10,8,2,80.0,Very Loyal,2207.42,2.6216,5584.83,10,558.48,1.5546,51,24,0.4167,2010-01-26,2011-11-10,1.143,Increasing,0,"High-Value, Reliable, Recent",Low Risk
17060,1,0,1,0.0,Likely to Exit,8.86,1.772,234.24,1,234.24,3.0,288,10,0.1,2011-03-18,2011-03-18,,Insufficient History,2,"Mid-Value, Unreliable, Lapsed",High Risk
17061,6,2,4,33.33,Likely to Exit,512.47,5.074,5116.13,12,426.34,1.0841,95,9,1.3333,2011-04-21,2011-09-27,0.0,Declining,0,"High-Value, Reliable, Recent",Medium Risk
17062,4,1,3,25.0,Likely to Exit,369.42,2.2389,1204.32,7,172.05,2.3943,335,16,0.4375,2010-09-26,2011-01-30,,Insufficient History,1,"Mid-Value, Unreliable, Recent",High Risk
17063,14,1,13,7.14,Likely to Exit,557.28,2.5681,3576.88,23,155.52,1.2614,30,25,0.92,2009-12-01,2011-12-01,-31.387,Declining,0,"High-Value, Reliable, Recent",High Risk
17064,3,0,3,0.0,Likely to Exit,228.64,3.6877,859.35,3,286.45,1.8779,80,12,0.25,2011-01-16,2011-10-12,,Insufficient History,1,"Mid-Value, Unreliable, Recent",High Risk
17065,2,1,1,50.0,At Risk,152.95,11.7654,82.35,3,27.45,4.5826,165,22,0.1364,2010-03-12,2011-07-19,-0.0,Declining,2,"Mid-Value, Unreliable, Lapsed",Medium Risk
17066,1,0,1,0.0,Likely to Exit,48.92,2.7178,228.34,1,228.34,4.899,748,25,0.04,2009-12-13,2009-12-13,,Insufficient History,2,"Mid-Value, Unreliable, Lapsed",High Risk
17067,1,0,1,0.0,Likely to Exit,28.07,2.1592,454.54,3,151.51,4.899,746,25,0.12,2009-12-08,2009-12-15,,Insufficient History,2,"Mid-Value, Unreliable, Lapsed",High Risk
17068,20,8,12,40.0,At Risk,2552.49,2.4854,9126.43,49,186.25,0.5124,34,22,2.2273,2010-03-28,2011-11-27,0.627,Declining,0,"High-Value, Reliable, Recent",Medium Risk
17069,9,3,6,33.33,Likely to Exit,813.37,2.6238,5718.4,21,272.3,1.3921,50,25,0.84,2009-12-03,2011-11-11,0.679,Declining,0,"High-Value, Reliable, Recent",Medium Risk
17070,2,1,1,50.0,At Risk,252.32,2.403,445.32,2,222.66,2.7769,136,15,0.1333,2010-10-25,2011-08-17,0.0,Declining,1,"Mid-Value, Unreliable, Recent",Medium Risk
17071,13,1,12,7.69,Likely to Exit,782.59,3.5094,3738.45,20,186.92,1.0986,30,24,0.8333,2010-01-24,2011-12-01,1.141,Increasing,0,"High-Value, Reliable, Recent",High Risk
17072,1,0,1,0.0,Likely to Exit,38.32,1.7418,282.05,1,282.05,4.5826,647,22,0.0455,2010-03-24,2010-03-24,,Insufficient History,2,"Mid-Value, Unreliable, Lapsed",High Risk
17073,4,3,1,75.0,Likely to Stay,543.5,3.1236,1446.09,4,361.52,0.5396,39,5,0.8,2011-08-22,2011-11-22,,Insufficient History,0,"High-Value, Reliable, Recent",Low Risk
17074,1,0,1,0.0,Likely to Exit,41.2,10.3,203.05,1,203.05,4.3589,584,20,0.05,2010-05-26,2010-05-26,,Insufficient History,2,"Mid-Value, Unreliable, Lapsed",High Risk
17075,10,3,7,30.0,Likely to Exit,803.05,3.9559,2221.38,11,201.94,1.3758,39,25,0.44,2009-12-14,2011-11-22,,Insufficient History,0,"High-Value, Reliable, Recent",Medium Risk
17076,6,0,6,0.0,Likely to Exit,212.71,4.2542,1242.75,6,207.12,2.26,58,25,0.24,2009-12-04,2011-11-03,,Insufficient History,1,"Mid-Value, Unreliable, Recent",High Risk
17077,1,0,1,0.0,Likely to Exit,8.5,8.5,306.0,1,306.0,4.3589,600,20,0.05,2010-05-10,2010-05-10,,Insufficient History,2,"Mid-Value, Unreliable, Lapsed",High Risk
17078,1,0,1,0.0,Likely to Exit,16.87,0.6025,378.2,2,189.1,1.0,58,2,1.0,2011-11-03,2011-11-03,,Insufficient History,1,"Mid-Value, Unreliable, Recent",High Risk
17079,1,0,1,0.0,Likely to Exit,9.9,4.95,118.8,1,118.8,1.7321,100,4,0.25,2011-09-22,2011-09-22,,Insufficient History,1,"Mid-Value, Unreliable, Recent",High Risk
17080,4,0,4,0.0,Likely to Exit,118.48,3.4847,955.41,8,119.43,2.1067,44,18,0.4444,2010-07-01,2011-11-17,,Insufficient History,1,"Mid-Value, Unreliable, Recent",High Risk
17081,6,5,1,83.33,Very Loyal,730.24,3.4123,964.39,6,160.73,1.7493,47,23,0.2609,2010-02-22,2011-11-14,,Insufficient History,1,"Mid-Value, Unreliable, Recent",Low Risk
17082,5,2,3,40.0,At Risk,565.05,3.3238,4732.03,6,788.67,2.0764,55,25,0.24,2009-12-15,2011-11-06,,Insufficient History,0,"High-Value, Reliable, Recent",Medium Risk
17083,10,0,10,0.0,Likely to Exit,289.86,2.4774,4035.08,11,366.83,1.6197,131,25,0.44,2009-12-11,2011-08-22,0.0,Declining,0,"High-Value, Reliable, Recent",High Risk
17084,2,2,0,100.0,Very Loyal,816.86,2.769,5199.72,4,1299.93,2.475,57,14,0.2857,2010-11-08,2011-11-04,,Insufficient History,0,"High-Value, Reliable, Recent",Low Risk
17085,15,11,4,73.33,Likely to Stay,2851.69,2.8375,7757.41,32,242.42,1.2617,145,25,1.28,2009-12-06,2011-08-08,0.0,Declining,0,"High-Value, Reliable, Recent",Low Risk
17086,3,0,3,0.0,Likely to Exit,207.45,2.1609,2050.08,6,341.68,0.295,29,3,2.0,2011-10-07,2011-12-02,,Insufficient History,0,"High-Value, Reliable, Recent",High Risk
17087,1,0,1,0.0,Likely to Exit,38.44,3.2033,221.53,1,221.53,4.899,759,25,0.04,2009-12-02,2009-12-02,,Insufficient History,2,"Mid-Value, Unreliable, Lapsed",High Risk
17088,4,1,3,25.0,Likely to Exit,438.04,3.809,1991.01,4,497.75,1.5594,50,10,0.4,2011-03-31,2011-11-11,0.679,Declining,1,"Mid-Value, Unreliable, Recent",High Risk
17089,1,0,1,0.0,Likely to Exit,15.4,3.85,128.45,1,128.45,3.6056,408,14,0.0714,2010-11-18,2010-11-18,,Insufficient History,2,"Mid-Value, Unreliable, Lapsed",High Risk
17090,9,1,8,11.11,Likely to Exit,259.68,2.7626,3055.94,15,203.73,1.3768,26,18,0.8333,2010-07-19,2011-12-05,0.604,Declining,0,"High-Value, Reliable, Recent",High Risk
17091,16,4,12,25.0,Likely to Exit,1452.69,3.0264,7777.5,23,338.15,0.8253,24,25,0.92,2009-12-01,2011-12-07,1.628,Increasing,0,"High-Value, Reliable, Recent",High Risk
17092,10,3,7,30.0,Likely to Exit,940.5,2.3512,5563.31,14,397.38,1.4606,72,23,0.6087,2010-02-02,2011-10-20,0.922,Stable,0,"High-Value, Reliable, Recent",Medium Risk
17093,1,0,1,0.0,Likely to Exit,39.69,3.0531,235.88,1,235.88,4.4721,614,21,0.0476,2010-04-26,2010-04-26,,Insufficient History,2,"Mid-Value, Unreliable, Lapsed",High Risk
17094,2,0,2,0.0,Likely to Exit,45.1,2.3737,370.4,3,123.47,2.8962,340,15,0.2,2010-10-12,2011-01-25,,Insufficient History,2,"Mid-Value, Unreliable, Lapsed",High Risk
17095,7,2,5,28.57,Likely to Exit,681.83,4.8016,2312.59,12,192.72,1.8289,44,25,0.48,2009-12-15,2011-11-17,,Insufficient History,0,"High-Value, Reliable, Recent",High Risk
17096,9,1,8,11.11,Likely to Exit,901.46,4.0065,3690.83,17,217.11,1.4026,31,19,0.8947,2010-06-02,2011-11-30,2.008,Increasing,0,"High-Value, Reliable, Recent",High Risk
17097,6,3,3,50.0,At Risk,798.86,2.5604,1323.95,10,132.39,1.3961,24,15,0.6667,2010-10-05,2011-12-07,0.939,Stable,0,"High-Value, Reliable, Recent",Medium Risk
17098,3,0,3,0.0,Likely to Exit,110.38,6.1322,591.07,3,197.02,2.488,403,19,0.1579,2010-06-17,2010-11-23,,Insufficient History,2,"Mid-Value, Unreliable, Lapsed",High Risk
17099,1,1,0,100.0,Very Loyal,127.12,3.178,582.17,1,582.17,4.2426,555,19,0.0526,2010-06-24,2010-06-24,,Insufficient History,2,"Mid-Value, Unreliable, Lapsed",Low Risk
17100,1,1,0,100.0,Very Loyal,126.32,1.9434,971.74,2,485.87,1.0,40,2,1.0,2011-11-21,2011-11-21,,Insufficient History,1,"Mid-Value, Unreliable, Recent",Low Risk
17101,6,0,6,0.0,Likely to Exit,253.55,3.4733,2507.05,7,358.15,1.7438,32,19,0.3684,2010-06-07,2011-11-29,,Insufficient History,1,"Mid-Value, Unreliable, Recent",High Risk
17102,1,0,1,0.0,Likely to Exit,12.75,12.75,25.5,1,25.5,3.0,283,10,0.1,2011-03-23,2011-03-23,,Insufficient History,2,"Mid-Value, Unreliable, Lapsed",High Risk
17103,1,0,1,0.0,Likely to Exit,53.98,1.6869,424.3,1,424.3,4.899,744,25,0.04,2009-12-17,2009-12-17,,Insufficient History,2,"Mid-Value, Unreliable, Lapsed",High Risk
17104,1,0,1,0.0,Likely to Exit,86.39,4.5468,474.03,1,474.03,3.7417,445,15,0.0667,2010-10-12,2010-10-12,,Insufficient History,2,"Mid-Value, Unreliable, Lapsed",High Risk
17105,2,0,2,0.0,Likely to Exit,175.01,1.9446,665.78,2,332.89,2.1234,181,11,0.1818,2011-02-06,2011-07-03,0.0,Declining,1,"Mid-Value, Unreliable, Recent",High Risk
17106,1,1,0,100.0,Very Loyal,238.94,4.5083,491.23,1,491.23,3.6056,411,14,0.0714,2010-11-15,2010-11-15,,Insufficient History,2,"Mid-Value, Unreliable, Lapsed",Low Risk
17107,9,9,0,100.0,Very Loyal,2186.71,3.1876,15616.82,13,1201.29,1.373,54,24,0.5417,2010-01-31,2011-11-07,0.424,Declining,0,"High-Value, Reliable, Recent",Low Risk
17108,1,0,1,0.0,Likely to Exit,47.25,5.25,174.95,1,174.95,4.6904,685,23,0.0435,2010-02-14,2010-02-14,,Insufficient History,2,"Mid-Value, Unreliable, Lapsed",High Risk
17109,5,2,3,40.0,At Risk,356.72,2.4772,1280.1,10,128.01,1.8424,51,18,0.5556,2010-07-30,2011-11-10,,Insufficient History,0,"High-Value, Reliable, Recent",Medium Risk
17110,3,0,3,0.0,Likely to Exit,212.9,4.1745,510.7,3,170.23,2.4686,187,21,0.1429,2010-04-08,2011-06-27,,Insufficient History,1,"Mid-Value, Unreliable, Recent",High Risk
17111,2,0,2,0.0,Likely to Exit,79.57,1.6239,476.58,2,238.29,2.5523,69,15,0.1333,2010-10-10,2011-10-23,,Insufficient History,1,"Mid-Value, Unreliable, Recent",High Risk
17112,1,0,1,0.0,Likely to Exit,98.82,1.9764,205.17,1,205.17,4.1231,524,18,0.0556,2010-07-25,2010-07-25,,Insufficient History,2,"Mid-Value, Unreliable, Lapsed",High Risk
17113,5,2,3,40.0,At Risk,724.28,4.2109,2109.16,8,263.64,2.6137,527,24,0.3333,2010-01-11,2010-07-22,,Insufficient History,2,"Mid-Value, Unreliable, Lapsed",Medium Risk
17114,8,3,5,37.5,Likely to Exit,696.83,5.1617,747.22,10,74.72,0.8247,27,12,0.8333,2011-01-09,2011-12-04,1.831,Increasing,1,"Mid-Value, Unreliable, Recent",Medium Risk
17115,9,1,8,11.11,Likely to Exit,670.81,5.2001,2616.29,13,201.25,1.8595,30,25,0.52,2009-12-05,2011-12-01,,Insufficient History,0,"High-Value, Reliable, Recent",High Risk
17116,1,0,1,0.0,Likely to Exit,72.13,1.5347,389.78,1,389.78,4.5826,670,22,0.0455,2010-03-01,2010-03-01,,Insufficient History,2,"Mid-Value, Unreliable, Lapsed",High Risk
17117,1,0,1,0.0,Likely to Exit,35.7,3.9667,116.2,1,116.2,3.1623,310,11,0.0909,2011-02-24,2011-02-24,,Insufficient History,2,"Mid-Value, Unreliable, Lapsed",High Risk
17118,1,0,1,0.0,Likely to Exit,13.58,1.358,157.02,1,157.02,3.3166,339,12,0.0833,2011-01-26,2011-01-26,,Insufficient History,2,"Mid-Value, Unreliable, Lapsed",High Risk
17119,2,1,1,50.0,At Risk,131.96,3.4726,593.61,3,197.87,1.2117,25,3,1.0,2011-10-11,2011-12-06,,Insufficient History,1,"Mid-Value, Unreliable, Recent",Medium Risk
17120,1,0,1,0.0,Likely to Exit,79.13,4.3961,307.46,1,307.46,2.8284,255,9,0.1111,2011-04-20,2011-04-20,,Insufficient History,1,"Mid-Value, Unreliable, Recent",High Risk
17121,1,0,1,0.0,Likely to Exit,44.84,3.7367,314.74,1,314.74,3.6056,424,14,0.0714,2010-11-02,2010-11-02,,Insufficient History,2,"Mid-Value, Unreliable, Lapsed",High Risk
17122,4,0,4,0.0,Likely to Exit,51.71,1.7237,570.5,4,142.63,2.0752,141,18,0.2222,2010-07-28,2011-08-12,0.0,Declining,1,"Mid-Value, Unreliable, Recent",High Risk
17123,3,0,3,0.0,Likely to Exit,84.39,1.9626,977.17,3,325.72,2.4669,183,20,0.15,2010-05-16,2011-07-01,0.0,Declining,1,"Mid-Value, Unreliable, Recent",High Risk
17124,1,1,0,100.0,Very Loyal,109.94,3.4356,298.89,1,298.89,2.4495,207,7,0.1429,2011-06-07,2011-06-07,,Insufficient History,1,"Mid-Value, Unreliable, Recent",Low Risk
17125,1,1,0,100.0,Very Loyal,138.74,3.4685,259.35,1,259.35,1.4142,72,3,0.3333,2011-10-20,2011-10-20,,Insufficient History,1,"Mid-Value, Unreliable, Recent",Low Risk
17126,6,5,1,83.33,Very Loyal,1007.04,2.1112,2057.54,11,187.05,1.4282,174,17,0.6471,2010-08-31,2011-07-10,0.0,Declining,0,"High-Value, Reliable, Recent",Low Risk
17127,5,0,5,0.0,Likely to Exit,151.94,4.1065,1155.03,5,231.01,2.1631,450,25,0.2,2009-12-04,2010-10-07,,Insufficient History,1,"Mid-Value, Unreliable, Recent",High Risk
17128,1,0,1,0.0,Likely to Exit,55.79,3.985,157.09,1,157.09,3.3166,356,12,0.0833,2011-01-09,2011-01-09,,Insufficient History,2,"Mid-Value, Unreliable, Lapsed",High Risk
17129,1,0,1,0.0,Likely to Exit,13.45,6.725,31.85,1,31.85,4.1231,542,18,0.0556,2010-07-07,2010-07-07,,Insufficient History,2,"Mid-Value, Unreliable, Lapsed",High Risk
17130,1,0,1,0.0,Likely to Exit,18.38,18.38,-18.38,1,-18.38,0.0,704,24,0.0417,2010-01-26,2010-01-26,,Insufficient History,3,"Low-Value, Reliable, Lapsed",High Risk
17131,4,3,1,75.0,Likely to Stay,471.6,3.5194,2463.17,5,492.63,0.5751,27,4,1.25,2011-09-25,2011-12-04,,Insufficient History,0,"High-Value, Reliable, Recent",Low Risk
17132,2,2,0,100.0,Very Loyal,255.46,3.2751,1272.8,2,636.4,2.7447,474,17,0.1176,2010-08-08,2010-09-13,,Insufficient History,2,"Mid-Value, Unreliable, Lapsed",Low Risk
17133,10,0,10,0.0,Likely to Exit,123.06,1.9533,12972.09,13,997.85,1.3203,37,22,0.5909,2010-03-21,2011-11-24,0.455,Declining,0,"High-Value, Reliable, Recent",High Risk
17134,3,1,2,33.33,Likely to Exit,203.55,5.5014,637.1,3,212.37,2.3305,128,16,0.1875,2010-09-23,2011-08-25,0.0,Declining,1,"Mid-Value, Unreliable, Recent",Medium Risk
17135,8,1,7,12.5,Likely to Exit,452.78,2.8123,1943.24,11,176.66,1.4965,38,20,0.55,2010-05-09,2011-11-23,,Insufficient History,0,"High-Value, Reliable, Recent",High Risk
17136,1,0,1,0.0,Likely to Exit,39.26,2.8043,231.68,1,231.68,4.6904,684,23,0.0435,2010-02-15,2010-02-15,,Insufficient History,2,"Mid-Value, Unreliable, Lapsed",High Risk
17137,5,2,3,40.0,At Risk,377.11,2.1427,1133.63,6,188.94,2.1707,438,24,0.25,2010-01-31,2010-10-19,,Insufficient History,1,"Mid-Value, Unreliable, Recent",Medium Risk
17138,6,4,2,66.67,Likely to Stay,1009.11,3.9418,4417.27,7,631.04,2.2529,297,23,0.3043,2010-02-04,2011-03-09,,Insufficient History,0,"High-Value, Reliable, Recent",Low Risk
17139,16,8,8,50.0,At Risk,2991.59,3.6527,19491.61,29,672.12,0.8834,37,24,1.2083,2010-01-11,2011-11-24,0.833,Declining,0,"High-Value, Reliable, Recent",Medium Risk
17140,1,0,1,0.0,Likely to Exit,50.05,2.5025,465.32,1,465.32,2.8284,269,9,0.1111,2011-04-06,2011-04-06,,Insufficient History,1,"Mid-Value, Unreliable, Recent",High Risk
17141,2,2,0,100.0,Very Loyal,509.71,2.9294,754.33,4,188.58,3.3275,440,24,0.1667,2010-01-24,2010-10-17,,Insufficient History,2,"Mid-Value, Unreliable, Lapsed",Low Risk
17142,4,2,2,50.0,At Risk,591.65,6.5739,1283.75,4,320.94,2.511,261,24,0.1667,2010-01-24,2011-04-14,,Insufficient History,1,"Mid-Value, Unreliable, Recent",Medium Risk
17143,2,2,0,100.0,Very Loyal,416.14,3.4392,924.11,2,462.06,3.1108,439,18,0.1111,2010-07-12,2010-10-18,,Insufficient History,2,"Mid-Value, Unreliable, Lapsed",Low Risk
17144,2,2,0,100.0,Very Loyal,253.24,5.2758,984.57,2,492.28,1.0434,23,4,0.5,2011-09-16,2011-12-08,,Insufficient History,1,"Mid-Value, Unreliable, Recent",Low Risk
17145,3,2,1,66.67,Likely to Stay,544.15,2.9255,3014.64,7,430.66,3.5466,487,23,0.3043,2010-02-19,2010-08-31,,Insufficient History,2,"Mid-Value, Unreliable, Lapsed",Low Risk
17146,11,3,8,27.27,Likely to Exit,1381.6,4.4712,5795.99,16,362.25,1.4784,127,23,0.6957,2010-02-02,2011-08-26,0.0,Declining,0,"High-Value, Reliable, Recent",High Risk
17147,10,1,9,10.0,Likely to Exit,653.88,4.4482,3069.15,16,191.82,1.4073,44,24,0.6667,2010-01-11,2011-11-17,0.971,Stable,0,"High-Value, Reliable, Recent",High Risk
17148,1,0,1,0.0,Likely to Exit,14.58,1.62,124.88,1,124.88,1.4142,73,3,0.3333,2011-10-19,2011-10-19,,Insufficient History,1,"Mid-Value, Unreliable, Recent",High Risk
17149,1,0,1,0.0,Likely to Exit,47.7,7.95,143.1,1,143.1,3.873,473,16,0.0625,2010-09-14,2010-09-14,,Insufficient History,2,"Mid-Value, Unreliable, Lapsed",High Risk
17150,5,2,3,40.0,At Risk,464.79,4.9977,1375.65,6,229.27,2.0608,398,25,0.24,2009-12-06,2010-11-28,,Insufficient History,1,"Mid-Value, Unreliable, Recent",Medium Risk
17151,1,0,1,0.0,Likely to Exit,22.3,5.575,231.9,1,231.9,4.899,757,25,0.04,2009-12-04,2009-12-04,,Insufficient History,2,"Mid-Value, Unreliable, Lapsed",High Risk
17152,3,0,3,0.0,Likely to Exit,68.96,3.8311,1830.5,5,366.1,2.5928,216,15,0.3333,2010-10-10,2011-05-29,,Insufficient History,1,"Mid-Value, Unreliable, Recent",High Risk
17153,1,0,1,0.0,Likely to Exit,39.05,2.7893,213.78,1,213.78,1.0,46,2,0.5,2011-11-15,2011-11-15,,Insufficient History,1,"Mid-Value, Unreliable, Recent",High Risk
17154,1,0,1,0.0,Likely to Exit,25.46,1.107,329.34,1,329.34,1.7321,97,4,0.25,2011-09-25,2011-09-25,,Insufficient History,1,"Mid-Value, Unreliable, Recent",High Risk
17155,6,0,6,0.0,Likely to Exit,138.96,1.9036,892.46,7,127.49,1.9588,39,25,0.28,2009-12-03,2011-11-22,,Insufficient History,1,"Mid-Value, Unreliable, Recent",High Risk
17156,1,0,1,0.0,Likely to Exit,87.12,2.1249,572.07,2,286.04,4.0,506,17,0.1176,2010-08-05,2010-08-12,,Insufficient History,2,"Mid-Value, Unreliable, Lapsed",High Risk
17157,9,0,9,0.0,Likely to Exit,425.3,2.9741,5139.45,20,256.97,1.8624,29,25,0.8,2009-12-04,2011-12-02,,Insufficient History,0,"High-Value, Reliable, Recent",High Risk
17158,5,2,3,40.0,At Risk,415.94,3.6169,1962.3,6,327.05,1.9218,54,22,0.2727,2010-03-07,2011-11-07,,Insufficient History,0,"High-Value, Reliable, Recent",Medium Risk
17159,6,0,6,0.0,Likely to Exit,365.36,2.789,2095.44,6,349.24,1.9605,43,22,0.2727,2010-03-04,2011-11-18,1.527,Increasing,1,"Mid-Value, Unreliable, Recent",High Risk
17160,14,3,11,21.43,Likely to Exit,1067.76,1.6302,10201.36,18,566.74,1.2246,53,25,0.72,2009-12-04,2011-11-08,0.288,Declining,0,"High-Value, Reliable, Recent",High Risk
17161,1,1,0,100.0,Very Loyal,132.43,2.5467,856.01,1,856.01,3.873,466,16,0.0625,2010-09-21,2010-09-21,,Insufficient History,2,"Mid-Value, Unreliable, Lapsed",Low Risk
17162,6,1,5,16.67,Likely to Exit,406.57,3.8721,1707.21,11,155.2,0.9917,50,11,1.0,2011-02-07,2011-11-11,0.844,Declining,0,"High-Value, Reliable, Recent",High Risk
17163,4,0,4,0.0,Likely to Exit,50.01,1.667,699.78,4,174.94,2.3055,43,23,0.1739,2010-02-02,2011-11-18,1.381,Increasing,1,"Mid-Value, Unreliable, Recent",High Risk
17164,6,1,5,16.67,Likely to Exit,359.27,2.4777,2466.4,8,308.3,1.1109,54,10,0.8,2011-03-11,2011-11-07,0.419,Declining,0,"High-Value, Reliable, Recent",High Risk
17165,7,1,6,14.29,Likely to Exit,441.19,4.2834,1783.63,8,222.95,1.8794,306,25,0.32,2009-12-11,2011-02-28,,Insufficient History,1,"Mid-Value, Unreliable, Recent",High Risk
17166,2,0,2,0.0,Likely to Exit,49.28,3.52,189.49,3,63.16,1.7956,60,8,0.375,2011-05-20,2011-11-01,,Insufficient History,1,"Mid-Value, Unreliable, Recent",High Risk
17167,3,1,2,33.33,Likely to Exit,247.29,3.1303,867.11,3,289.04,2.0894,401,16,0.1875,2010-09-20,2010-11-25,,Insufficient History,1,"Mid-Value, Unreliable, Recent",Medium Risk
17168,1,0,1,0.0,Likely to Exit,68.85,3.2786,400.2,1,400.2,4.1231,520,18,0.0556,2010-07-29,2010-07-29,,Insufficient History,2,"Mid-Value, Unreliable, Lapsed",High Risk
17169,3,0,3,0.0,Likely to Exit,251.91,2.9636,1129.88,6,188.31,2.4732,72,20,0.3,2010-05-10,2011-10-20,,Insufficient History,1,"Mid-Value, Unreliable, Recent",High Risk
17170,1,0,1,0.0,Likely to Exit,23.72,2.1564,118.98,3,39.66,3.6056,396,14,0.2143,2010-11-02,2010-11-30,,Insufficient History,2,"Mid-Value, Unreliable, Lapsed",High Risk
17171,2,0,2,0.0,Likely to Exit,101.72,4.0688,384.59,2,192.29,3.291,311,23,0.087,2010-02-16,2011-02-23,,Insufficient History,2,"Mid-Value, Unreliable, Lapsed",High Risk
17172,4,0,4,0.0,Likely to Exit,50.84,1.1823,910.99,6,151.83,2.7111,96,25,0.24,2009-12-13,2011-09-26,0.0,Declining,1,"Mid-Value, Unreliable, Recent",High Risk
17173,5,0,5,0.0,Likely to Exit,330.45,3.7983,3755.65,9,417.29,0.6462,27,6,1.5,2011-07-31,2011-12-04,2.952,Increasing,0,"High-Value, Reliable, Recent",High Risk
17174,1,0,1,0.0,Likely to Exit,6.65,1.6625,59.9,1,59.9,2.6458,239,8,0.125,2011-05-06,2011-05-06,,Insufficient History,2,"Mid-Value, Unreliable, Lapsed",High Risk
17175,4,1,3,25.0,Likely to Exit,270.72,4.23,1430.94,5,286.19,1.3879,66,11,0.4545,2011-02-16,2011-10-26,1.043,Stable,1,"Mid-Value, Unreliable, Recent",High Risk
17176,3,0,3,0.0,Likely to Exit,97.42,2.3195,902.32,3,300.77,2.6475,223,24,0.125,2010-01-31,2011-05-22,,Insufficient History,1,"Mid-Value, Unreliable, Recent",High Risk
17177,1,0,1,0.0,Likely to Exit,98.55,3.3983,119.5,1,119.5,4.1231,527,18,0.0556,2010-07-22,2010-07-22,,Insufficient History,2,"Mid-Value, Unreliable, Lapsed",High Risk
17178,1,1,0,100.0,Very Loyal,168.39,5.2622,436.71,1,436.71,4.899,753,25,0.04,2009-12-08,2009-12-08,,Insufficient History,2,"Mid-Value, Unreliable, Lapsed",Low Risk
17179,6,0,6,0.0,Likely to Exit,362.45,2.294,1507.26,6,251.21,1.5633,200,20,0.3,2010-05-26,2011-06-14,,Insufficient History,1,"Mid-Value, Unreliable, Recent",High Risk
17180,10,3,7,30.0,Likely to Exit,830.04,2.0049,2236.33,14,159.74,1.2506,78,24,0.5833,2010-01-21,2011-10-14,,Insufficient History,0,"High-Value, Reliable, Recent",Medium Risk
17181,3,0,3,0.0,Likely to Exit,132.21,4.407,465.37,3,155.12,3.0897,79,21,0.1429,2010-04-23,2011-10-13,,Insufficient History,1,"Mid-Value, Unreliable, Recent",High Risk
17182,2,0,2,0.0,Likely to Exit,35.7,5.95,321.3,2,160.65,3.4138,444,25,0.08,2009-12-21,2010-10-13,,Insufficient History,2,"Mid-Value, Unreliable, Lapsed",High Risk
17183,4,1,3,25.0,Likely to Exit,318.52,4.1911,3286.91,8,410.86,0.6819,29,5,1.6,2011-08-26,2011-12-02,,Insufficient History,0,"High-Value, Reliable, Recent",High Risk
17184,2,0,2,0.0,Likely to Exit,55.33,3.9521,198.41,2,99.2,3.8088,591,25,0.08,2009-12-09,2010-05-19,,Insufficient History,2,"Mid-Value, Unreliable, Lapsed",High Risk
17185,1,0,1,0.0,Likely to Exit,87.81,1.9957,229.46,3,76.49,4.4721,613,21,0.1429,2010-04-20,2010-04-27,,Insufficient History,2,"Mid-Value, Unreliable, Lapsed",High Risk
17186,1,0,1,0.0,Likely to Exit,1.44,0.72,144.0,2,72.0,1.4142,68,3,0.6667,2011-10-10,2011-10-24,,Insufficient History,1,"Mid-Value, Unreliable, Recent",High Risk
17187,2,0,2,0.0,Likely to Exit,61.88,2.6904,467.71,2,233.85,2.8543,248,18,0.1111,2010-07-01,2011-04-27,,Insufficient History,1,"Mid-Value, Unreliable, Recent",High Risk
17188,11,0,11,0.0,Likely to Exit,514.81,2.8286,4361.83,17,256.58,1.3763,33,25,0.68,2009-12-08,2011-11-28,,Insufficient History,0,"High-Value, Reliable, Recent",High Risk
17189,4,0,4,0.0,Likely to Exit,283.27,2.303,957.63,5,191.53,2.631,128,25,0.2,2009-12-02,2011-08-25,0.0,Declining,1,"Mid-Value, Unreliable, Recent",High Risk
17190,6,4,2,66.67,Likely to Stay,971.29,4.9556,1548.04,8,193.5,1.9882,80,22,0.3636,2010-03-05,2011-10-12,,Insufficient History,0,"High-Value, Reliable, Recent",Low Risk
17191,11,5,6,45.45,At Risk,1642.0,2.8507,4810.55,16,300.66,1.3635,50,25,0.64,2009-12-01,2011-11-11,1.374,Increasing,0,"High-Value, Reliable, Recent",Medium Risk
17192,1,0,1,0.0,Likely to Exit,63.27,3.0129,77.83,1,77.83,4.2426,558,19,0.0526,2010-06-21,2010-06-21,,Insufficient History,2,"Mid-Value, Unreliable, Lapsed",High Risk
17193,6,0,6,0.0,Likely to Exit,125.55,2.6156,2254.6,12,187.88,2.4431,57,25,0.48,2009-12-02,2011-11-04,3.127,Increasing,0,"High-Value, Reliable, Recent",High Risk
17194,3,2,1,66.67,Likely to Stay,222.4,3.6459,812.5,3,270.83,3.089,295,19,0.1579,2010-06-27,2011-03-11,,Insufficient History,2,"Mid-Value, Unreliable, Lapsed",Low Risk
17195,1,0,1,0.0,Likely to Exit,49.49,1.5965,562.98,1,562.98,4.6904,677,23,0.0435,2010-02-22,2010-02-22,,Insufficient History,2,"Mid-Value, Unreliable, Lapsed",High Risk
17196,1,1,0,100.0,Very Loyal,250.95,2.413,352.9,1,352.9,3.7417,449,15,0.0667,2010-10-08,2010-10-08,,Insufficient History,2,"Mid-Value, Unreliable, Lapsed",Low Risk
17197,1,1,0,100.0,Very Loyal,159.76,5.509,1013.01,1,1013.01,1.0,51,2,0.5,2011-11-10,2011-11-10,,Insufficient History,1,"Mid-Value, Unreliable, Recent",Low Risk
17198,2,1,1,50.0,At Risk,511.49,2.9566,1213.88,3,404.63,2.9766,45,13,0.2308,2010-12-03,2011-11-16,,Insufficient History,1,"Mid-Value, Unreliable, Recent",Medium Risk
17199,1,0,1,0.0,Likely to Exit,7.19,0.7989,145.12,1,145.12,4.3589,604,20,0.05,2010-05-06,2010-05-06,,Insufficient History,2,"Mid-Value, Unreliable, Lapsed",High Risk
17200,2,0,2,0.0,Likely to Exit,53.73,2.1492,356.71,4,89.18,3.2502,409,23,0.1739,2010-02-25,2010-11-17,,Insufficient History,2,"Mid-Value, Unreliable, Lapsed",High Risk
17201,4,2,2,50.0,At Risk,462.83,2.475,1226.44,5,245.29,2.3507,75,23,0.2174,2010-02-10,2011-10-17,,Insufficient History,1,"Mid-Value, Unreliable, Recent",Medium Risk
17202,1,0,1,0.0,Likely to Exit,23.5,2.9375,160.65,1,160.65,3.7417,442,15,0.0667,2010-10-15,2010-10-15,,Insufficient History,2,"Mid-Value, Unreliable, Lapsed",High Risk
17203,3,2,1,66.67,Likely to Stay,520.53,1.9279,5575.88,10,557.59,2.0578,57,14,0.7143,2010-11-16,2011-11-04,,Insufficient History,0,"High-Value, Reliable, Recent",Low Risk
17204,8,4,4,50.0,At Risk,794.66,4.1824,5263.69,15,350.91,1.8731,191,19,0.7895,2010-06-10,2011-06-23,,Insufficient History,0,"High-Value, Reliable, Recent",Medium Risk
17205,3,0,3,0.0,Likely to Exit,30.08,0.8594,999.35,3,333.12,2.4057,75,20,0.15,2010-05-24,2011-10-17,,Insufficient History,1,"Mid-Value, Unreliable, Recent",High Risk
17206,1,0,1,0.0,Likely to Exit,19.52,2.7886,204.24,1,204.24,1.4142,75,3,0.3333,2011-10-17,2011-10-17,,Insufficient History,1,"Mid-Value, Unreliable, Recent",High Risk
17207,1,1,0,100.0,Very Loyal,130.67,1.9503,303.22,1,303.22,4.6904,674,23,0.0435,2010-02-25,2010-02-25,,Insufficient History,2,"Mid-Value, Unreliable, Lapsed",Low Risk
17208,1,0,1,0.0,Likely to Exit,45.84,1.91,115.35,1,115.35,3.6056,417,14,0.0714,2010-11-09,2010-11-09,,Insufficient History,2,"Mid-Value, Unreliable, Lapsed",High Risk
17209,2,0,2,0.0,Likely to Exit,104.25,2.6063,611.6,3,203.87,3.4795,671,25,0.12,2009-12-03,2010-02-28,,Insufficient History,2,"Mid-Value, Unreliable, Lapsed",High Risk
17210,1,0,1,0.0,Likely to Exit,72.94,1.3507,253.37,1,253.37,3.6056,414,14,0.0714,2010-11-12,2010-11-12,,Insufficient History,2,"Mid-Value, Unreliable, Lapsed",High Risk
17211,9,6,3,66.67,Likely to Stay,1137.54,2.9935,4002.1,15,266.81,1.6814,48,25,0.6,2009-12-13,2011-11-13,,Insufficient History,0,"High-Value, Reliable, Recent",Low Risk
17212,3,0,3,0.0,Likely to Exit,50.7,1.7483,794.41,3,264.8,2.4874,275,17,0.1765,2010-08-10,2011-03-31,,Insufficient History,1,"Mid-Value, Unreliable, Recent",High Risk
17213,11,5,6,45.45,At Risk,1194.84,4.0095,5078.93,20,253.95,1.6195,62,25,0.8,2009-12-08,2011-10-30,1.188,Increasing,0,"High-Value, Reliable, Recent",Medium Risk
17214,5,2,3,40.0,At Risk,628.17,6.0401,984.12,7,140.59,1.3123,82,13,0.5385,2010-12-15,2011-10-10,1.239,Increasing,1,"Mid-Value, Unreliable, Recent",Medium Risk
17215,1,0,1,0.0,Likely to Exit,27.7,2.5182,186.15,1,186.15,3.873,486,16,0.0625,2010-09-01,2010-09-01,,Insufficient History,2,"Mid-Value, Unreliable, Lapsed",High Risk
17216,1,0,1,0.0,Likely to Exit,42.85,3.0607,65.05,1,65.05,4.2426,576,19,0.0526,2010-06-03,2010-06-03,,Insufficient History,2,"Mid-Value, Unreliable, Lapsed",High Risk
17217,2,0,2,0.0,Likely to Exit,86.05,2.9672,218.0,2,109.0,3.1652,256,22,0.0909,2010-03-30,2011-04-19,,Insufficient History,2,"Mid-Value, Unreliable, Lapsed",High Risk
17218,12,4,8,33.33,Likely to Exit,1459.63,2.7802,4192.68,18,232.93,1.5011,26,24,0.75,2010-01-25,2011-12-05,1.457,Increasing,0,"High-Value, Reliable, Recent",Medium Risk
17219,2,0,2,0.0,Likely to Exit,84.79,1.6958,259.13,2,129.56,2.57,53,15,0.1333,2010-10-19,2011-11-08,,Insufficient History,1,"Mid-Value, Unreliable, Recent",High Risk
17220,13,10,3,76.92,Likely to Stay,1625.68,2.3872,4481.75,21,213.42,0.95,46,24,0.875,2010-01-20,2011-11-15,0.5,Declining,0,"High-Value, Reliable, Recent",Low Risk
17221,3,1,2,33.33,Likely to Exit,286.65,2.275,978.52,5,195.7,3.0602,29,21,0.2381,2010-04-11,2011-12-02,,Insufficient History,1,"Mid-Value, Unreliable, Recent",Medium Risk
17222,5,0,5,0.0,Likely to Exit,345.74,3.0596,1605.01,6,267.5,2.1976,87,24,0.25,2010-01-10,2011-10-05,,Insufficient History,1,"Mid-Value, Unreliable, Recent",High Risk
17223,3,1,2,33.33,Likely to Exit,466.1,4.6149,873.53,3,291.18,2.4612,332,14,0.2143,2010-11-29,2011-02-02,,Insufficient History,1,"Mid-Value, Unreliable, Recent",Medium Risk
17224,1,0,1,0.0,Likely to Exit,57.14,7.1425,100.86,1,100.86,4.1231,523,18,0.0556,2010-07-26,2010-07-26,,Insufficient History,2,"Mid-Value, Unreliable, Lapsed",High Risk
17225,1,0,1,0.0,Likely to Exit,16.3,3.26,131.15,1,131.15,4.3589,603,20,0.05,2010-05-07,2010-05-07,,Insufficient History,2,"Mid-Value, Unreliable, Lapsed",High Risk
17226,3,0,3,0.0,Likely to Exit,157.79,2.5867,900.12,3,300.04,2.9537,330,23,0.1304,2010-02-12,2011-02-04,,Insufficient History,2,"Mid-Value, Unreliable, Lapsed",High Risk
17227,12,0,12,0.0,Likely to Exit,154.98,1.2398,2022.03,12,168.5,1.1272,40,24,0.5,2010-01-15,2011-11-21,2.339,Increasing,0,"High-Value, Reliable, Recent",High Risk
17228,10,1,9,10.0,Likely to Exit,650.9,1.8182,3177.24,13,244.4,1.3518,37,22,0.5909,2010-03-12,2011-11-24,2.305,Increasing,0,"High-Value, Reliable, Recent",High Risk
17229,2,0,2,0.0,Likely to Exit,94.42,2.0089,318.76,2,159.38,1.4143,118,6,0.3333,2011-07-20,2011-09-04,0.0,Declining,1,"Mid-Value, Unreliable, Recent",High Risk
17230,10,5,5,50.0,At Risk,916.18,3.9834,9695.91,23,421.56,2.1589,286,25,0.92,2009-12-08,2011-03-20,,Insufficient History,0,"High-Value, Reliable, Recent",Medium Risk
17231,20,16,4,80.0,Very Loyal,3652.0,2.9169,7091.07,35,202.6,0.6997,34,25,1.4,2009-12-07,2011-11-27,5.966,Increasing,0,"High-Value, Reliable, Recent",Low Risk
17232,2,0,2,0.0,Likely to Exit,95.63,2.6564,421.52,2,210.76,0.0129,24,2,1.0,2011-11-25,2011-12-07,,Insufficient History,1,"Mid-Value, Unreliable, Recent",High Risk
17233,3,0,3,0.0,Likely to Exit,164.77,2.8409,560.86,3,186.95,2.7093,57,25,0.12,2009-12-15,2011-11-04,,Insufficient History,1,"Mid-Value, Unreliable, Recent",High Risk
17234,1,0,1,0.0,Likely to Exit,51.77,3.6979,149.89,1,149.89,2.4495,204,7,0.1429,2011-06-10,2011-06-10,,Insufficient History,1,"Mid-Value, Unreliable, Recent",High Risk
17235,6,0,6,0.0,Likely to Exit,280.82,2.8366,1904.88,8,238.11,1.814,47,19,0.4211,2010-06-04,2011-11-14,,Insufficient History,1,"Mid-Value, Unreliable, Recent",High Risk
17236,11,1,10,9.09,Likely to Exit,561.55,3.5541,1929.26,12,160.77,1.1675,34,22,0.5455,2010-03-07,2011-11-27,,Insufficient History,0,"High-Value, Reliable, Recent",High Risk
17237,2,1,1,50.0,At Risk,254.5,3.1812,1002.08,4,250.52,2.6398,33,14,0.2857,2010-11-23,2011-11-28,,Insufficient History,1,"Mid-Value, Unreliable, Recent",Medium Risk
17238,18,9,9,50.0,At Risk,3437.47,2.7924,7783.1,32,243.22,0.8908,24,25,1.28,2009-12-01,2011-12-07,2.249,Increasing,0,"High-Value, Reliable, Recent",Medium Risk
17239,6,0,6,0.0,Likely to Exit,118.25,3.4779,1174.15,6,195.69,2.3696,334,25,0.24,2009-12-10,2011-01-31,,Insufficient History,1,"Mid-Value, Unreliable, Recent",High Risk
17240,1,0,1,0.0,Likely to Exit,11.35,1.6214,130.6,1,130.6,4.4721,618,21,0.0476,2010-04-22,2010-04-22,,Insufficient History,2,"Mid-Value, Unreliable, Lapsed",High Risk
17241,8,2,6,25.0,Likely to Exit,794.28,4.6449,2744.14,12,228.68,1.8533,407,23,0.5217,2010-02-15,2010-11-19,,Insufficient History,0,"High-Value, Reliable, Recent",High Risk
17242,5,0,5,0.0,Likely to Exit,180.29,2.1463,2889.28,5,577.86,2.0108,130,24,0.2083,2010-01-24,2011-08-23,0.0,Declining,1,"Mid-Value, Unreliable, Recent",High Risk
17243,24,20,4,83.33,Very Loyal,4942.29,4.279,20709.21,80,258.87,0.9922,23,25,3.2,2009-12-01,2011-12-08,2.864,Increasing,0,"High-Value, Reliable, Recent",Low Risk
17244,3,2,1,66.67,Likely to Stay,298.22,2.4852,1826.04,5,365.21,3.0233,75,25,0.2,2009-12-06,2011-10-17,,Insufficient History,1,"Mid-Value, Unreliable, Recent",Low Risk
17245,2,0,2,0.0,Likely to Exit,47.24,1.8896,371.63,2,185.81,3.3274,226,24,0.0833,2010-01-19,2011-05-19,,Insufficient History,2,"Mid-Value, Unreliable, Lapsed",High Risk
17246,2,0,2,0.0,Likely to Exit,22.41,3.735,38.92,2,19.46,3.4689,568,25,0.08,2009-12-01,2010-06-11,,Insufficient History,2,"Mid-Value, Unreliable, Lapsed",High Risk
17247,1,1,0,100.0,Very Loyal,180.51,3.282,282.19,1,282.19,1.0,37,2,0.5,2011-11-24,2011-11-24,,Insufficient History,1,"Mid-Value, Unreliable, Recent",Low Risk
17248,2,2,0,100.0,Very Loyal,262.45,2.2432,546.16,2,273.08,2.7815,142,17,0.1176,2010-08-15,2011-08-11,0.0,Declining,1,"Mid-Value, Unreliable, Recent",Low Risk
17249,1,0,1,0.0,Likely to Exit,39.75,1.4722,68.03,1,68.03,3.7417,450,15,0.0667,2010-10-07,2010-10-07,,Insufficient History,2,"Mid-Value, Unreliable, Lapsed",High Risk
17250,2,0,2,0.0,Likely to Exit,171.8,3.014,384.52,2,192.26,2.0294,25,10,0.2,2011-03-23,2011-12-06,,Insufficient History,1,"Mid-Value, Unreliable, Recent",High Risk
17251,3,1,2,33.33,Likely to Exit,290.97,3.5484,803.73,4,200.93,2.734,384,25,0.16,2009-12-15,2010-12-12,,Insufficient History,2,"Mid-Value, Unreliable, Lapsed",Medium Risk
17252,2,1,1,50.0,At Risk,241.24,2.7729,353.86,2,176.93,2.3548,138,7,0.2857,2011-06-06,2011-08-15,0.0,Declining,1,"Mid-Value, Unreliable, Recent",Medium Risk
17253,1,1,0,100.0,Very Loyal,101.06,5.6144,178.26,1,178.26,1.0,40,2,0.5,2011-11-21,2011-11-21,,Insufficient History,1,"Mid-Value, Unreliable, Recent",Low Risk
17254,3,0,3,0.0,Likely to Exit,235.74,1.5928,470.73,3,156.91,1.9939,26,14,0.2143,2010-11-03,2011-12-05,,Insufficient History,1,"Mid-Value, Unreliable, Recent",High Risk
17255,4,1,3,25.0,Likely to Exit,391.71,2.0616,799.13,4,199.78,2.0448,62,16,0.25,2010-09-19,2011-10-30,,Insufficient History,1,"Mid-Value, Unreliable, Recent",High Risk
17256,4,0,4,0.0,Likely to Exit,67.36,2.1729,498.93,5,99.79,2.0896,129,21,0.2381,2010-04-18,2011-08-24,0.0,Declining,1,"Mid-Value, Unreliable, Recent",High Risk
17257,1,0,1,0.0,Likely to Exit,30.7,2.0467,192.73,2,96.37,3.873,458,16,0.125,2010-09-29,2010-09-29,,Insufficient History,2,"Mid-Value, Unreliable, Lapsed",High Risk
17258,2,0,2,0.0,Likely to Exit,142.85,2.5973,417.3,2,208.65,3.4632,418,23,0.087,2010-02-12,2010-11-08,,Insufficient History,2,"Mid-Value, Unreliable, Lapsed",High Risk
17259,5,3,2,60.0,Likely to Stay,854.85,2.5905,1889.34,6,314.89,2.1986,170,23,0.2609,2010-02-22,2011-07-14,0.0,Declining,0,"High-Value, Reliable, Recent",Low Risk
17260,1,0,1,0.0,Likely to Exit,61.15,10.1917,120.95,1,120.95,3.7417,433,15,0.0667,2010-10-24,2010-10-24,,Insufficient History,2,"Mid-Value, Unreliable, Lapsed",High Risk
17261,1,1,0,100.0,Very Loyal,113.34,2.4639,230.44,1,230.44,4.1231,531,18,0.0556,2010-07-18,2010-07-18,,Insufficient History,2,"Mid-Value, Unreliable, Lapsed",Low Risk
17262,9,0,9,0.0,Likely to Exit,98.65,4.6976,2757.62,11,250.69,1.7182,74,25,0.44,2009-12-15,2011-10-18,,Insufficient History,0,"High-Value, Reliable, Recent",High Risk
17263,1,0,1,0.0,Likely to Exit,46.26,2.0113,63.44,1,63.44,2.6458,230,8,0.125,2011-05-15,2011-05-15,,Insufficient History,2,"Mid-Value, Unreliable, Lapsed",High Risk
17264,1,1,0,100.0,Very Loyal,132.45,1.5768,279.59,1,279.59,3.7417,446,15,0.0667,2010-10-11,2010-10-11,,Insufficient History,2,"Mid-Value, Unreliable, Lapsed",Low Risk
17265,2,1,1,50.0,At Risk,295.68,2.3282,562.9,2,281.45,1.7221,160,7,0.2857,2011-06-12,2011-07-24,0.0,Declining,1,"Mid-Value, Unreliable, Recent",Medium Risk
17266,4,1,3,25.0,Likely to Exit,350.92,2.7631,517.73,5,103.55,2.2453,24,22,0.2273,2010-03-09,2011-12-07,1.748,Increasing,1,"Mid-Value, Unreliable, Recent",High Risk
17267,1,1,0,100.0,Very Loyal,129.25,3.4013,317.62,2,158.81,2.0,149,5,0.4,2011-08-04,2011-08-04,,Insufficient History,1,"Mid-Value, Unreliable, Recent",Low Risk
17268,9,0,9,0.0,Likely to Exit,73.89,2.463,1733.89,11,157.63,1.8189,129,25,0.44,2009-12-08,2011-08-24,0.0,Declining,1,"Mid-Value, Unreliable, Recent",High Risk
17269,1,1,0,100.0,Very Loyal,331.38,2.2697,537.46,1,537.46,3.6056,407,14,0.0714,2010-11-19,2010-11-19,,Insufficient History,2,"Mid-Value, Unreliable, Lapsed",Low Risk
17270,2,0,2,0.0,Likely to Exit,135.34,2.762,604.4,2,302.2,3.542,491,25,0.08,2009-12-07,2010-08-27,,Insufficient History,2,"Mid-Value, Unreliable, Lapsed",High Risk
17271,1,1,0,100.0,Very Loyal,143.56,2.7608,210.39,1,210.39,4.899,758,25,0.04,2009-12-03,2009-12-03,,Insufficient History,2,"Mid-Value, Unreliable, Lapsed",Low Risk
17272,3,0,3,0.0,Likely to Exit,215.95,1.8616,2144.53,5,428.91,1.5312,64,10,0.5,2011-03-22,2011-10-28,,Insufficient History,1,"Mid-Value, Unreliable, Recent",High Risk
17273,1,0,1,0.0,Likely to Exit,20.9,1.7417,141.12,1,141.12,3.7417,446,15,0.0667,2010-10-11,2010-10-11,,Insufficient History,2,"Mid-Value, Unreliable, Lapsed",High Risk
17274,2,1,1,50.0,At Risk,221.79,2.8075,577.38,2,288.69,2.9365,57,14,0.1429,2010-11-09,2011-11-04,,Insufficient History,1,"Mid-Value, Unreliable, Recent",Medium Risk
17275,1,0,1,0.0,Likely to Exit,85.61,3.5671,114.52,1,114.52,3.6056,405,14,0.0714,2010-11-21,2010-11-21,,Insufficient History,2,"Mid-Value, Unreliable, Lapsed",High Risk
17276,1,1,0,100.0,Very Loyal,176.24,3.0919,451.34,2,225.67,3.6056,421,14,0.1429,2010-11-02,2010-11-05,,Insufficient History,2,"Mid-Value, Unreliable, Lapsed",Low Risk
17277,2,1,1,50.0,At Risk,231.26,3.3516,1065.35,2,532.68,2.3914,249,12,0.1667,2011-01-21,2011-04-26,,Insufficient History,1,"Mid-Value, Unreliable, Recent",Medium Risk
17278,2,0,2,0.0,Likely to Exit,75.9,4.4647,271.24,2,135.62,3.9534,263,20,0.1,2010-05-23,2011-04-12,,Insufficient History,2,"Mid-Value, Unreliable, Lapsed",High Risk
17279,1,0,1,0.0,Likely to Exit,60.63,6.7367,187.83,1,187.83,1.4142,79,3,0.3333,2011-10-13,2011-10-13,,Insufficient History,1,"Mid-Value, Unreliable, Recent",High Risk
17280,1,0,1,0.0,Likely to Exit,10.08,1.68,118.86,1,118.86,3.873,460,16,0.0625,2010-09-27,2010-09-27,,Insufficient History,2,"Mid-Value, Unreliable, Lapsed",High Risk
17281,6,0,6,0.0,Likely to Exit,16.9,2.8167,797.85,6,132.97,1.8324,396,23,0.2609,2010-02-04,2010-11-30,,Insufficient History,1,"Mid-Value, Unreliable, Recent",High Risk
17282,5,3,2,60.0,Likely to Stay,550.56,2.5371,2339.66,5,467.93,1.8769,152,19,0.2632,2010-06-09,2011-08-01,0.0,Declining,0,"High-Value, Reliable, Recent",Low Risk
17283,1,0,1,0.0,Likely to Exit,35.23,2.3487,188.46,1,188.46,3.6056,400,14,0.0714,2010-11-26,2010-11-26,,Insufficient History,2,"Mid-Value, Unreliable, Lapsed",High Risk
17284,7,3,4,42.86,At Risk,1311.28,3.469,2328.22,11,211.66,1.5279,82,16,0.6875,2010-09-20,2011-10-10,0.58,Declining,0,"High-Value, Reliable, Recent",Medium Risk
17285,2,2,0,100.0,Very Loyal,223.79,4.5671,428.34,2,214.17,3.2404,650,23,0.087,2010-02-14,2010-03-21,,Insufficient History,2,"Mid-Value, Unreliable, Lapsed",Low Risk
17286,2,0,2,0.0,Likely to Exit,177.67,1.9104,395.48,3,131.83,2.5187,43,14,0.2143,2010-11-04,2011-11-18,,Insufficient History,1,"Mid-Value, Unreliable, Recent",High Risk
17287,14,6,8,42.86,At Risk,1700.3,3.4211,4095.71,23,178.07,1.2518,48,25,0.92,2009-12-03,2011-11-13,0.484,Declining,0,"High-Value, Reliable, Recent",Medium Risk
17288,7,1,6,14.29,Likely to Exit,885.02,3.0001,2499.98,11,227.27,1.771,31,14,0.7857,2010-11-10,2011-11-30,,Insufficient History,0,"High-Value, Reliable, Recent",High Risk
17289,7,1,6,14.29,Likely to Exit,648.41,2.3075,2069.89,11,188.17,1.9148,53,22,0.5,2010-03-08,2011-11-08,,Insufficient History,0,"High-Value, Reliable, Recent",High Risk
17290,7,3,4,42.86,At Risk,554.37,2.7309,1501.44,8,187.68,1.9477,25,25,0.32,2009-12-13,2011-12-06,,Insufficient History,0,"High-Value, Reliable, Recent",Medium Risk
17291,1,0,1,0.0,Likely to Exit,7.65,7.65,550.8,1,550.8,3.1623,330,11,0.0909,2011-02-04,2011-02-04,,Insufficient History,2,"Mid-Value, Unreliable, Lapsed",High Risk
17292,2,0,2,0.0,Likely to Exit,71.77,4.7847,271.75,2,135.88,3.0027,494,20,0.1,2010-05-09,2010-08-24,,Insufficient History,2,"Mid-Value, Unreliable, Lapsed",High Risk
17293,15,1,14,6.67,Likely to Exit,667.58,2.7248,3774.23,17,222.01,1.1378,30,25,0.68,2009-12-03,2011-12-01,1.169,Increasing,0,"High-Value, Reliable, Recent",High Risk
17294,1,0,1,0.0,Likely to Exit,45.88,2.6988,467.79,2,233.89,4.6904,691,23,0.087,2010-02-08,2010-02-08,,Insufficient History,2,"Mid-Value, Unreliable, Lapsed",High Risk
17295,2,1,1,50.0,At Risk,203.53,2.9497,556.95,3,185.65,0.7071,50,3,1.0,2011-10-06,2011-11-11,,Insufficient History,1,"Mid-Value, Unreliable, Recent",Medium Risk
17296,1,1,0,100.0,Very Loyal,128.4,3.8909,338.13,1,338.13,4.899,752,25,0.04,2009-12-09,2009-12-09,,Insufficient History,2,"Mid-Value, Unreliable, Lapsed",Low Risk
17297,1,1,0,100.0,Very Loyal,112.48,2.2055,131.78,1,131.78,1.0,39,2,0.5,2011-11-22,2011-11-22,,Insufficient History,1,"Mid-Value, Unreliable, Recent",Low Risk
17298,4,0,4,0.0,Likely to Exit,125.13,1.7624,952.52,6,158.75,2.6108,123,22,0.2727,2010-03-08,2011-08-30,0.0,Declining,1,"Mid-Value, Unreliable, Recent",High Risk
17299,6,0,6,0.0,Likely to Exit,212.84,1.7737,1016.08,6,169.35,1.5517,33,17,0.3529,2010-08-15,2011-11-28,0.214,Declining,1,"Mid-Value, Unreliable, Recent",High Risk
17300,2,0,2,0.0,Likely to Exit,88.93,2.0211,393.64,2,196.82,2.8052,412,17,0.1176,2010-08-15,2010-11-14,,Insufficient History,2,"Mid-Value, Unreliable, Lapsed",High Risk
17301,2,1,1,50.0,At Risk,222.07,1.8353,330.43,2,165.22,3.2285,43,22,0.0909,2010-03-25,2011-11-18,,Insufficient History,1,"Mid-Value, Unreliable, Recent",Medium Risk
17302,4,0,4,0.0,Likely to Exit,213.72,2.6385,1119.93,6,186.65,1.556,36,11,0.5455,2011-02-07,2011-11-25,1.383,Increasing,1,"Mid-Value, Unreliable, Recent",High Risk
17303,1,1,0,100.0,Very Loyal,155.87,2.9409,250.04,1,250.04,3.4641,383,13,0.0769,2010-12-13,2010-12-13,,Insufficient History,2,"Mid-Value, Unreliable, Lapsed",Low Risk
17304,1,0,1,0.0,Likely to Exit,15.84,3.168,111.5,1,111.5,4.2426,556,19,0.0526,2010-06-23,2010-06-23,,Insufficient History,2,"Mid-Value, Unreliable, Lapsed",High Risk
17305,1,0,1,0.0,Likely to Exit,27.63,3.07,2135.46,1,2135.46,4.5826,670,22,0.0455,2010-03-01,2010-03-01,,Insufficient History,2,"Mid-Value, Unreliable, Lapsed",High Risk
17306,11,0,11,0.0,Likely to Exit,112.87,1.5049,9751.77,23,423.99,0.6793,32,14,1.6429,2010-11-01,2011-11-29,0.522,Declining,0,"High-Value, Reliable, Recent",High Risk
17307,10,0,10,0.0,Likely to Exit,113.37,2.1391,3225.67,15,215.04,1.8061,387,24,0.625,2010-01-19,2010-12-09,,Insufficient History,0,"High-Value, Reliable, Recent",High Risk
17308,2,0,2,0.0,Likely to Exit,6.21,0.8871,4511.76,2,2255.88,3.3121,415,16,0.125,2010-09-13,2010-11-11,,Insufficient History,2,"Mid-Value, Unreliable, Lapsed",High Risk
17309,3,0,3,0.0,Likely to Exit,122.9,3.3216,330.59,3,110.2,3.2859,117,23,0.1304,2010-02-04,2011-09-05,0.0,Declining,1,"Mid-Value, Unreliable, Recent",High Risk
17310,2,0,2,0.0,Likely to Exit,5.1,2.55,1025.1,2,512.55,3.287,409,19,0.1053,2010-06-23,2010-11-17,,Insufficient History,2,"Mid-Value, Unreliable, Lapsed",High Risk
17311,6,0,6,0.0,Likely to Exit,346.24,2.684,3490.66,7,498.67,1.7712,100,23,0.3043,2010-02-03,2011-09-22,0.0,Declining,0,"High-Value, Reliable, Recent",High Risk
17312,1,0,1,0.0,Likely to Exit,32.27,2.305,644.3,3,214.77,2.2361,160,6,0.5,2011-07-03,2011-07-24,0.0,Declining,1,"Mid-Value, Unreliable, Recent",High Risk
17313,1,0,1,0.0,Likely to Exit,59.3,2.1179,2288.13,2,1144.07,1.0,39,2,1.0,2011-11-08,2011-11-22,,Insufficient History,1,"Mid-Value, Unreliable, Recent",High Risk
17314,14,2,12,14.29,Likely to Exit,734.13,2.5669,4514.7,22,205.21,1.1505,46,25,0.88,2009-12-03,2011-11-15,5.019,Increasing,0,"High-Value, Reliable, Recent",High Risk
17315,15,7,8,46.67,At Risk,2284.73,2.9518,9558.55,49,195.07,0.9421,22,16,3.0625,2010-09-27,2011-12-09,0.667,Declining,0,"High-Value, Reliable, Recent",Medium Risk
17316,1,0,1,0.0,Likely to Exit,99.1,2.8314,124.45,1,124.45,3.7417,442,15,0.0667,2010-10-15,2010-10-15,,Insufficient History,2,"Mid-Value, Unreliable, Lapsed",High Risk
17317,2,0,2,0.0,Likely to Exit,31.14,2.8309,2524.02,5,504.8,1.2754,68,4,1.25,2011-09-11,2011-10-24,,Insufficient History,1,"Mid-Value, Unreliable, Recent",High Risk
17318,1,0,1,0.0,Likely to Exit,66.07,3.6706,164.28,1,164.28,4.899,747,25,0.04,2009-12-14,2009-12-14,,Insufficient History,2,"Mid-Value, Unreliable, Lapsed",High Risk
17319,1,0,1,0.0,Likely to Exit,6.15,2.05,29.1,1,29.1,4.6904,691,23,0.0435,2010-02-08,2010-02-08,,Insufficient History,2,"Mid-Value, Unreliable, Lapsed",High Risk
17320,6,4,2,66.67,Likely to Stay,728.39,4.1861,2895.77,6,482.63,1.9211,122,24,0.25,2010-01-21,2011-08-31,0.0,Declining,0,"High-Value, Reliable, Recent",Low Risk
17321,5,3,2,60.0,Likely to Stay,885.99,3.0034,1741.18,6,290.2,2.2398,30,20,0.3,2010-05-11,2011-12-01,,Insufficient History,0,"High-Value, Reliable, Recent",Low Risk
17322,3,2,1,66.67,Likely to Stay,380.14,2.1119,900.64,7,128.66,3.046,398,25,0.28,2009-12-03,2010-11-28,,Insufficient History,2,"Mid-Value, Unreliable, Lapsed",Low Risk
17323,11,0,11,0.0,Likely to Exit,456.14,1.3416,1553.51,14,110.97,1.1383,37,24,0.5833,2010-01-10,2011-11-24,3.605,Increasing,0,"High-Value, Reliable, Recent",High Risk
17324,9,1,8,11.11,Likely to Exit,354.74,2.3186,2148.87,13,165.3,1.6977,39,25,0.52,2009-12-18,2011-11-22,,Insufficient History,0,"High-Value, Reliable, Recent",High Risk
17325,3,1,2,33.33,Likely to Exit,121.01,3.1028,609.57,3,203.19,3.1882,302,22,0.1364,2010-03-08,2011-03-04,,Insufficient History,2,"Mid-Value, Unreliable, Lapsed",Medium Risk
17326,2,2,0,100.0,Very Loyal,270.53,3.0397,321.95,2,160.97,2.924,430,19,0.1053,2010-06-28,2010-10-27,,Insufficient History,2,"Mid-Value, Unreliable, Lapsed",Low Risk
17327,2,0,2,0.0,Likely to Exit,18.66,4.665,152.35,2,76.17,4.2326,431,20,0.1,2010-05-26,2010-10-26,,Insufficient History,2,"Mid-Value, Unreliable, Lapsed",High Risk
17328,1,0,1,0.0,Likely to Exit,11.3,1.8833,104.7,1,104.7,4.6904,695,23,0.0435,2010-02-04,2010-02-04,,Insufficient History,2,"Mid-Value, Unreliable, Lapsed",High Risk
17329,3,1,2,33.33,Likely to Exit,306.14,2.9156,1004.43,5,200.89,2.8544,36,25,0.2,2009-12-03,2011-11-25,,Insufficient History,1,"Mid-Value, Unreliable, Recent",Medium Risk
17330,4,0,4,0.0,Likely to Exit,86.83,10.8538,423.8,4,105.95,3.0189,44,22,0.1818,2010-03-02,2011-11-17,,Insufficient History,1,"Mid-Value, Unreliable, Recent",High Risk
17331,1,0,1,0.0,Likely to Exit,10.95,10.95,175.2,1,175.2,2.0,145,5,0.2,2011-08-08,2011-08-08,,Insufficient History,1,"Mid-Value, Unreliable, Recent",High Risk
17332,5,0,5,0.0,Likely to Exit,244.47,2.5734,838.27,5,167.65,2.0332,550,23,0.2174,2010-02-21,2010-06-29,,Insufficient History,2,"Mid-Value, Unreliable, Lapsed",High Risk
17333,1,0,1,0.0,Likely to Exit,49.62,1.7721,494.25,1,494.25,1.7321,107,4,0.25,2011-09-15,2011-09-15,,Insufficient History,1,"Mid-Value, Unreliable, Recent",High Risk
17334,2,0,2,0.0,Likely to Exit,77.87,2.4334,634.73,4,158.68,2.5511,323,15,0.2667,2010-10-29,2011-02-11,,Insufficient History,1,"Mid-Value, Unreliable, Recent",High Risk
17335,2,0,2,0.0,Likely to Exit,122.23,3.1341,508.0,2,254.0,3.5821,405,24,0.0833,2010-01-24,2010-11-21,,Insufficient History,2,"Mid-Value, Unreliable, Lapsed",High Risk
17336,1,0,1,0.0,Likely to Exit,1.69,1.69,81.12,1,81.12,4.0,494,17,0.0588,2010-08-24,2010-08-24,,Insufficient History,2,"Mid-Value, Unreliable, Lapsed",High Risk
17337,4,3,1,75.0,Likely to Stay,1264.35,2.3072,1944.32,7,277.76,1.7544,173,11,0.6364,2011-02-02,2011-07-11,0.0,Declining,0,"High-Value, Reliable, Recent",Low Risk
17338,16,14,2,87.5,Very Loyal,3792.93,2.7726,12036.57,20,601.83,0.855,39,22,0.9091,2010-03-10,2011-11-22,0.924,Stable,0,"High-Value, Reliable, Recent",Low Risk
17339,4,0,4,0.0,Likely to Exit,47.47,3.1647,303.36,4,75.84,2.4617,116,18,0.2222,2010-07-18,2011-09-06,0.0,Declining,1,"Mid-Value, Unreliable, Recent",High Risk
17340,18,9,9,50.0,At Risk,3045.52,3.746,21411.64,30,713.72,1.6767,31,25,1.2,2009-12-08,2011-11-30,1.446,Increasing,0,"High-Value, Reliable, Recent",Medium Risk
17341,3,2,1,66.67,Likely to Stay,899.79,2.2108,1889.83,5,377.97,2.6225,178,19,0.2632,2010-06-17,2011-07-06,0.0,Declining,1,"Mid-Value, Unreliable, Recent",Low Risk
17342,4,2,2,50.0,At Risk,258.06,6.4515,1155.84,7,165.12,2.7829,396,23,0.3043,2010-02-08,2010-11-30,,Insufficient History,2,"Mid-Value, Unreliable, Lapsed",Medium Risk
17343,6,0,6,0.0,Likely to Exit,324.56,4.057,1259.94,6,209.99,1.8813,377,25,0.24,2009-12-03,2010-12-19,,Insufficient History,1,"Mid-Value, Unreliable, Recent",High Risk
17344,2,1,1,50.0,At Risk,193.69,2.767,454.61,3,151.54,3.5682,68,25,0.12,2009-12-11,2011-10-24,,Insufficient History,1,"Mid-Value, Unreliable, Recent",Medium Risk
17345,7,1,6,14.29,Likely to Exit,498.29,2.2048,1484.38,12,123.7,1.6957,37,25,0.48,2009-12-01,2011-11-24,1.628,Increasing,0,"High-Value, Reliable, Recent",High Risk
17346,16,10,6,62.5,Likely to Stay,2318.72,2.2912,5258.02,27,194.74,0.8885,25,21,1.2857,2010-04-18,2011-12-06,8.735,Increasing,0,"High-Value, Reliable, Recent",Low Risk
17347,1,0,1,0.0,Likely to Exit,1.06,1.06,228.96,1,228.96,1.7321,108,4,0.25,2011-09-14,2011-09-14,,Insufficient History,1,"Mid-Value, Unreliable, Recent",High Risk
17348,6,3,3,50.0,At Risk,802.89,1.7416,2476.41,9,275.16,1.7701,36,22,0.4091,2010-03-10,2011-11-25,0.997,Stable,0,"High-Value, Reliable, Recent",Medium Risk
17349,4,1,3,25.0,Likely to Exit,218.04,2.3196,852.25,5,170.45,2.7323,201,22,0.2273,2010-03-18,2011-06-13,,Insufficient History,1,"Mid-Value, Unreliable, Recent",High Risk
17350,5,1,4,20.0,Likely to Exit,405.45,2.7582,1876.16,8,234.52,2.4511,30,23,0.3478,2010-02-01,2011-12-01,,Insufficient History,1,"Mid-Value, Unreliable, Recent",High Risk
17351,10,0,10,0.0,Likely to Exit,386.34,5.5991,1988.23,12,165.69,1.3869,58,25,0.48,2009-12-10,2011-11-03,,Insufficient History,0,"High-Value, Reliable, Recent",High Risk
17352,1,0,1,0.0,Likely to Exit,17.25,3.45,36.25,1,36.25,4.7958,718,24,0.0417,2010-01-12,2010-01-12,,Insufficient History,2,"Mid-Value, Unreliable, Lapsed",High Risk
17353,7,0,7,0.0,Likely to Exit,34.1,2.0059,3155.55,7,450.79,2.4075,151,24,0.2917,2010-01-26,2011-08-02,0.0,Declining,1,"Mid-Value, Unreliable, Recent",High Risk
17354,2,1,1,50.0,At Risk,209.95,2.0187,3143.46,4,785.87,2.5684,72,15,0.2667,2010-10-07,2011-10-20,,Insufficient History,0,"High-Value, Reliable, Recent",Medium Risk
17355,1,0,1,0.0,Likely to Exit,77.18,2.0859,285.11,1,285.11,3.6056,408,14,0.0714,2010-11-18,2010-11-18,,Insufficient History,2,"Mid-Value, Unreliable, Lapsed",High Risk
17356,5,0,5,0.0,Likely to Exit,122.55,1.425,946.47,5,189.29,2.0698,333,24,0.2083,2010-01-20,2011-02-01,,Insufficient History,1,"Mid-Value, Unreliable, Recent",High Risk
17357,1,1,0,100.0,Very Loyal,155.47,3.4549,388.14,2,194.07,1.0,46,2,1.0,2011-11-15,2011-11-15,,Insufficient History,1,"Mid-Value, Unreliable, Recent",Low Risk
17358,5,1,4,20.0,Likely to Exit,451.1,3.0687,866.05,5,173.21,2.0716,325,23,0.2174,2010-02-24,2011-02-09,,Insufficient History,1,"Mid-Value, Unreliable, Recent",High Risk
17359,2,0,2,0.0,Likely to Exit,101.46,2.67,284.46,2,142.23,3.18,33,22,0.0909,2010-03-01,2011-11-28,,Insufficient History,1,"Mid-Value, Unreliable, Recent",High Risk
17360,4,4,0,100.0,Very Loyal,728.22,3.0217,1201.43,7,171.63,1.7022,39,15,0.4667,2010-10-01,2011-11-22,,Insufficient History,0,"High-Value, Reliable, Recent",Low Risk
17361,4,0,4,0.0,Likely to Exit,213.71,3.6847,880.64,5,176.13,2.5575,71,23,0.2174,2010-02-01,2011-10-21,,Insufficient History,1,"Mid-Value, Unreliable, Recent",High Risk
17362,7,0,7,0.0,Likely to Exit,442.6,3.0315,1010.54,8,126.32,1.5868,261,24,0.3333,2010-01-06,2011-04-14,,Insufficient History,1,"Mid-Value, Unreliable, Recent",High Risk
17363,1,0,1,0.0,Likely to Exit,81.5,2.2639,940.86,3,313.62,3.6056,417,14,0.2143,2010-11-02,2010-11-09,,Insufficient History,2,"Mid-Value, Unreliable, Lapsed",High Risk
17364,17,6,11,35.29,Likely to Exit,3194.21,3.4532,11684.55,31,376.92,0.9044,22,25,1.24,2009-12-07,2011-12-09,3.473,Increasing,0,"High-Value, Reliable, Recent",Medium Risk
17365,13,8,5,61.54,Likely to Stay,1547.98,1.9326,8205.83,16,512.86,1.112,34,23,0.6957,2010-02-01,2011-11-27,1.158,Increasing,0,"High-Value, Reliable, Recent",Low Risk
17366,3,2,1,66.67,Likely to Stay,391.68,2.88,1094.59,3,364.86,2.6651,414,16,0.1875,2010-09-09,2010-11-12,,Insufficient History,2,"Mid-Value, Unreliable, Lapsed",Low Risk
17367,1,0,1,0.0,Likely to Exit,64.47,1.8962,168.4,1,168.4,2.8284,260,9,0.1111,2011-04-15,2011-04-15,,Insufficient History,2,"Mid-Value, Unreliable, Lapsed",High Risk
17368,9,3,6,33.33,Likely to Exit,712.18,2.7604,2213.24,16,138.33,1.7916,45,25,0.64,2009-12-15,2011-11-16,13.317,Increasing,0,"High-Value, Reliable, Recent",Medium Risk
17369,1,0,1,0.0,Likely to Exit,0.85,0.85,979.2,1,979.2,3.873,477,16,0.0625,2010-09-10,2010-09-10,,Insufficient History,2,"Mid-Value, Unreliable, Lapsed",High Risk
17370,2,0,2,0.0,Likely to Exit,46.1,1.397,446.18,4,111.54,1.8407,94,7,0.5714,2011-06-23,2011-09-28,0.0,Declining,1,"Mid-Value, Unreliable, Recent",High Risk
17371,4,1,3,25.0,Likely to Exit,419.16,2.871,662.55,6,110.42,2.7141,39,25,0.24,2009-12-08,2011-11-22,,Insufficient History,1,"Mid-Value, Unreliable, Recent",High Risk
17372,16,9,7,56.25,At Risk,1944.8,2.894,4325.43,31,139.53,0.8742,62,25,1.24,2009-12-03,2011-10-30,,Insufficient History,0,"High-Value, Reliable, Recent",Medium Risk
17373,7,0,7,0.0,Likely to Exit,158.04,1.7367,1167.5,7,166.79,1.5562,62,23,0.3043,2010-02-28,2011-10-30,0.74,Declining,1,"Mid-Value, Unreliable, Recent",High Risk
17374,3,1,2,33.33,Likely to Exit,282.12,6.5609,711.21,4,177.8,1.9589,240,14,0.2857,2010-11-09,2011-05-05,,Insufficient History,1,"Mid-Value, Unreliable, Recent",Medium Risk
17375,5,0,5,0.0,Likely to Exit,258.4,2.9364,632.95,5,126.59,1.8065,212,15,0.3333,2010-10-04,2011-06-02,,Insufficient History,1,"Mid-Value, Unreliable, Recent",High Risk
17376,4,0,4,0.0,Likely to Exit,169.28,3.0778,453.64,4,113.41,1.8966,92,18,0.2222,2010-07-05,2011-09-30,0.0,Declining,1,"Mid-Value, Unreliable, Recent",High Risk
17377,20,15,5,75.0,Likely to Stay,5386.54,2.9992,17851.41,91,196.17,1.0514,45,25,3.64,2009-12-02,2011-11-16,2.914,Increasing,0,"High-Value, Reliable, Recent",Low Risk
17378,1,0,1,0.0,Likely to Exit,21.9,10.95,0.0,2,0.0,3.6056,396,14,0.1429,2010-11-30,2010-11-30,,Insufficient History,3,"Low-Value, Reliable, Lapsed",High Risk
17379,1,1,0,100.0,Very Loyal,113.86,1.3718,404.66,1,404.66,1.0,33,2,0.5,2011-11-28,2011-11-28,,Insufficient History,1,"Mid-Value, Unreliable, Recent",Low Risk
17380,3,0,3,0.0,Likely to Exit,27.5,2.5,643.75,4,160.94,2.5549,456,19,0.2105,2010-06-23,2010-10-01,,Insufficient History,2,"Mid-Value, Unreliable, Lapsed",High Risk
17381,19,0,19,0.0,Likely to Exit,255.82,1.4618,39999.19,39,1025.62,1.0088,30,19,2.0526,2010-06-09,2011-12-01,0.513,Declining,0,"High-Value, Reliable, Recent",High Risk
17382,5,0,5,0.0,Likely to Exit,52.11,2.895,902.28,8,112.78,2.4847,87,20,0.4,2010-05-19,2011-10-05,,Insufficient History,1,"Mid-Value, Unreliable, Recent",High Risk
17383,2,0,2,0.0,Likely to Exit,105.88,1.9977,309.99,2,154.99,2.7665,26,16,0.125,2010-09-12,2011-12-05,,Insufficient History,1,"Mid-Value, Unreliable, Recent",High Risk
17384,3,0,3,0.0,Likely to Exit,65.09,3.2545,507.55,3,169.18,2.2657,41,17,0.1765,2010-08-29,2011-11-20,,Insufficient History,1,"Mid-Value, Unreliable, Recent",High Risk
17385,1,0,1,0.0,Likely to Exit,90.24,1.92,261.11,1,261.11,1.0,36,2,0.5,2011-11-25,2011-11-25,,Insufficient History,1,"Mid-Value, Unreliable, Recent",High Risk
17386,5,0,5,0.0,Likely to Exit,69.03,1.8166,2812.77,7,401.82,1.7298,29,14,0.5,2010-11-19,2011-12-02,0.912,Stable,0,"High-Value, Reliable, Recent",High Risk
17387,1,1,0,100.0,Very Loyal,188.58,2.4177,784.11,2,392.05,1.0,41,2,1.0,2011-11-06,2011-11-20,,Insufficient History,1,"Mid-Value, Unreliable, Recent",Low Risk
17388,9,0,9,0.0,Likely to Exit,149.37,2.6205,2691.57,11,244.69,1.4462,99,25,0.44,2009-12-10,2011-09-23,0.0,Declining,0,"High-Value, Reliable, Recent",High Risk
17389,20,9,11,45.0,At Risk,2447.38,5.4507,54587.03,77,708.92,1.5059,22,25,3.08,2009-12-04,2011-12-09,2.367,Increasing,0,"High-Value, Reliable, Recent",Medium Risk
17390,1,0,1,0.0,Likely to Exit,32.25,2.6875,149.3,1,149.3,3.7417,442,15,0.0667,2010-10-15,2010-10-15,,Insufficient History,2,"Mid-Value, Unreliable, Lapsed",High Risk
17391,1,0,1,0.0,Likely to Exit,3.18,1.06,508.8,2,254.4,2.4495,185,7,0.2857,2011-06-28,2011-06-29,,Insufficient History,1,"Mid-Value, Unreliable, Recent",High Risk
17392,3,1,2,33.33,Likely to Exit,261.08,3.4353,626.56,3,208.85,2.236,328,16,0.1875,2010-09-15,2011-02-06,,Insufficient History,1,"Mid-Value, Unreliable, Recent",Medium Risk
17393,2,0,2,0.0,Likely to Exit,138.5,2.8854,381.15,2,190.58,2.7393,432,17,0.1176,2010-08-08,2010-10-25,,Insufficient History,2,"Mid-Value, Unreliable, Lapsed",High Risk
17394,1,0,1,0.0,Likely to Exit,13.77,3.4425,203.87,1,203.87,2.6458,241,8,0.125,2011-05-04,2011-05-04,,Insufficient History,1,"Mid-Value, Unreliable, Recent",High Risk
17395,1,0,1,0.0,Likely to Exit,6.25,2.0833,97.5,1,97.5,4.1231,530,18,0.0556,2010-07-19,2010-07-19,,Insufficient History,2,"Mid-Value, Unreliable, Lapsed",High Risk
17396,6,0,6,0.0,Likely to Exit,233.88,4.1032,8529.6,16,533.1,2.1453,61,16,1.0,2010-09-24,2011-10-31,0.574,Declining,0,"High-Value, Reliable, Recent",High Risk
17397,2,2,0,100.0,Very Loyal,413.16,2.9939,1233.18,3,411.06,2.574,44,15,0.2,2010-10-19,2011-11-17,,Insufficient History,1,"Mid-Value, Unreliable, Recent",Low Risk
17398,3,0,3,0.0,Likely to Exit,183.98,4.8416,653.38,3,217.79,1.6483,136,10,0.3,2011-03-29,2011-08-17,0.0,Declining,1,"Mid-Value, Unreliable, Recent",High Risk
17399,1,1,0,100.0,Very Loyal,25111.09,25111.09,-25111.09,1,-25111.09,0.0,562,19,0.0526,2010-06-17,2010-06-17,,Insufficient History,3,"Low-Value, Reliable, Lapsed",Low Risk
17400,7,6,1,85.71,Very Loyal,1689.46,3.5124,4677.05,8,584.63,1.7354,148,25,0.32,2009-12-17,2011-08-05,0.0,Declining,0,"High-Value, Reliable, Recent",Low Risk
17401,1,0,1,0.0,Likely to Exit,53.15,4.4292,114.85,1,114.85,4.2426,563,19,0.0526,2010-06-16,2010-06-16,,Insufficient History,2,"Mid-Value, Unreliable, Lapsed",High Risk
17402,16,2,14,12.5,Likely to Exit,877.82,4.2407,5047.08,26,194.12,1.1541,26,25,1.04,2009-12-16,2011-12-05,1.147,Increasing,0,"High-Value, Reliable, Recent",High Risk
17403,2,1,1,50.0,At Risk,173.78,3.7778,400.57,2,200.28,2.8843,58,16,0.125,2010-09-15,2011-11-03,,Insufficient History,1,"Mid-Value, Unreliable, Recent",Medium Risk
17404,17,1,16,5.88,Likely to Exit,633.45,2.1328,46006.82,28,1643.1,1.0188,26,24,1.1667,2010-01-07,2011-12-05,0.581,Declining,0,"High-Value, Reliable, Recent",High Risk
17405,4,2,2,50.0,At Risk,297.1,3.1606,967.22,5,193.44,1.1616,23,6,0.8333,2011-07-12,2011-12-08,0.139,Declining,1,"Mid-Value, Unreliable, Recent",Medium Risk
17406,8,3,5,37.5,Likely to Exit,1471.18,5.4691,4592.1,18,255.12,2.0251,352,25,0.72,2009-12-06,2011-01-13,,Insufficient History,0,"High-Value, Reliable, Recent",Medium Risk
17407,1,0,1,0.0,Likely to Exit,52.9,2.3,552.9,1,552.9,3.7417,433,15,0.0667,2010-10-24,2010-10-24,,Insufficient History,2,"Mid-Value, Unreliable, Lapsed",High Risk
17408,2,0,2,0.0,Likely to Exit,50.18,5.5756,164.89,4,41.22,3.6967,185,18,0.2222,2010-07-13,2011-06-29,,Insufficient History,2,"Mid-Value, Unreliable, Lapsed",High Risk
17409,7,1,6,14.29,Likely to Exit,367.18,3.5306,7793.51,10,779.35,2.4612,206,25,0.4,2009-12-11,2011-06-08,,Insufficient History,0,"High-Value, Reliable, Recent",High Risk
17410,4,0,4,0.0,Likely to Exit,223.33,3.4895,1214.72,5,242.94,1.1459,38,8,0.625,2011-05-08,2011-11-23,6.788,Increasing,1,"Mid-Value, Unreliable, Recent",High Risk
17411,7,0,7,0.0,Likely to Exit,307.93,3.6227,1286.53,9,142.95,2.0291,34,25,0.36,2009-12-03,2011-11-27,0.738,Declining,1,"Mid-Value, Unreliable, Recent",High Risk
17412,15,3,12,20.0,Likely to Exit,1161.52,4.7997,4384.98,19,230.79,1.5024,24,25,0.76,2009-12-02,2011-12-07,,Insufficient History,0,"High-Value, Reliable, Recent",High Risk
17413,2,0,2,0.0,Likely to Exit,37.42,3.742,560.14,2,280.07,3.0761,426,20,0.1,2010-05-19,2010-10-31,,Insufficient History,2,"Mid-Value, Unreliable, Lapsed",High Risk
17414,6,0,6,0.0,Likely to Exit,9.92,0.4724,2249.52,6,374.92,1.9672,65,25,0.24,2009-12-03,2011-10-27,,Insufficient History,1,"Mid-Value, Unreliable, Recent",High Risk
17415,1,1,0,100.0,Very Loyal,195.53,13.9664,507.84,1,507.84,1.7321,101,4,0.25,2011-09-21,2011-09-21,,Insufficient History,1,"Mid-Value, Unreliable, Recent",Low Risk
17416,14,6,8,42.86,At Risk,1784.43,2.974,17221.47,25,688.86,1.1409,51,25,1.0,2009-12-14,2011-11-10,0.684,Declining,0,"High-Value, Reliable, Recent",Medium Risk
17417,1,0,1,0.0,Likely to Exit,43.64,2.7275,164.18,1,164.18,4.2426,570,19,0.0526,2010-06-09,2010-06-09,,Insufficient History,2,"Mid-Value, Unreliable, Lapsed",High Risk
17418,3,0,3,0.0,Likely to Exit,103.51,2.4645,670.06,3,223.35,1.9844,64,14,0.2143,2010-11-17,2011-10-28,,Insufficient History,1,"Mid-Value, Unreliable, Recent",High Risk
17419,14,4,10,28.57,Likely to Exit,1218.22,3.8069,6474.92,20,323.75,1.0774,33,24,0.8333,2010-01-25,2011-11-28,2.526,Increasing,0,"High-Value, Reliable, Recent",High Risk
17420,4,0,4,0.0,Likely to Exit,216.34,3.6668,1074.53,8,134.32,1.623,72,14,0.5714,2010-11-03,2011-10-20,,Insufficient History,1,"Mid-Value, Unreliable, Recent",High Risk
17421,3,0,3,0.0,Likely to Exit,105.51,1.8191,1059.41,3,353.14,2.9975,408,25,0.12,2009-12-04,2010-11-18,,Insufficient History,2,"Mid-Value, Unreliable, Lapsed",High Risk
17422,11,1,10,9.09,Likely to Exit,466.97,2.0042,3341.65,20,167.08,0.8699,38,19,1.0526,2010-06-23,2011-11-23,0.435,Declining,0,"High-Value, Reliable, Recent",High Risk
17423,3,0,3,0.0,Likely to Exit,86.93,1.9318,1084.17,5,216.83,1.9822,67,14,0.3571,2010-11-11,2011-10-25,,Insufficient History,1,"Mid-Value, Unreliable, Recent",High Risk
17424,1,1,0,100.0,Very Loyal,176.96,176.96,-176.96,1,-176.96,0.0,450,15,0.0667,2010-10-07,2010-10-07,,Insufficient History,3,"Low-Value, Reliable, Lapsed",Low Risk
17425,2,1,1,50.0,At Risk,114.85,2.6709,759.17,2,379.59,1.2233,41,3,0.6667,2011-10-10,2011-11-20,,Insufficient History,1,"Mid-Value, Unreliable, Recent",Medium Risk
17426,9,5,4,55.56,At Risk,1330.14,3.023,7606.37,17,447.43,1.7395,26,23,0.7391,2010-02-17,2011-12-05,0.741,Declining,0,"High-Value, Reliable, Recent",Medium Risk
17427,1,0,1,0.0,Likely to Exit,8.33,4.165,100.8,1,100.8,1.7321,93,4,0.25,2011-09-29,2011-09-29,,Insufficient History,1,"Mid-Value, Unreliable, Recent",High Risk
17428,21,12,9,57.14,At Risk,2570.3,3.4362,31238.06,51,612.51,0.8266,22,25,2.04,2009-12-01,2011-12-09,0.413,Declining,0,"High-Value, Reliable, Recent",Medium Risk
17429,5,0,5,0.0,Likely to Exit,220.49,2.2272,1342.16,7,191.74,1.6685,142,15,0.4667,2010-10-06,2011-08-11,0.0,Declining,1,"Mid-Value, Unreliable, Recent",High Risk
17430,4,0,4,0.0,Likely to Exit,100.18,2.3852,735.17,4,183.79,1.8443,54,17,0.2353,2010-08-17,2011-11-07,,Insufficient History,1,"Mid-Value, Unreliable, Recent",High Risk
17431,1,0,1,0.0,Likely to Exit,84.33,1.9612,403.3,1,403.3,3.3166,335,12,0.0833,2011-01-30,2011-01-30,,Insufficient History,2,"Mid-Value, Unreliable, Lapsed",High Risk
17432,6,3,3,50.0,At Risk,690.49,2.4927,1751.39,9,194.6,2.4273,40,25,0.36,2009-12-03,2011-11-21,,Insufficient History,0,"High-Value, Reliable, Recent",Medium Risk
17433,2,2,0,100.0,Very Loyal,239.42,2.5744,569.96,2,284.98,2.4553,110,14,0.1429,2010-11-19,2011-09-12,0.0,Declining,1,"Mid-Value, Unreliable, Recent",Low Risk
17434,4,1,3,25.0,Likely to Exit,392.2,2.842,2333.42,9,259.27,0.6261,24,4,2.25,2011-09-15,2011-12-07,,Insufficient History,0,"High-Value, Reliable, Recent",High Risk
17435,1,0,1,0.0,Likely to Exit,65.2,4.3467,331.35,1,331.35,3.7417,433,15,0.0667,2010-10-24,2010-10-24,,Insufficient History,2,"Mid-Value, Unreliable, Lapsed",High Risk
17436,6,0,6,0.0,Likely to Exit,61.66,2.9362,521.31,7,74.47,2.0524,23,25,0.28,2009-12-07,2011-12-08,,Insufficient History,1,"Mid-Value, Unreliable, Recent",High Risk
17437,1,1,0,100.0,Very Loyal,186.66,3.5219,373.17,1,373.17,4.2426,551,19,0.0526,2010-06-28,2010-06-28,,Insufficient History,2,"Mid-Value, Unreliable, Lapsed",Low Risk
17438,5,0,5,0.0,Likely to Exit,357.01,4.8905,1412.62,6,235.44,2.1796,269,22,0.2727,2010-03-08,2011-04-06,,Insufficient History,1,"Mid-Value, Unreliable, Recent",High Risk
17439,1,0,1,0.0,Likely to Exit,17.71,2.2138,325.74,1,325.74,4.6904,677,23,0.0435,2010-02-22,2010-02-22,,Insufficient History,2,"Mid-Value, Unreliable, Lapsed",High Risk
17440,3,0,3,0.0,Likely to Exit,9.09,1.01,314.26,6,52.38,2.4341,169,19,0.3158,2010-06-08,2011-07-15,0.0,Declining,1,"Mid-Value, Unreliable, Recent",High Risk
17441,1,0,1,0.0,Likely to Exit,43.07,2.051,293.35,1,293.35,4.899,754,25,0.04,2009-12-07,2009-12-07,,Insufficient History,2,"Mid-Value, Unreliable, Lapsed",High Risk
17442,15,1,14,6.67,Likely to Exit,796.14,2.708,4500.7,23,195.68,1.0505,51,23,1.0,2010-02-15,2011-11-10,0.379,Declining,0,"High-Value, Reliable, Recent",High Risk
17443,1,0,1,0.0,Likely to Exit,1.06,1.06,534.24,1,534.24,2.6458,241,8,0.125,2011-05-04,2011-05-04,,Insufficient History,1,"Mid-Value, Unreliable, Recent",High Risk
17444,2,2,0,100.0,Very Loyal,883.9,6.5474,2940.04,3,980.01,1.6262,169,7,0.4286,2011-06-20,2011-07-15,0.0,Declining,0,"High-Value, Reliable, Recent",Low Risk
17445,1,1,0,100.0,Very Loyal,506.51,506.51,-506.51,1,-506.51,0.0,652,22,0.0455,2010-03-19,2010-03-19,,Insufficient History,3,"Low-Value, Reliable, Lapsed",Low Risk
17446,2,0,2,0.0,Likely to Exit,6.95,0.7722,120.9,2,60.45,2.142,198,11,0.1818,2011-02-02,2011-06-16,,Insufficient History,1,"Mid-Value, Unreliable, Recent",High Risk
17447,2,0,2,0.0,Likely to Exit,60.92,1.6922,541.53,2,270.76,1.1324,62,4,0.5,2011-09-29,2011-10-30,,Insufficient History,1,"Mid-Value, Unreliable, Recent",High Risk
17448,6,5,1,83.33,Very Loyal,6703.13,5.911,10192.73,54,188.75,2.5245,166,22,2.4545,2010-03-04,2011-07-18,-0.0,Declining,0,"High-Value, Reliable, Recent",Low Risk
17449,12,10,2,83.33,Very Loyal,1816.1,3.0268,4935.15,14,352.51,1.1588,24,25,0.56,2009-12-09,2011-12-07,6.442,Increasing,0,"High-Value, Reliable, Recent",Low Risk
17450,15,6,9,40.0,At Risk,3609.32,8.0565,233579.39,61,3829.17,1.2133,30,16,3.8125,2010-09-27,2011-12-01,0.352,Declining,0,"High-Value, Reliable, Recent",Medium Risk
17451,5,0,5,0.0,Likely to Exit,256.29,2.3952,1648.95,10,164.9,0.2641,23,5,2.0,2011-08-26,2011-12-08,,Insufficient History,0,"High-Value, Reliable, Recent",High Risk
17452,1,1,0,100.0,Very Loyal,227.28,227.28,-227.28,1,-227.28,0.0,625,21,0.0476,2010-04-15,2010-04-15,,Insufficient History,3,"Low-Value, Reliable, Lapsed",Low Risk
17453,2,0,2,0.0,Likely to Exit,65.04,3.4232,486.72,2,243.36,0.864,39,3,0.6667,2011-10-06,2011-11-22,,Insufficient History,1,"Mid-Value, Unreliable, Recent",High Risk
17454,10,0,10,0.0,Likely to Exit,378.48,2.9802,1532.64,11,139.33,1.2229,214,24,0.4583,2010-01-15,2011-05-31,,Insufficient History,1,"Mid-Value, Unreliable, Recent",High Risk
17455,1,0,1,0.0,Likely to Exit,22.6,2.825,131.7,1,131.7,2.6458,225,8,0.125,2011-05-20,2011-05-20,,Insufficient History,1,"Mid-Value, Unreliable, Recent",High Risk
17456,2,1,1,50.0,At Risk,225.86,2.9332,1225.42,2,612.71,2.6967,387,16,0.125,2010-09-09,2010-12-09,,Insufficient History,2,"Mid-Value, Unreliable, Lapsed",Medium Risk
17457,13,0,13,0.0,Likely to Exit,204.55,2.841,5799.01,18,322.17,1.2772,148,25,0.72,2009-12-07,2011-08-05,0.0,Declining,0,"High-Value, Reliable, Recent",High Risk
17458,2,1,1,50.0,At Risk,213.63,2.4841,529.58,2,264.79,2.5034,37,14,0.1429,2010-11-23,2011-11-24,,Insufficient History,1,"Mid-Value, Unreliable, Recent",Medium Risk
17459,1,1,0,100.0,Very Loyal,212.81,1.9172,657.3,2,328.65,1.4142,65,3,0.6667,2011-10-10,2011-10-27,,Insufficient History,1,"Mid-Value, Unreliable, Recent",Low Risk
17460,14,0,14,0.0,Likely to Exit,588.55,3.7728,2007.4,21,95.59,0.9624,100,24,0.875,2010-01-22,2011-09-22,,Insufficient History,0,"High-Value, Reliable, Recent",High Risk
17461,1,1,0,100.0,Very Loyal,266.42,2.4002,757.46,3,252.49,1.0,44,2,1.5,2011-11-10,2011-11-17,,Insufficient History,1,"Mid-Value, Unreliable, Recent",Low Risk
17462,2,0,2,0.0,Likely to Exit,109.18,3.8993,662.94,3,220.98,2.2934,73,11,0.2727,2011-02-28,2011-10-19,,Insufficient History,1,"Mid-Value, Unreliable, Recent",High Risk
17463,8,3,5,37.5,Likely to Exit,910.9,2.7687,2537.91,9,281.99,1.6311,38,21,0.4286,2010-04-29,2011-11-23,,Insufficient History,0,"High-Value, Reliable, Recent",Medium Risk
17464,3,0,3,0.0,Likely to Exit,111.01,2.4669,879.74,4,219.94,2.5365,180,22,0.1818,2010-03-30,2011-07-04,0.0,Declining,1,"Mid-Value, Unreliable, Recent",High Risk
17465,7,1,6,14.29,Likely to Exit,445.95,3.0969,2533.64,9,281.52,1.8885,447,25,0.36,2009-12-03,2010-10-10,,Insufficient History,0,"High-Value, Reliable, Recent",High Risk
17466,2,1,1,50.0,At Risk,192.33,4.691,763.28,2,381.64,1.0417,32,4,0.5,2011-09-22,2011-11-29,,Insufficient History,1,"Mid-Value, Unreliable, Recent",Medium Risk
17467,1,0,1,0.0,Likely to Exit,26.5,6.625,102.6,1,102.6,3.6056,417,14,0.0714,2010-11-09,2010-11-09,,Insufficient History,2,"Mid-Value, Unreliable, Lapsed",High Risk
17468,2,0,2,0.0,Likely to Exit,8.4,1.05,194.8,3,64.93,2.6753,32,14,0.2143,2010-11-29,2011-11-29,,Insufficient History,1,"Mid-Value, Unreliable, Recent",High Risk
17469,13,2,11,15.38,Likely to Exit,947.9,3.422,4958.34,22,225.38,1.0051,38,25,0.88,2009-12-16,2011-11-23,0.327,Declining,0,"High-Value, Reliable, Recent",High Risk
17470,10,0,10,0.0,Likely to Exit,266.29,1.6042,2804.87,11,254.99,0.9911,66,18,0.6111,2010-07-19,2011-10-26,1.596,Increasing,0,"High-Value, Reliable, Recent",High Risk
17471,1,0,1,0.0,Likely to Exit,53.3,2.8053,321.65,1,321.65,4.0,496,17,0.0588,2010-08-22,2010-08-22,,Insufficient History,2,"Mid-Value, Unreliable, Lapsed",High Risk
17472,3,3,0,100.0,Very Loyal,523.43,2.2758,935.1,4,233.78,2.661,213,22,0.1818,2010-03-21,2011-06-01,,Insufficient History,1,"Mid-Value, Unreliable, Recent",Low Risk
17473,3,0,3,0.0,Likely to Exit,113.55,3.2443,592.15,3,197.38,2.6462,423,16,0.1875,2010-09-09,2010-11-03,,Insufficient History,2,"Mid-Value, Unreliable, Lapsed",High Risk
17474,1,0,1,0.0,Likely to Exit,36.05,6.0083,1047.0,1,1047.0,4.4721,621,21,0.0476,2010-04-19,2010-04-19,,Insufficient History,2,"Mid-Value, Unreliable, Lapsed",High Risk
17475,1,0,1,0.0,Likely to Exit,24.87,1.7764,194.37,1,194.37,1.7321,101,4,0.25,2011-09-21,2011-09-21,,Insufficient History,1,"Mid-Value, Unreliable, Recent",High Risk
17476,2,1,1,50.0,At Risk,217.09,6.385,446.51,4,111.63,3.3985,415,25,0.16,2009-12-02,2010-11-11,,Insufficient History,2,"Mid-Value, Unreliable, Lapsed",Medium Risk
17477,2,2,0,100.0,Very Loyal,279.43,5.9453,1079.0,5,215.8,3.2948,634,22,0.2273,2010-03-02,2010-04-06,,Insufficient History,2,"Mid-Value, Unreliable, Lapsed",Low Risk
17478,2,0,2,0.0,Likely to Exit,138.03,3.4508,1272.8,2,636.4,3.1831,430,22,0.0909,2010-03-16,2010-10-27,,Insufficient History,2,"Mid-Value, Unreliable, Lapsed",High Risk
17479,1,0,1,0.0,Likely to Exit,35.94,1.9967,389.26,1,389.26,4.5826,654,22,0.0455,2010-03-17,2010-03-17,,Insufficient History,2,"Mid-Value, Unreliable, Lapsed",High Risk
17480,2,0,2,0.0,Likely to Exit,110.37,1.9709,896.72,3,298.91,2.6731,95,16,0.1875,2010-09-21,2011-09-27,0.0,Declining,1,"Mid-Value, Unreliable, Recent",High Risk
17481,4,1,3,25.0,Likely to Exit,215.3,2.594,1249.34,5,249.87,0.9821,25,4,1.25,2011-09-07,2011-12-06,,Insufficient History,1,"Mid-Value, Unreliable, Recent",High Risk
17482,2,1,1,50.0,At Risk,234.39,4.3406,778.19,2,389.1,3.1979,509,20,0.1,2010-05-10,2010-08-09,,Insufficient History,2,"Mid-Value, Unreliable, Lapsed",Medium Risk
17483,4,0,4,0.0,Likely to Exit,94.35,3.3696,591.73,4,147.93,1.6816,87,15,0.2667,2010-10-21,2011-10-05,1.164,Increasing,1,"Mid-Value, Unreliable, Recent",High Risk
17484,2,0,2,0.0,Likely to Exit,32.81,2.3436,209.57,2,104.78,3.2934,598,22,0.0909,2010-03-25,2010-05-12,,Insufficient History,2,"Mid-Value, Unreliable, Lapsed",High Risk
17485,1,0,1,0.0,Likely to Exit,22.1,3.6833,-29.55,1,-29.55,0.0,760,25,0.04,2009-12-01,2009-12-01,,Insufficient History,3,"Low-Value, Reliable, Lapsed",High Risk
17486,1,0,1,0.0,Likely to Exit,69.51,2.8963,396.87,1,396.87,3.0,283,10,0.1,2011-03-23,2011-03-23,,Insufficient History,2,"Mid-Value, Unreliable, Lapsed",High Risk
17487,1,0,1,0.0,Likely to Exit,48.5,6.0625,160.55,1,160.55,4.899,750,25,0.04,2009-12-11,2009-12-11,,Insufficient History,2,"Mid-Value, Unreliable, Lapsed",High Risk
17488,1,0,1,0.0,Likely to Exit,55.7,3.0944,336.5,1,336.5,4.5826,663,22,0.0455,2010-03-08,2010-03-08,,Insufficient History,2,"Mid-Value, Unreliable, Lapsed",High Risk
17489,2,0,2,0.0,Likely to Exit,31.23,1.0769,376.64,2,188.32,1.7453,80,8,0.25,2011-05-11,2011-10-12,,Insufficient History,1,"Mid-Value, Unreliable, Recent",High Risk
17490,6,0,6,0.0,Likely to Exit,369.68,2.934,2585.06,13,198.85,1.7241,22,20,0.65,2010-05-19,2011-12-09,1.313,Increasing,0,"High-Value, Reliable, Recent",High Risk
17491,14,1,13,7.14,Likely to Exit,540.03,2.951,5964.12,18,331.34,0.8844,23,21,0.8571,2010-04-28,2011-12-08,1.049,Stable,0,"High-Value, Reliable, Recent",High Risk
17492,3,0,3,0.0,Likely to Exit,148.58,3.8097,1122.42,3,374.14,2.2385,270,18,0.1667,2010-07-09,2011-04-05,,Insufficient History,1,"Mid-Value, Unreliable, Recent",High Risk
17493,1,0,1,0.0,Likely to Exit,23.19,2.8988,100.91,1,100.91,3.6056,407,14,0.0714,2010-11-19,2010-11-19,,Insufficient History,2,"Mid-Value, Unreliable, Lapsed",High Risk
17494,1,0,1,0.0,Likely to Exit,12.85,4.2833,54.7,1,54.7,4.1231,523,18,0.0556,2010-07-26,2010-07-26,,Insufficient History,2,"Mid-Value, Unreliable, Lapsed",High Risk
17495,3,1,2,33.33,Likely to Exit,216.0,4.0755,759.07,4,189.77,2.0242,29,14,0.2857,2010-11-14,2011-12-02,,Insufficient History,1,"Mid-Value, Unreliable, Recent",Medium Risk
17496,4,1,3,25.0,Likely to Exit,324.48,4.3849,1385.89,5,277.18,2.263,380,24,0.2083,2010-01-14,2010-12-16,,Insufficient History,1,"Mid-Value, Unreliable, Recent",High Risk
17497,2,0,2,0.0,Likely to Exit,50.35,7.1929,287.25,2,143.62,3.3753,412,21,0.0952,2010-04-08,2010-11-14,,Insufficient History,2,"Mid-Value, Unreliable, Lapsed",High Risk
17498,1,0,1,0.0,Likely to Exit,34.33,2.0194,272.22,1,272.22,1.7321,97,4,0.25,2011-09-25,2011-09-25,,Insufficient History,1,"Mid-Value, Unreliable, Recent",High Risk
17499,3,1,2,33.33,Likely to Exit,211.25,2.8938,1296.84,3,432.28,3.0085,311,20,0.15,2010-05-27,2011-02-23,,Insufficient History,1,"Mid-Value, Unreliable, Recent",Medium Risk
17500,1,1,0,100.0,Very Loyal,271.5,54.3,1138.0,3,379.33,1.0,39,2,1.5,2011-11-10,2011-11-22,,Insufficient History,1,"Mid-Value, Unreliable, Recent",Low Risk
17501,1,0,1,0.0,Likely to Exit,62.9,3.4944,288.6,2,144.3,2.6458,242,8,0.25,2011-05-03,2011-05-03,,Insufficient History,1,"Mid-Value, Unreliable, Recent",High Risk
17502,1,0,1,0.0,Likely to Exit,78.67,2.8096,689.1,4,172.27,1.0,31,2,2.0,2011-11-10,2011-11-30,,Insufficient History,1,"Mid-Value, Unreliable, Recent",High Risk
17503,2,0,2,0.0,Likely to Exit,88.45,2.3276,558.96,2,279.48,0.2181,24,2,1.0,2011-11-01,2011-12-07,,Insufficient History,1,"Mid-Value, Unreliable, Recent",High Risk
17504,10,3,7,30.0,Likely to Exit,1059.21,2.9504,9313.37,19,490.18,1.8241,228,23,0.8261,2010-02-08,2011-05-17,,Insufficient History,0,"High-Value, Reliable, Recent",Medium Risk
17505,4,1,3,25.0,Likely to Exit,330.79,3.243,2435.48,5,487.1,2.2075,183,21,0.2381,2010-04-13,2011-07-01,0.0,Declining,1,"Mid-Value, Unreliable, Recent",High Risk
17506,1,0,1,0.0,Likely to Exit,56.71,3.5444,294.29,2,147.15,1.7321,92,4,0.5,2011-09-25,2011-09-30,,Insufficient History,1,"Mid-Value, Unreliable, Recent",High Risk
17507,2,2,0,100.0,Very Loyal,234.23,2.6617,605.58,2,302.79,2.1414,283,11,0.1818,2011-02-03,2011-03-23,,Insufficient History,1,"Mid-Value, Unreliable, Recent",Low Risk
17508,8,3,5,37.5,Likely to Exit,680.86,2.9347,4546.78,9,505.2,1.5668,302,25,0.36,2009-12-07,2011-03-04,,Insufficient History,0,"High-Value, Reliable, Recent",Medium Risk
17509,1,1,0,100.0,Very Loyal,835.32,2.2637,6100.74,11,554.61,1.4142,79,3,3.6667,2011-10-07,2011-10-13,,Insufficient History,0,"High-Value, Reliable, Recent",Low Risk
17510,2,0,2,0.0,Likely to Exit,67.66,1.9331,514.56,2,257.28,2.6071,46,15,0.1333,2010-10-15,2011-11-15,,Insufficient History,1,"Mid-Value, Unreliable, Recent",High Risk
17511,25,21,4,84.0,Very Loyal,5358.26,2.5109,171885.98,85,2022.19,0.3379,24,25,3.4,2009-12-02,2011-12-07,0.998,Stable,0,"High-Value, Reliable, Recent",Low Risk
17512,12,0,12,0.0,Likely to Exit,384.45,1.9319,5432.27,20,271.61,1.2412,50,25,0.8,2009-12-10,2011-11-11,1.753,Increasing,0,"High-Value, Reliable, Recent",High Risk
17513,3,0,3,0.0,Likely to Exit,58.57,3.2539,1158.8,3,386.27,2.2532,94,17,0.1765,2010-08-17,2011-09-28,0.0,Declining,1,"Mid-Value, Unreliable, Recent",High Risk
17514,2,1,1,50.0,At Risk,202.0,2.3218,542.83,2,271.42,3.3339,150,23,0.087,2010-02-08,2011-08-03,0.0,Declining,1,"Mid-Value, Unreliable, Recent",Medium Risk
17515,9,4,5,44.44,At Risk,898.97,4.9943,1617.46,9,179.72,1.2131,53,19,0.4737,2010-06-07,2011-11-08,,Insufficient History,0,"High-Value, Reliable, Recent",Medium Risk
17516,5,3,2,60.0,Likely to Stay,516.97,2.6376,957.55,6,159.59,1.478,37,14,0.4286,2010-11-26,2011-11-24,1.036,Stable,1,"Mid-Value, Unreliable, Recent",Low Risk
17517,1,0,1,0.0,Likely to Exit,27.92,2.5382,153.94,1,153.94,3.1623,330,11,0.0909,2011-02-04,2011-02-04,,Insufficient History,2,"Mid-Value, Unreliable, Lapsed",High Risk
17518,2,1,1,50.0,At Risk,184.05,2.3903,329.42,2,164.71,3.1703,447,22,0.0909,2010-03-28,2010-10-10,,Insufficient History,2,"Mid-Value, Unreliable, Lapsed",Medium Risk
17519,15,2,13,13.33,Likely to Exit,793.04,3.5404,5102.8,17,300.16,0.8961,39,25,0.68,2009-12-01,2011-11-22,1.073,Stable,0,"High-Value, Reliable, Recent",High Risk
17520,1,0,1,0.0,Likely to Exit,98.93,3.2977,546.81,1,546.81,1.4142,75,3,0.3333,2011-10-17,2011-10-17,,Insufficient History,1,"Mid-Value, Unreliable, Recent",High Risk
17521,5,0,5,0.0,Likely to Exit,213.13,2.6978,1276.81,6,212.8,1.4777,46,15,0.4,2010-10-01,2011-11-15,,Insufficient History,1,"Mid-Value, Unreliable, Recent",High Risk
17522,4,0,4,0.0,Likely to Exit,141.95,1.9445,1070.71,5,214.14,1.3201,23,8,0.625,2011-05-05,2011-12-08,1.271,Increasing,1,"Mid-Value, Unreliable, Recent",High Risk
17523,1,1,0,100.0,Very Loyal,103.23,3.1282,652.74,4,163.19,1.0,33,2,2.0,2011-11-20,2011-11-28,,Insufficient History,1,"Mid-Value, Unreliable, Recent",Low Risk
17524,2,0,2,0.0,Likely to Exit,91.9,2.0422,508.9,4,127.22,2.951,383,16,0.25,2010-09-27,2010-12-13,,Insufficient History,2,"Mid-Value, Unreliable, Lapsed",High Risk
17525,3,0,3,0.0,Likely to Exit,131.4,5.0538,1161.9,3,387.3,2.0269,381,15,0.2,2010-10-07,2010-12-15,,Insufficient History,1,"Mid-Value, Unreliable, Recent",High Risk
17526,12,2,10,16.67,Likely to Exit,611.04,6.0499,3676.84,16,229.8,1.419,23,25,0.64,2009-12-17,2011-12-08,,Insufficient History,0,"High-Value, Reliable, Recent",High Risk
17527,4,0,4,0.0,Likely to Exit,171.86,3.5073,888.86,6,148.14,1.0847,75,8,0.75,2011-05-05,2011-10-17,0.285,Declining,1,"Mid-Value, Unreliable, Recent",High Risk
17528,4,3,1,75.0,Likely to Stay,867.84,3.3378,3540.1,11,321.83,0.489,23,4,2.75,2011-09-29,2011-12-08,,Insufficient History,0,"High-Value, Reliable, Recent",Low Risk
17529,2,1,1,50.0,At Risk,305.46,3.7251,1240.25,2,620.12,3.5735,632,24,0.0833,2010-01-11,2010-04-08,,Insufficient History,2,"Mid-Value, Unreliable, Lapsed",Medium Risk
17530,10,6,4,60.0,Likely to Stay,1332.22,2.3832,3140.56,13,241.58,1.3928,23,25,0.52,2009-12-06,2011-12-08,1.571,Increasing,0,"High-Value, Reliable, Recent",Low Risk
17531,6,1,5,16.67,Likely to Exit,295.59,4.5475,1191.22,9,132.36,2.8067,142,25,0.36,2009-12-08,2011-08-11,-0.0,Declining,1,"Mid-Value, Unreliable, Recent",High Risk
17532,1,0,1,0.0,Likely to Exit,10.47,2.6175,65.34,1,65.34,3.6056,407,14,0.0714,2010-11-19,2010-11-19,,Insufficient History,2,"Mid-Value, Unreliable, Lapsed",High Risk
17533,1,0,1,0.0,Likely to Exit,1.45,1.45,34.8,1,34.8,3.7417,456,15,0.0667,2010-10-01,2010-10-01,,Insufficient History,2,"Mid-Value, Unreliable, Lapsed",High Risk
17534,5,0,5,0.0,Likely to Exit,254.98,2.7715,1668.83,5,333.77,1.9894,75,23,0.2174,2010-02-25,2011-10-17,,Insufficient History,1,"Mid-Value, Unreliable, Recent",High Risk
17535,1,0,1,0.0,Likely to Exit,19.15,1.4731,164.4,1,164.4,3.0,302,10,0.1,2011-03-04,2011-03-04,,Insufficient History,2,"Mid-Value, Unreliable, Lapsed",High Risk
17536,3,0,3,0.0,Likely to Exit,72.54,4.5337,364.83,3,121.61,3.4446,199,24,0.125,2010-01-26,2011-06-15,,Insufficient History,1,"Mid-Value, Unreliable, Recent",High Risk
17537,2,1,1,50.0,At Risk,199.53,2.6604,897.62,2,448.81,2.3245,51,11,0.1818,2011-02-09,2011-11-10,,Insufficient History,1,"Mid-Value, Unreliable, Recent",Medium Risk
17538,1,0,1,0.0,Likely to Exit,10.74,1.1933,98.42,1,98.42,1.0,47,2,0.5,2011-11-14,2011-11-14,,Insufficient History,1,"Mid-Value, Unreliable, Recent",High Risk
17539,4,2,2,50.0,At Risk,574.79,3.7815,1047.07,7,149.58,3.2986,639,25,0.28,2009-12-13,2010-04-01,,Insufficient History,2,"Mid-Value, Unreliable, Lapsed",Medium Risk
17540,7,0,7,0.0,Likely to Exit,206.9,3.1831,1582.1,7,226.01,1.7615,30,21,0.3333,2010-04-19,2011-12-01,,Insufficient History,1,"Mid-Value, Unreliable, Recent",High Risk
17541,1,1,0,100.0,Very Loyal,109.37,3.3142,124.46,1,124.46,4.1231,531,18,0.0556,2010-07-18,2010-07-18,,Insufficient History,2,"Mid-Value, Unreliable, Lapsed",Low Risk
17542,2,0,2,0.0,Likely to Exit,148.14,2.2791,341.7,3,113.9,3.1623,291,22,0.1364,2010-03-08,2011-03-15,,Insufficient History,2,"Mid-Value, Unreliable, Lapsed",High Risk
17543,1,0,1,0.0,Likely to Exit,45.2,3.4769,120.05,1,120.05,4.2426,571,19,0.0526,2010-06-08,2010-06-08,,Insufficient History,2,"Mid-Value, Unreliable, Lapsed",High Risk
17544,1,1,0,100.0,Very Loyal,312.23,3.3938,960.69,3,320.23,3.6056,412,14,0.2143,2010-11-14,2010-11-14,,Insufficient History,2,"Mid-Value, Unreliable, Lapsed",Low Risk
17545,3,2,1,66.67,Likely to Stay,704.31,2.5335,1448.54,6,241.42,2.4737,65,20,0.3,2010-05-11,2011-10-27,,Insufficient History,1,"Mid-Value, Unreliable, Recent",Low Risk
17546,1,1,0,100.0,Very Loyal,648.05,648.05,-648.05,1,-648.05,0.0,568,19,0.0526,2010-06-11,2010-06-11,,Insufficient History,3,"Low-Value, Reliable, Lapsed",Low Risk
17547,3,0,3,0.0,Likely to Exit,166.3,4.3763,680.55,4,170.14,3.2624,394,23,0.1739,2010-02-12,2010-12-02,,Insufficient History,2,"Mid-Value, Unreliable, Lapsed",High Risk
17548,4,0,4,0.0,Likely to Exit,94.33,1.7798,345.0,6,57.5,3.0989,239,14,0.4286,2010-11-08,2011-05-06,,Insufficient History,1,"Mid-Value, Unreliable, Recent",High Risk
17549,2,0,2,0.0,Likely to Exit,10.6,1.7667,148.86,2,74.43,1.0386,45,3,0.6667,2011-10-19,2011-11-16,,Insufficient History,1,"Mid-Value, Unreliable, Recent",High Risk
17550,7,4,3,57.14,At Risk,1112.16,3.1685,2206.54,10,220.65,2.0354,219,23,0.4348,2010-02-07,2011-05-26,,Insufficient History,0,"High-Value, Reliable, Recent",Medium Risk
17551,1,1,0,100.0,Very Loyal,109.27,2.5412,306.84,1,306.84,3.4641,381,13,0.0769,2010-12-15,2010-12-15,,Insufficient History,2,"Mid-Value, Unreliable, Lapsed",Low Risk
17552,9,0,9,0.0,Likely to Exit,417.29,2.5759,3039.2,16,189.95,1.5689,64,22,0.7273,2010-03-22,2011-10-28,-0.006,Declining,0,"High-Value, Reliable, Recent",High Risk
17553,3,0,3,0.0,Likely to Exit,17.2,2.8667,3757.6,4,939.4,2.535,151,21,0.1905,2010-04-08,2011-08-02,0.0,Declining,1,"Mid-Value, Unreliable, Recent",High Risk
17554,5,1,4,20.0,Likely to Exit,269.23,3.0594,1952.45,5,390.49,0.7473,23,6,0.8333,2011-07-14,2011-12-08,0.562,Declining,0,"High-Value, Reliable, Recent",High Risk
17555,4,4,0,100.0,Very Loyal,537.14,1.9748,1057.74,5,211.55,2.1733,41,20,0.25,2010-05-02,2011-11-20,,Insufficient History,1,"Mid-Value, Unreliable, Recent",Low Risk
17556,2,0,2,0.0,Likely to Exit,46.64,3.3314,300.67,2,150.34,2.4531,227,14,0.1429,2010-11-25,2011-05-18,,Insufficient History,1,"Mid-Value, Unreliable, Recent",High Risk
17557,4,0,4,0.0,Likely to Exit,100.37,2.8677,575.46,4,143.86,2.8056,36,25,0.16,2009-12-07,2011-11-25,0.878,Declining,1,"Mid-Value, Unreliable, Recent",High Risk
17558,1,1,0,100.0,Very Loyal,125.92,4.4971,259.17,1,259.17,3.6056,415,14,0.0714,2010-11-11,2010-11-11,,Insufficient History,2,"Mid-Value, Unreliable, Lapsed",Low Risk
17559,1,0,1,0.0,Likely to Exit,9.44,0.7867,167.62,1,167.62,4.1231,534,18,0.0556,2010-07-15,2010-07-15,,Insufficient History,2,"Mid-Value, Unreliable, Lapsed",High Risk
17560,8,0,8,0.0,Likely to Exit,127.76,2.2814,1895.8,9,210.64,1.5907,116,23,0.3913,2010-02-17,2011-09-06,0.0,Declining,1,"Mid-Value, Unreliable, Recent",High Risk
17561,4,3,1,75.0,Likely to Stay,498.21,2.4542,722.34,4,180.59,2.2962,41,25,0.16,2009-12-06,2011-11-20,,Insufficient History,1,"Mid-Value, Unreliable, Recent",Low Risk
17562,6,0,6,0.0,Likely to Exit,123.25,1.9258,1107.38,8,138.42,0.5798,36,7,1.1429,2011-06-19,2011-11-25,0.488,Declining,1,"Mid-Value, Unreliable, Recent",High Risk
17563,2,0,2,0.0,Likely to Exit,94.07,2.6877,309.28,5,61.86,4.0994,600,21,0.2381,2010-04-07,2010-05-10,,Insufficient History,2,"Mid-Value, Unreliable, Lapsed",High Risk
17564,3,0,3,0.0,Likely to Exit,182.4,3.7224,454.01,3,151.34,0.66,46,4,0.75,2011-09-20,2011-11-15,,Insufficient History,1,"Mid-Value, Unreliable, Recent",High Risk
17565,1,0,1,0.0,Likely to Exit,85.39,2.8463,131.83,1,131.83,4.3589,608,20,0.05,2010-05-02,2010-05-02,,Insufficient History,2,"Mid-Value, Unreliable, Lapsed",High Risk
17566,2,2,0,100.0,Very Loyal,403.4,2.6539,901.21,2,450.6,0.0807,30,2,1.0,2011-11-14,2011-12-01,,Insufficient History,1,"Mid-Value, Unreliable, Recent",Low Risk
17567,9,1,8,11.11,Likely to Exit,584.92,2.489,5037.11,11,457.92,1.022,29,16,0.6875,2010-09-24,2011-12-02,1.894,Increasing,0,"High-Value, Reliable, Recent",High Risk
17568,1,0,1,0.0,Likely to Exit,98.98,1.5228,382.79,1,382.79,4.5826,655,22,0.0455,2010-03-16,2010-03-16,,Insufficient History,2,"Mid-Value, Unreliable, Lapsed",High Risk
17569,1,0,1,0.0,Likely to Exit,97.24,3.3531,344.14,1,344.14,3.3166,354,12,0.0833,2011-01-11,2011-01-11,,Insufficient History,2,"Mid-Value, Unreliable, Lapsed",High Risk
17570,1,1,0,100.0,Very Loyal,200.0,100.0,0.0,2,0.0,3.6056,403,14,0.1429,2010-11-23,2010-11-23,,Insufficient History,3,"Low-Value, Reliable, Lapsed",Low Risk
17571,5,3,2,60.0,Likely to Stay,952.1,2.6972,1703.75,5,340.75,2.4203,72,19,0.2632,2010-06-15,2011-10-20,4.657,Increasing,1,"Mid-Value, Unreliable, Recent",Low Risk
17572,8,0,8,0.0,Likely to Exit,95.69,2.6581,723.01,10,72.3,1.7726,93,25,0.4,2009-12-15,2011-09-29,0.0,Declining,1,"Mid-Value, Unreliable, Recent",High Risk
17573,2,0,2,0.0,Likely to Exit,58.02,2.2315,362.9,4,90.73,1.0018,51,4,1.0,2011-09-07,2011-11-10,,Insufficient History,1,"Mid-Value, Unreliable, Recent",High Risk
17574,1,0,1,0.0,Likely to Exit,26.53,3.3162,185.65,1,185.65,2.8284,264,9,0.1111,2011-04-11,2011-04-11,,Insufficient History,2,"Mid-Value, Unreliable, Lapsed",High Risk
17575,1,0,1,0.0,Likely to Exit,30.8,6.16,171.7,1,171.7,4.6904,689,23,0.0435,2010-02-10,2010-02-10,,Insufficient History,2,"Mid-Value, Unreliable, Lapsed",High Risk
17576,25,14,11,56.0,At Risk,3036.33,3.2474,8885.66,45,197.46,0.5741,30,25,1.8,2009-12-03,2011-12-01,0.717,Declining,0,"High-Value, Reliable, Recent",Medium Risk
17577,2,0,2,0.0,Likely to Exit,51.9,2.4714,348.75,2,174.37,3.4573,667,23,0.087,2010-02-09,2010-03-04,,Insufficient History,2,"Mid-Value, Unreliable, Lapsed",High Risk
17578,5,1,4,20.0,Likely to Exit,239.46,3.4209,1003.73,10,100.37,2.0242,212,19,0.5263,2010-06-28,2011-06-02,,Insufficient History,1,"Mid-Value, Unreliable, Recent",High Risk
17579,5,1,4,20.0,Likely to Exit,331.35,3.4516,744.58,5,148.92,2.176,26,20,0.25,2010-05-10,2011-12-05,1.821,Increasing,1,"Mid-Value, Unreliable, Recent",High Risk
17580,5,0,5,0.0,Likely to Exit,255.03,2.6845,545.27,5,109.05,1.6466,274,15,0.3333,2010-10-13,2011-04-01,,Insufficient History,1,"Mid-Value, Unreliable, Recent",High Risk
17581,21,13,8,61.9,Likely to Stay,2928.28,3.3238,18247.47,53,344.29,0.7417,22,25,2.12,2009-12-03,2011-12-09,0.749,Declining,0,"High-Value, Reliable, Recent",Low Risk
17582,5,1,4,20.0,Likely to Exit,389.25,3.114,1433.7,6,238.95,2.0645,258,22,0.2727,2010-03-26,2011-04-17,,Insufficient History,1,"Mid-Value, Unreliable, Recent",High Risk
17583,1,0,1,0.0,Likely to Exit,19.65,2.8071,135.95,1,135.95,4.3589,582,20,0.05,2010-05-28,2010-05-28,,Insufficient History,2,"Mid-Value, Unreliable, Lapsed",High Risk
17584,7,1,6,14.29,Likely to Exit,513.83,4.1106,5294.42,7,756.35,2.109,29,24,0.2917,2010-01-25,2011-12-02,0.638,Declining,0,"High-Value, Reliable, Recent",High Risk
17585,6,2,4,33.33,Likely to Exit,716.3,1.8043,2093.3,7,299.04,1.5398,131,17,0.4118,2010-08-18,2011-08-22,0.0,Declining,0,"High-Value, Reliable, Recent",Medium Risk
17586,1,0,1,0.0,Likely to Exit,23.8,2.975,167.4,1,167.4,4.5826,641,22,0.0455,2010-03-30,2010-03-30,,Insufficient History,2,"Mid-Value, Unreliable, Lapsed",High Risk
17587,1,1,0,100.0,Very Loyal,146.13,3.3984,181.66,1,181.66,4.5826,650,22,0.0455,2010-03-21,2010-03-21,,Insufficient History,2,"Mid-Value, Unreliable, Lapsed",Low Risk
17588,7,0,7,0.0,Likely to Exit,342.98,4.5731,2901.65,9,322.41,1.5251,122,22,0.4091,2010-03-12,2011-08-31,0.0,Declining,0,"High-Value, Reliable, Recent",High Risk
17589,11,11,0,100.0,Very Loyal,3326.38,2.4585,13904.82,21,662.13,1.3599,82,22,0.9545,2010-03-07,2011-10-10,0.888,Declining,0,"High-Value, Reliable, Recent",Low Risk
17590,3,2,1,66.67,Likely to Stay,536.35,2.6684,1479.22,3,493.07,0.4535,24,3,1.0,2011-10-30,2011-12-07,,Insufficient History,0,"High-Value, Reliable, Recent",Low Risk
17591,8,2,6,25.0,Likely to Exit,1010.7,3.7572,2765.72,9,307.3,1.7385,95,24,0.375,2010-01-17,2011-09-27,0.0,Declining,0,"High-Value, Reliable, Recent",High Risk
17592,1,1,0,100.0,Very Loyal,103.1,3.9654,0.0,2,0.0,4.899,760,25,0.08,2009-12-01,2009-12-01,,Insufficient History,3,"Low-Value, Reliable, Lapsed",Low Risk
17593,10,3,7,30.0,Likely to Exit,1135.36,2.7097,8044.0,15,536.27,1.4972,25,25,0.6,2009-12-04,2011-12-06,0.395,Declining,0,"High-Value, Reliable, Recent",Medium Risk
17594,4,0,4,0.0,Likely to Exit,227.85,2.1909,2497.88,4,624.47,2.1967,107,21,0.1905,2010-04-14,2011-09-15,0.0,Declining,1,"Mid-Value, Unreliable, Recent",High Risk
17595,1,1,0,100.0,Very Loyal,207.31,2.4977,388.79,2,194.39,1.0,34,2,1.0,2011-11-02,2011-11-27,,Insufficient History,1,"Mid-Value, Unreliable, Recent",Low Risk
17596,12,5,7,41.67,At Risk,1089.78,1.9495,4907.32,14,350.52,1.2684,45,25,0.56,2009-12-15,2011-11-16,2.421,Increasing,0,"High-Value, Reliable, Recent",Medium Risk
17597,5,2,3,40.0,At Risk,429.58,3.2058,3425.29,7,489.33,2.6212,235,20,0.35,2010-05-05,2011-05-10,,Insufficient History,0,"High-Value, Reliable, Recent",Medium Risk
17598,1,0,1,0.0,Likely to Exit,32.69,3.269,409.98,1,409.98,3.6056,403,14,0.0714,2010-11-23,2010-11-23,,Insufficient History,2,"Mid-Value, Unreliable, Lapsed",High Risk
17599,2,0,2,0.0,Likely to Exit,22.95,4.59,44.55,3,14.85,4.0,486,17,0.1765,2010-08-19,2010-09-01,,Insufficient History,2,"Mid-Value, Unreliable, Lapsed",High Risk
17600,1,0,1,0.0,Likely to Exit,45.9,3.5308,161.67,1,161.67,1.0,39,2,0.5,2011-11-22,2011-11-22,,Insufficient History,1,"Mid-Value, Unreliable, Recent",High Risk
17601,2,1,1,50.0,At Risk,181.26,2.385,421.48,2,210.74,2.7229,261,14,0.1429,2010-11-24,2011-04-14,,Insufficient History,1,"Mid-Value, Unreliable, Recent",Medium Risk
17602,12,9,3,75.0,Likely to Stay,1907.49,2.0357,7337.43,18,407.63,1.2192,24,22,0.8182,2010-03-30,2011-12-07,2.12,Increasing,0,"High-Value, Reliable, Recent",Low Risk
17603,8,3,5,37.5,Likely to Exit,1493.1,12.8716,120.01,11,10.91,2.5395,72,25,0.44,2009-12-10,2011-10-20,0.006,Declining,1,"Mid-Value, Unreliable, Recent",Medium Risk
17604,6,1,5,16.67,Likely to Exit,485.7,2.3129,945.93,6,157.66,1.7632,239,24,0.25,2010-01-27,2011-05-06,,Insufficient History,1,"Mid-Value, Unreliable, Recent",High Risk
17605,1,0,1,0.0,Likely to Exit,28.75,2.2115,160.75,1,160.75,4.4721,612,21,0.0476,2010-04-28,2010-04-28,,Insufficient History,2,"Mid-Value, Unreliable, Lapsed",High Risk
17606,1,0,1,0.0,Likely to Exit,13.3,2.2167,87.3,1,87.3,4.899,759,25,0.04,2009-12-02,2009-12-02,,Insufficient History,2,"Mid-Value, Unreliable, Lapsed",High Risk
17607,1,0,1,0.0,Likely to Exit,53.68,2.44,333.81,1,333.81,3.6056,398,14,0.0714,2010-11-28,2010-11-28,,Insufficient History,2,"Mid-Value, Unreliable, Lapsed",High Risk
17608,3,0,3,0.0,Likely to Exit,200.82,1.1883,498.53,4,124.63,2.4738,55,21,0.1905,2010-04-11,2011-11-06,,Insufficient History,1,"Mid-Value, Unreliable, Recent",High Risk
17609,8,4,4,50.0,At Risk,851.59,2.1724,1758.99,14,125.64,1.5948,62,21,0.6667,2010-04-09,2011-10-30,1.693,Increasing,0,"High-Value, Reliable, Recent",Medium Risk
17610,5,2,3,40.0,At Risk,531.66,3.091,1427.84,8,178.48,2.9319,562,25,0.32,2009-12-06,2010-06-17,,Insufficient History,2,"Mid-Value, Unreliable, Lapsed",Medium Risk
17611,21,13,8,61.9,Likely to Stay,3029.51,2.6739,8205.38,35,234.44,0.685,25,25,1.4,2009-12-01,2011-12-06,1.094,Stable,0,"High-Value, Reliable, Recent",Low Risk
17612,16,3,13,18.75,Likely to Exit,1256.53,3.4145,5156.14,32,161.13,0.9144,75,25,1.28,2009-12-08,2011-10-17,0.367,Declining,0,"High-Value, Reliable, Recent",High Risk
17613,9,3,6,33.33,Likely to Exit,851.32,2.6687,4509.37,17,265.26,0.6851,44,11,1.5455,2011-02-07,2011-11-17,0.811,Declining,0,"High-Value, Reliable, Recent",Medium Risk
17614,1,1,0,100.0,Very Loyal,221.16,2.2116,390.07,1,390.07,1.4142,79,3,0.3333,2011-10-13,2011-10-13,,Insufficient History,1,"Mid-Value, Unreliable, Recent",Low Risk
17615,5,1,4,20.0,Likely to Exit,182.56,3.0427,725.7,7,103.67,1.8543,152,17,0.4118,2010-08-11,2011-08-01,0.0,Declining,1,"Mid-Value, Unreliable, Recent",High Risk
17616,4,0,4,0.0,Likely to Exit,12.75,2.55,1060.8,4,265.2,2.4313,195,16,0.25,2010-09-14,2011-06-19,,Insufficient History,1,"Mid-Value, Unreliable, Recent",High Risk
17617,1,0,1,0.0,Likely to Exit,58.8,2.8,237.28,2,118.64,4.3589,580,20,0.1,2010-05-18,2010-05-30,,Insufficient History,2,"Mid-Value, Unreliable, Lapsed",High Risk
17618,9,5,4,55.56,At Risk,1383.56,3.6409,4047.94,13,311.38,1.4942,27,24,0.5417,2010-01-24,2011-12-04,,Insufficient History,0,"High-Value, Reliable, Recent",Medium Risk
17619,1,1,0,100.0,Very Loyal,138.88,1.8036,218.52,1,218.52,3.3166,334,12,0.0833,2011-01-31,2011-01-31,,Insufficient History,2,"Mid-Value, Unreliable, Lapsed",Low Risk
17620,1,0,1,0.0,Likely to Exit,11.03,2.7575,81.44,1,81.44,1.4142,81,3,0.3333,2011-10-11,2011-10-11,,Insufficient History,1,"Mid-Value, Unreliable, Recent",High Risk
17621,6,1,5,16.67,Likely to Exit,243.98,3.5879,3029.32,8,378.67,2.2076,43,15,0.5333,2010-10-04,2011-11-18,,Insufficient History,0,"High-Value, Reliable, Recent",High Risk
17622,1,1,0,100.0,Very Loyal,156.9,4.0231,1125.17,3,375.06,4.4721,618,21,0.1429,2010-04-20,2010-04-22,,Insufficient History,2,"Mid-Value, Unreliable, Lapsed",Low Risk
17623,7,4,3,57.14,At Risk,879.81,4.4888,2383.67,7,340.52,1.706,54,25,0.28,2009-12-14,2011-11-07,,Insufficient History,0,"High-Value, Reliable, Recent",Medium Risk
17624,4,1,3,25.0,Likely to Exit,302.9,3.1227,1568.63,4,392.16,2.3103,36,25,0.16,2009-12-20,2011-11-25,,Insufficient History,1,"Mid-Value, Unreliable, Recent",High Risk
17625,8,8,0,100.0,Very Loyal,1728.54,2.4588,6067.8,8,758.48,1.7122,40,25,0.32,2009-12-15,2011-11-21,1.186,Increasing,0,"High-Value, Reliable, Recent",Low Risk
17626,1,0,1,0.0,Likely to Exit,33.81,1.8783,254.0,1,254.0,4.4721,624,21,0.0476,2010-04-16,2010-04-16,,Insufficient History,2,"Mid-Value, Unreliable, Lapsed",High Risk
17627,2,0,2,0.0,Likely to Exit,22.44,2.04,285.11,2,142.56,4.899,500,25,0.08,2009-12-10,2010-08-18,,Insufficient History,2,"Mid-Value, Unreliable, Lapsed",High Risk
17628,1,0,1,0.0,Likely to Exit,12.05,2.41,75.75,1,75.75,1.7321,103,4,0.25,2011-09-19,2011-09-19,,Insufficient History,1,"Mid-Value, Unreliable, Recent",High Risk
17629,11,0,11,0.0,Likely to Exit,390.75,2.4889,2425.52,11,220.5,1.0415,27,15,0.7333,2010-10-14,2011-12-04,12.201,Increasing,0,"High-Value, Reliable, Recent",High Risk
17630,2,1,1,50.0,At Risk,203.45,7.825,503.6,2,251.8,1.9993,191,9,0.2222,2011-04-21,2011-06-23,,Insufficient History,1,"Mid-Value, Unreliable, Recent",Medium Risk
17631,6,1,5,16.67,Likely to Exit,245.14,3.5528,998.49,7,142.64,1.9518,23,25,0.28,2009-12-09,2011-12-08,0.981,Stable,1,"Mid-Value, Unreliable, Recent",High Risk
17632,1,0,1,0.0,Likely to Exit,12.7,6.35,-12.7,2,-6.35,0.0,739,25,0.08,2009-12-22,2009-12-22,,Insufficient History,3,"Low-Value, Reliable, Lapsed",High Risk
17633,6,2,4,33.33,Likely to Exit,337.37,3.2754,1974.89,9,219.43,1.7102,53,14,0.6429,2010-11-15,2011-11-08,0.304,Declining,0,"High-Value, Reliable, Recent",Medium Risk
17634,8,3,5,37.5,Likely to Exit,1106.83,3.7267,2361.97,9,262.44,1.1646,58,12,0.75,2011-01-06,2011-11-03,1.059,Stable,0,"High-Value, Reliable, Recent",Medium Risk
17635,4,1,3,25.0,Likely to Exit,206.69,2.7559,1256.83,4,314.21,2.5169,446,21,0.1905,2010-04-28,2010-10-11,,Insufficient History,2,"Mid-Value, Unreliable, Lapsed",High Risk
17636,2,0,2,0.0,Likely to Exit,60.74,2.5308,265.93,2,132.97,1.0,30,2,1.0,2011-11-20,2011-12-01,,Insufficient History,1,"Mid-Value, Unreliable, Recent",High Risk
17637,2,0,2,0.0,Likely to Exit,120.15,3.4329,547.06,2,273.53,1.2818,53,5,0.4,2011-08-16,2011-11-08,,Insufficient History,1,"Mid-Value, Unreliable, Recent",High Risk
17638,2,0,2,0.0,Likely to Exit,5.85,1.95,842.4,2,421.2,3.7375,669,25,0.08,2009-12-18,2010-03-02,,Insufficient History,2,"Mid-Value, Unreliable, Lapsed",High Risk
17639,3,0,3,0.0,Likely to Exit,191.1,2.419,615.17,6,102.53,2.3059,298,17,0.3529,2010-08-13,2011-03-08,,Insufficient History,1,"Mid-Value, Unreliable, Recent",High Risk
17640,6,0,6,0.0,Likely to Exit,159.54,2.3462,3107.59,8,388.45,1.9308,108,22,0.3636,2010-03-23,2011-09-14,0.0,Declining,0,"High-Value, Reliable, Recent",High Risk
17641,1,0,1,0.0,Likely to Exit,6.95,6.95,-6.95,1,-6.95,0.0,760,25,0.04,2009-12-01,2009-12-01,,Insufficient History,3,"Low-Value, Reliable, Lapsed",High Risk
17642,5,0,5,0.0,Likely to Exit,230.05,2.1301,1824.49,5,364.9,2.0372,141,25,0.2,2009-12-05,2011-08-12,0.0,Declining,1,"Mid-Value, Unreliable, Recent",High Risk
17643,2,0,2,0.0,Likely to Exit,139.4,3.5744,541.25,2,270.62,2.9258,395,18,0.1111,2010-07-22,2010-12-01,,Insufficient History,2,"Mid-Value, Unreliable, Lapsed",High Risk
17644,19,3,16,15.79,Likely to Exit,1073.65,3.1211,5864.54,28,209.45,0.8389,23,23,1.2174,2010-02-16,2011-12-08,0.643,Declining,0,"High-Value, Reliable, Recent",High Risk
17645,1,0,1,0.0,Likely to Exit,4.95,4.95,-9.9,1,-9.9,0.0,750,25,0.04,2009-12-11,2009-12-11,,Insufficient History,3,"Low-Value, Reliable, Lapsed",High Risk
17646,12,7,5,58.33,At Risk,1108.9,5.1818,4094.16,16,255.88,1.0936,241,25,0.64,2009-12-16,2011-05-04,,Insufficient History,0,"High-Value, Reliable, Recent",Medium Risk
17647,2,0,2,0.0,Likely to Exit,75.53,6.2942,331.66,3,110.55,3.3089,87,23,0.1304,2010-02-08,2011-10-05,,Insufficient History,1,"Mid-Value, Unreliable, Recent",High Risk
17648,5,3,2,60.0,Likely to Stay,574.43,4.559,2208.42,6,368.07,1.6156,82,14,0.4286,2010-11-19,2011-10-10,,Insufficient History,0,"High-Value, Reliable, Recent",Low Risk
17649,2,2,0,100.0,Very Loyal,374.78,3.7107,1542.44,5,308.49,2.7541,156,17,0.2941,2010-08-24,2011-07-28,0.0,Declining,0,"High-Value, Reliable, Recent",Low Risk
17650,1,0,1,0.0,Likely to Exit,15.17,1.8962,166.08,1,166.08,1.0,43,2,0.5,2011-11-18,2011-11-18,,Insufficient History,1,"Mid-Value, Unreliable, Recent",High Risk
17651,7,3,4,42.86,At Risk,798.6,2.3419,5632.59,22,256.03,1.6894,33,18,1.2222,2010-07-01,2011-11-28,1.967,Increasing,0,"High-Value, Reliable, Recent",Medium Risk
17652,8,2,6,25.0,Likely to Exit,927.56,3.4354,4737.13,18,263.17,1.0966,47,10,1.8,2011-03-03,2011-11-14,1.856,Increasing,0,"High-Value, Reliable, Recent",High Risk
17653,3,1,2,33.33,Likely to Exit,207.42,4.1484,1175.88,5,235.18,1.328,51,5,1.0,2011-08-11,2011-11-10,,Insufficient History,1,"Mid-Value, Unreliable, Recent",Medium Risk
17654,1,0,1,0.0,Likely to Exit,69.45,3.1568,117.55,1,117.55,3.0,299,10,0.1,2011-03-07,2011-03-07,,Insufficient History,2,"Mid-Value, Unreliable, Lapsed",High Risk
17655,8,1,7,12.5,Likely to Exit,552.3,4.527,3585.28,10,358.53,1.458,32,15,0.6667,2010-10-19,2011-11-29,2.447,Increasing,0,"High-Value, Reliable, Recent",High Risk
17656,2,1,1,50.0,At Risk,227.35,2.7726,1674.69,5,334.94,1.2366,95,5,1.0,2011-08-03,2011-09-27,,Insufficient History,0,"High-Value, Reliable, Recent",Medium Risk
17657,1,0,1,0.0,Likely to Exit,15.75,2.25,126.0,1,126.0,3.7417,452,15,0.0667,2010-10-05,2010-10-05,,Insufficient History,2,"Mid-Value, Unreliable, Lapsed",High Risk
17658,2,0,2,0.0,Likely to Exit,54.08,2.3513,485.88,3,161.96,1.7372,32,8,0.375,2011-05-12,2011-11-29,,Insufficient History,1,"Mid-Value, Unreliable, Recent",High Risk
17659,9,3,6,33.33,Likely to Exit,863.82,4.153,3784.13,17,222.6,1.1827,25,14,1.2143,2010-11-18,2011-12-06,2.612,Increasing,0,"High-Value, Reliable, Recent",Medium Risk
17660,2,1,1,50.0,At Risk,196.51,2.208,359.47,2,179.74,3.4062,163,25,0.08,2009-12-02,2011-07-21,0.0,Declining,1,"Mid-Value, Unreliable, Recent",Medium Risk
17661,1,0,1,0.0,Likely to Exit,6.75,6.75,-54.0,1,-54.0,0.0,663,22,0.0455,2010-03-08,2010-03-08,,Insufficient History,3,"Low-Value, Reliable, Lapsed",High Risk
17662,2,0,2,0.0,Likely to Exit,68.31,4.554,412.92,2,206.46,4.2187,683,25,0.08,2009-12-17,2010-02-16,,Insufficient History,2,"Mid-Value, Unreliable, Lapsed",High Risk
17663,15,4,11,26.67,Likely to Exit,1121.02,4.5021,5081.04,23,220.91,1.3565,47,25,0.92,2009-12-03,2011-11-14,1.051,Stable,0,"High-Value, Reliable, Recent",High Risk
17664,4,0,4,0.0,Likely to Exit,167.84,2.098,1166.23,4,291.56,2.1334,40,22,0.1818,2010-03-29,2011-11-21,,Insufficient History,1,"Mid-Value, Unreliable, Recent",High Risk
17665,1,0,1,0.0,Likely to Exit,28.75,1.5132,563.1,1,563.1,4.0,515,17,0.0588,2010-08-03,2010-08-03,,Insufficient History,2,"Mid-Value, Unreliable, Lapsed",High Risk
17666,4,0,4,0.0,Likely to Exit,81.22,1.8459,2047.8,5,409.56,2.2945,25,19,0.2632,2010-06-30,2011-12-06,,Insufficient History,1,"Mid-Value, Unreliable, Recent",High Risk
17667,10,2,8,20.0,Likely to Exit,772.75,3.2883,3883.8,12,323.65,1.554,88,23,0.5217,2010-02-23,2011-10-04,0.772,Declining,0,"High-Value, Reliable, Recent",High Risk
17668,2,0,2,0.0,Likely to Exit,110.05,7.3367,347.75,2,173.88,0.0692,23,2,1.0,2011-11-01,2011-12-08,,Insufficient History,1,"Mid-Value, Unreliable, Recent",High Risk
17669,9,1,8,11.11,Likely to Exit,303.86,2.1101,6142.35,10,614.24,1.4079,64,21,0.4762,2010-04-01,2011-10-28,0.188,Declining,0,"High-Value, Reliable, Recent",High Risk
17670,1,0,1,0.0,Likely to Exit,28.5,2.5909,205.7,1,205.7,2.8284,249,9,0.1111,2011-04-26,2011-04-26,,Insufficient History,2,"Mid-Value, Unreliable, Lapsed",High Risk
17671,5,1,4,20.0,Likely to Exit,352.23,3.5223,2114.71,7,302.1,1.4568,37,14,0.5,2010-11-29,2011-11-24,3.712,Increasing,0,"High-Value, Reliable, Recent",High Risk
17672,7,3,4,42.86,At Risk,904.39,4.2862,5707.08,9,634.12,2.1558,65,24,0.375,2010-01-26,2011-10-27,,Insufficient History,0,"High-Value, Reliable, Recent",Medium Risk
17673,11,3,8,27.27,Likely to Exit,870.82,1.6682,4216.33,15,281.09,1.1242,23,22,0.6818,2010-03-19,2011-12-08,,Insufficient History,0,"High-Value, Reliable, Recent",High Risk
17674,2,0,2,0.0,Likely to Exit,27.73,0.7297,851.7,2,425.85,2.5697,96,13,0.1538,2010-12-06,2011-09-26,0.0,Declining,1,"Mid-Value, Unreliable, Recent",High Risk
17675,25,12,13,48.0,At Risk,4123.11,3.5422,37605.84,90,417.84,0.4787,23,25,3.6,2009-12-10,2011-12-08,0.818,Declining,0,"High-Value, Reliable, Recent",Medium Risk
17676,10,0,10,0.0,Likely to Exit,326.25,1.9305,2722.52,13,209.42,1.4545,26,22,0.5909,2010-03-30,2011-12-05,1.543,Increasing,0,"High-Value, Reliable, Recent",High Risk
17677,25,8,17,32.0,Likely to Exit,2121.35,2.7876,35866.63,91,394.14,0.5779,23,25,3.64,2009-12-11,2011-12-08,0.679,Declining,0,"High-Value, Reliable, Recent",Medium Risk
17678,3,0,3,0.0,Likely to Exit,106.67,3.6783,579.81,3,193.27,3.0823,285,21,0.1429,2010-04-15,2011-03-21,,Insufficient History,1,"Mid-Value, Unreliable, Recent",High Risk
17679,7,0,7,0.0,Likely to Exit,291.41,2.7753,3166.56,11,287.87,2.4014,74,25,0.44,2009-12-03,2011-10-18,0.212,Declining,0,"High-Value, Reliable, Recent",High Risk
17680,3,1,2,33.33,Likely to Exit,146.3,6.9667,462.5,4,115.62,2.396,45,18,0.2222,2010-07-16,2011-11-16,,Insufficient History,1,"Mid-Value, Unreliable, Recent",Medium Risk
17681,4,0,4,0.0,Likely to Exit,40.77,2.718,529.6,6,88.27,3.3674,619,25,0.24,2009-12-11,2010-04-21,,Insufficient History,2,"Mid-Value, Unreliable, Lapsed",High Risk
17682,12,0,12,0.0,Likely to Exit,583.69,2.4422,4441.78,12,370.15,1.1439,32,22,0.5455,2010-03-08,2011-11-29,0.726,Declining,0,"High-Value, Reliable, Recent",High Risk
17683,3,0,3,0.0,Likely to Exit,96.75,2.1033,819.01,3,273.0,2.7691,407,19,0.1579,2010-06-03,2010-11-19,,Insufficient History,2,"Mid-Value, Unreliable, Lapsed",High Risk
17684,1,0,1,0.0,Likely to Exit,43.74,2.916,239.41,1,239.41,1.4142,65,3,0.3333,2011-10-27,2011-10-27,,Insufficient History,1,"Mid-Value, Unreliable, Recent",High Risk
17685,12,1,11,8.33,Likely to Exit,417.47,1.9417,5928.17,14,423.44,1.2977,38,23,0.6087,2010-02-11,2011-11-23,0.305,Declining,0,"High-Value, Reliable, Recent",High Risk
17686,7,5,2,71.43,Likely to Stay,1629.93,3.7994,8296.81,9,921.87,1.4241,29,19,0.4737,2010-06-24,2011-12-02,0.304,Declining,0,"High-Value, Reliable, Recent",Low Risk
17687,1,0,1,0.0,Likely to Exit,73.44,2.8246,432.68,1,432.68,3.7417,442,15,0.0667,2010-10-15,2010-10-15,,Insufficient History,2,"Mid-Value, Unreliable, Lapsed",High Risk
17688,1,0,1,0.0,Likely to Exit,75.6,3.78,286.5,2,143.25,3.6056,396,14,0.1429,2010-11-11,2010-11-30,,Insufficient History,2,"Mid-Value, Unreliable, Lapsed",High Risk
17689,2,0,2,0.0,Likely to Exit,26.38,1.1991,317.08,2,158.54,2.742,410,17,0.1176,2010-08-22,2010-11-16,,Insufficient History,2,"Mid-Value, Unreliable, Lapsed",High Risk
17690,13,8,5,61.54,Likely to Stay,1994.83,5.1814,7438.6,21,354.22,1.2208,52,23,0.913,2010-02-03,2011-11-09,2.64,Increasing,0,"High-Value, Reliable, Recent",Low Risk
17691,3,0,3,0.0,Likely to Exit,175.15,3.3047,769.85,5,153.97,2.5949,380,19,0.2632,2010-06-11,2010-12-16,,Insufficient History,1,"Mid-Value, Unreliable, Recent",High Risk
17692,11,0,11,0.0,Likely to Exit,312.47,1.9053,2962.4,14,211.6,1.1411,149,19,0.7368,2010-06-17,2011-08-04,0.0,Declining,0,"High-Value, Reliable, Recent",High Risk
17693,1,0,1,0.0,Likely to Exit,46.77,2.5983,187.02,3,62.34,2.2361,158,6,0.5,2011-07-25,2011-07-26,0.0,Declining,1,"Mid-Value, Unreliable, Recent",High Risk
17694,3,0,3,0.0,Likely to Exit,135.76,1.676,1695.97,3,565.32,2.5738,163,20,0.15,2010-05-26,2011-07-21,0.0,Declining,1,"Mid-Value, Unreliable, Recent",High Risk
17695,5,0,5,0.0,Likely to Exit,82.34,1.3281,1720.54,6,286.76,1.9638,153,24,0.25,2010-01-28,2011-07-31,0.0,Declining,1,"Mid-Value, Unreliable, Recent",High Risk
17696,19,2,17,10.53,Likely to Exit,914.71,2.2868,7380.89,48,153.77,0.946,60,25,1.92,2009-12-10,2011-11-01,0.367,Declining,0,"High-Value, Reliable, Recent",High Risk
17697,1,0,1,0.0,Likely to Exit,96.6,5.0842,338.95,1,338.95,2.8284,258,9,0.1111,2011-04-17,2011-04-17,,Insufficient History,1,"Mid-Value, Unreliable, Recent",High Risk
17698,1,0,1,0.0,Likely to Exit,17.1,2.1375,154.95,1,154.95,3.0,282,10,0.1,2011-03-24,2011-03-24,,Insufficient History,2,"Mid-Value, Unreliable, Lapsed",High Risk
17699,2,0,2,0.0,Likely to Exit,62.45,3.2868,442.0,2,221.0,3.0496,498,20,0.1,2010-05-27,2010-08-20,,Insufficient History,2,"Mid-Value, Unreliable, Lapsed",High Risk
17700,14,5,9,35.71,Likely to Exit,1303.98,3.5434,6630.87,17,390.05,1.0425,38,25,0.68,2009-12-01,2011-11-23,1.533,Increasing,0,"High-Value, Reliable, Recent",Medium Risk
17701,1,1,0,100.0,Very Loyal,138.1,5.7542,417.95,1,417.95,2.8284,274,9,0.1111,2011-04-01,2011-04-01,,Insufficient History,2,"Mid-Value, Unreliable, Lapsed",Low Risk
17702,7,1,6,14.29,Likely to Exit,403.6,2.4024,2911.79,9,323.53,1.6382,52,14,0.6429,2010-11-04,2011-11-09,0.888,Declining,0,"High-Value, Reliable, Recent",High Risk
17703,4,0,4,0.0,Likely to Exit,122.01,1.5642,1094.84,4,273.71,1.6726,57,15,0.2667,2010-10-17,2011-11-04,0.627,Declining,1,"Mid-Value, Unreliable, Recent",High Risk
17704,2,0,2,0.0,Likely to Exit,121.48,3.9187,885.19,2,442.59,1.8895,190,9,0.2222,2011-04-14,2011-06-24,,Insufficient History,1,"Mid-Value, Unreliable, Recent",High Risk
17705,10,0,10,0.0,Likely to Exit,372.4,2.9792,2041.5,12,170.13,1.2111,25,20,0.6,2010-05-12,2011-12-06,0.797,Declining,0,"High-Value, Reliable, Recent",High Risk
17706,14,11,3,78.57,Likely to Stay,3241.37,4.0416,19543.9,43,454.51,1.258,26,24,1.7917,2010-01-19,2011-12-05,0.636,Declining,0,"High-Value, Reliable, Recent",Low Risk
17707,8,0,8,0.0,Likely to Exit,44.75,1.79,605.05,9,67.23,1.5534,207,25,0.36,2009-12-07,2011-06-07,,Insufficient History,1,"Mid-Value, Unreliable, Recent",High Risk
17708,4,0,4,0.0,Likely to Exit,240.13,3.245,887.93,4,221.98,1.8346,209,15,0.2667,2010-10-12,2011-06-05,,Insufficient History,1,"Mid-Value, Unreliable, Recent",High Risk
17709,3,1,2,33.33,Likely to Exit,241.74,6.0435,671.01,5,134.2,2.8079,191,21,0.2381,2010-04-15,2011-06-23,,Insufficient History,1,"Mid-Value, Unreliable, Recent",Medium Risk
17710,1,0,1,0.0,Likely to Exit,80.17,4.0085,293.5,1,293.5,3.7417,445,15,0.0667,2010-10-12,2010-10-12,,Insufficient History,2,"Mid-Value, Unreliable, Lapsed",High Risk
17711,2,0,2,0.0,Likely to Exit,56.42,2.453,385.1,2,192.55,2.1485,32,11,0.1818,2011-02-23,2011-11-29,,Insufficient History,1,"Mid-Value, Unreliable, Recent",High Risk
17712,1,1,0,100.0,Very Loyal,135.29,4.6652,522.91,1,522.91,1.4142,66,3,0.3333,2011-10-26,2011-10-26,,Insufficient History,1,"Mid-Value, Unreliable, Recent",Low Risk
17713,4,0,4,0.0,Likely to Exit,218.7,2.8776,1198.09,4,299.52,1.9396,404,19,0.2105,2010-06-09,2010-11-22,,Insufficient History,1,"Mid-Value, Unreliable, Recent",High Risk
17714,5,1,4,20.0,Likely to Exit,369.22,4.3438,1376.58,9,152.95,2.1359,342,18,0.5,2010-07-14,2011-01-23,,Insufficient History,1,"Mid-Value, Unreliable, Recent",High Risk
17715,2,0,2,0.0,Likely to Exit,1.7,0.85,489.6,2,244.8,3.266,222,21,0.0952,2010-04-26,2011-05-23,,Insufficient History,1,"Mid-Value, Unreliable, Recent",High Risk
17716,16,9,7,56.25,At Risk,1674.98,2.728,15671.32,27,580.42,1.0688,44,25,1.08,2009-12-02,2011-11-17,0.294,Declining,0,"High-Value, Reliable, Recent",Medium Risk
17717,1,0,1,0.0,Likely to Exit,48.4,1.8615,376.92,1,376.92,3.7417,443,15,0.0667,2010-10-14,2010-10-14,,Insufficient History,2,"Mid-Value, Unreliable, Lapsed",High Risk
17718,2,0,2,0.0,Likely to Exit,71.5,2.9792,386.98,3,128.99,3.3866,254,22,0.1364,2010-03-05,2011-04-21,,Insufficient History,2,"Mid-Value, Unreliable, Lapsed",High Risk
17719,8,6,2,75.0,Likely to Stay,1240.3,4.4615,5367.8,18,298.21,0.7973,59,10,1.8,2011-03-29,2011-11-02,0.11,Declining,0,"High-Value, Reliable, Recent",Low Risk
17720,10,1,9,10.0,Likely to Exit,606.1,4.4566,2715.06,12,226.25,1.1151,48,20,0.6,2010-05-10,2011-11-13,0.868,Declining,0,"High-Value, Reliable, Recent",High Risk
17721,1,0,1,0.0,Likely to Exit,45.91,4.1736,307.21,1,307.21,4.6904,681,23,0.0435,2010-02-18,2010-02-18,,Insufficient History,2,"Mid-Value, Unreliable, Lapsed",High Risk
17722,5,3,2,60.0,Likely to Stay,665.54,2.9712,4386.96,7,626.71,1.6975,118,14,0.5,2010-11-29,2011-09-04,0.0,Declining,0,"High-Value, Reliable, Recent",Low Risk
17723,5,0,5,0.0,Likely to Exit,42.4,3.5333,3378.4,7,482.63,1.5621,149,14,0.5,2010-11-29,2011-08-04,0.0,Declining,0,"High-Value, Reliable, Recent",High Risk
17724,3,1,2,33.33,Likely to Exit,189.9,4.22,995.65,4,248.91,1.4937,79,6,0.6667,2011-07-24,2011-10-13,-0.036,Declining,1,"Mid-Value, Unreliable, Recent",Medium Risk
17725,9,1,8,11.11,Likely to Exit,527.08,2.662,3371.13,14,240.8,0.4843,38,10,1.4,2011-03-17,2011-11-23,0.474,Declining,0,"High-Value, Reliable, Recent",High Risk
17726,6,0,6,0.0,Likely to Exit,223.33,3.4358,1089.56,8,136.19,2.2554,417,24,0.3333,2010-01-26,2010-11-09,,Insufficient History,1,"Mid-Value, Unreliable, Recent",High Risk
17727,1,1,0,100.0,Very Loyal,209.61,3.1285,1042.55,2,521.27,1.0,31,2,1.0,2011-11-24,2011-11-30,,Insufficient History,1,"Mid-Value, Unreliable, Recent",Low Risk
17728,6,4,2,66.67,Likely to Stay,1211.74,4.8276,3861.13,8,482.64,1.9424,25,16,0.5,2010-09-12,2011-12-06,,Insufficient History,0,"High-Value, Reliable, Recent",Low Risk
17729,1,0,1,0.0,Likely to Exit,70.55,3.0674,438.65,1,438.65,4.4721,618,21,0.0476,2010-04-22,2010-04-22,,Insufficient History,2,"Mid-Value, Unreliable, Lapsed",High Risk
17730,16,0,16,0.0,Likely to Exit,610.66,1.9264,7757.35,23,337.28,0.7097,25,21,1.0952,2010-04-29,2011-12-06,1.489,Increasing,0,"High-Value, Reliable, Recent",High Risk
17731,5,1,4,20.0,Likely to Exit,549.94,4.7821,1347.08,7,192.44,2.2229,101,23,0.3043,2010-02-09,2011-09-21,0.0,Declining,1,"Mid-Value, Unreliable, Recent",High Risk
17732,5,3,2,60.0,Likely to Stay,653.33,4.5687,2448.14,10,244.81,1.7286,394,17,0.5882,2010-08-09,2010-12-02,,Insufficient History,0,"High-Value, Reliable, Recent",Low Risk
17733,2,0,2,0.0,Likely to Exit,103.57,2.9591,692.19,2,346.09,2.1671,60,10,0.2,2011-03-23,2011-11-01,,Insufficient History,1,"Mid-Value, Unreliable, Recent",High Risk
17734,6,0,6,0.0,Likely to Exit,279.71,3.2524,1442.32,6,240.39,1.889,75,22,0.2727,2010-03-07,2011-10-17,0.375,Declining,1,"Mid-Value, Unreliable, Recent",High Risk
17735,17,4,13,23.53,Likely to Exit,2240.96,2.4872,17162.58,29,591.81,0.6026,24,18,1.6111,2010-07-30,2011-12-07,0.473,Declining,0,"High-Value, Reliable, Recent",High Risk
17736,3,0,3,0.0,Likely to Exit,170.48,6.5569,337.49,4,84.37,1.5511,31,5,0.8,2011-08-18,2011-11-30,,Insufficient History,1,"Mid-Value, Unreliable, Recent",High Risk
17737,2,0,2,0.0,Likely to Exit,24.14,2.414,168.24,2,84.12,0.7087,31,3,0.6667,2011-10-12,2011-11-30,,Insufficient History,1,"Mid-Value, Unreliable, Recent",High Risk
17738,9,2,7,22.22,Likely to Exit,669.71,2.8743,4145.36,15,276.36,1.3443,41,22,0.6818,2010-03-19,2011-11-20,0.396,Declining,0,"High-Value, Reliable, Recent",High Risk
17739,16,0,16,0.0,Likely to Exit,632.59,4.1618,7718.14,20,385.91,0.9567,33,25,0.8,2009-12-07,2011-11-28,2.174,Increasing,0,"High-Value, Reliable, Recent",High Risk
17740,5,0,5,0.0,Likely to Exit,19.73,2.1922,426.9,6,71.15,2.2772,411,24,0.25,2010-01-11,2010-11-15,,Insufficient History,1,"Mid-Value, Unreliable, Recent",High Risk
17741,2,0,2,0.0,Likely to Exit,6.8,1.1333,101.1,2,50.55,3.0541,428,20,0.1,2010-05-28,2010-10-29,,Insufficient History,2,"Mid-Value, Unreliable, Lapsed",High Risk
17742,11,3,8,27.27,Likely to Exit,658.54,7.7475,2098.48,11,190.77,1.2744,135,25,0.44,2009-12-01,2011-08-18,0.0,Declining,0,"High-Value, Reliable, Recent",High Risk
17743,1,0,1,0.0,Likely to Exit,11.75,2.35,208.85,2,104.42,3.873,464,16,0.125,2010-09-17,2010-09-23,,Insufficient History,2,"Mid-Value, Unreliable, Lapsed",High Risk
17744,6,0,6,0.0,Likely to Exit,139.74,0.9193,2617.82,8,327.23,1.3022,25,14,0.5714,2010-11-24,2011-12-06,,Insufficient History,0,"High-Value, Reliable, Recent",High Risk
17745,2,1,1,50.0,At Risk,185.38,6.6207,600.34,2,300.17,3.5027,499,19,0.1053,2010-06-02,2010-08-19,,Insufficient History,2,"Mid-Value, Unreliable, Lapsed",Medium Risk
17746,5,0,5,0.0,Likely to Exit,120.82,3.0205,873.43,7,124.78,2.7223,256,21,0.3333,2010-04-08,2011-04-19,,Insufficient History,1,"Mid-Value, Unreliable, Recent",High Risk
17747,1,0,1,0.0,Likely to Exit,12.7,6.35,64.65,2,32.33,2.0,122,5,0.4,2011-08-19,2011-08-31,,Insufficient History,1,"Mid-Value, Unreliable, Recent",High Risk
17748,1,0,1,0.0,Likely to Exit,76.45,4.4971,358.15,1,358.15,4.2426,549,19,0.0526,2010-06-30,2010-06-30,,Insufficient History,2,"Mid-Value, Unreliable, Lapsed",High Risk
17749,3,1,2,33.33,Likely to Exit,293.97,5.1574,1026.18,3,342.06,2.3178,200,19,0.1579,2010-06-11,2011-06-14,,Insufficient History,1,"Mid-Value, Unreliable, Recent",Medium Risk
17750,7,0,7,0.0,Likely to Exit,127.83,0.6623,1797.57,9,199.73,0.5165,27,7,1.2857,2011-06-28,2011-12-04,0.368,Declining,0,"High-Value, Reliable, Recent",High Risk
17751,1,0,1,0.0,Likely to Exit,67.43,2.1072,157.86,1,157.86,3.7417,443,15,0.0667,2010-10-14,2010-10-14,,Insufficient History,2,"Mid-Value, Unreliable, Lapsed",High Risk
17752,1,0,1,0.0,Likely to Exit,0.42,0.42,80.64,1,80.64,3.4641,381,13,0.0769,2010-12-15,2010-12-15,,Insufficient History,2,"Mid-Value, Unreliable, Lapsed",High Risk
17753,3,1,2,33.33,Likely to Exit,205.84,2.8197,388.06,5,77.61,3.1452,486,24,0.2083,2010-01-06,2010-09-01,,Insufficient History,2,"Mid-Value, Unreliable, Lapsed",Medium Risk
17754,11,1,10,9.09,Likely to Exit,291.63,1.257,4509.39,16,281.84,1.2703,22,25,0.64,2009-12-11,2011-12-09,3.852,Increasing,0,"High-Value, Reliable, Recent",High Risk
17755,1,0,1,0.0,Likely to Exit,34.37,3.437,-72.23,1,-72.23,0.0,446,15,0.0667,2010-10-11,2010-10-11,,Insufficient History,3,"Low-Value, Reliable, Lapsed",High Risk
17756,1,1,0,100.0,Very Loyal,239.48,2.8174,733.7,3,244.57,3.6056,397,14,0.2143,2010-11-10,2010-11-29,,Insufficient History,2,"Mid-Value, Unreliable, Lapsed",Low Risk
17757,24,15,9,62.5,Likely to Stay,3724.45,2.8323,9342.84,60,155.71,0.6894,23,24,2.5,2010-01-13,2011-12-08,2.016,Increasing,0,"High-Value, Reliable, Recent",Low Risk
17758,8,8,0,100.0,Very Loyal,1290.77,2.4082,5012.53,12,417.71,1.341,41,20,0.6,2010-05-20,2011-11-20,1.25,Increasing,0,"High-Value, Reliable, Recent",Low Risk
17759,4,1,3,25.0,Likely to Exit,323.15,2.3417,1276.91,5,255.38,2.4909,39,20,0.25,2010-05-05,2011-11-22,,Insufficient History,1,"Mid-Value, Unreliable, Recent",High Risk
17760,5,0,5,0.0,Likely to Exit,202.73,2.6329,911.68,7,130.24,2.1752,43,23,0.3043,2010-02-28,2011-11-18,,Insufficient History,1,"Mid-Value, Unreliable, Recent",High Risk
17761,1,0,1,0.0,Likely to Exit,59.7,3.1421,712.78,1,712.78,1.0,54,2,0.5,2011-11-07,2011-11-07,,Insufficient History,1,"Mid-Value, Unreliable, Recent",High Risk
17762,1,0,1,0.0,Likely to Exit,32.61,1.9182,129.75,1,129.75,3.873,478,16,0.0625,2010-09-09,2010-09-09,,Insufficient History,2,"Mid-Value, Unreliable, Lapsed",High Risk
17763,3,0,3,0.0,Likely to Exit,63.0,3.15,51.15,5,10.23,3.9224,285,23,0.2174,2010-02-18,2011-03-21,,Insufficient History,2,"Mid-Value, Unreliable, Lapsed",High Risk
17764,5,2,3,40.0,At Risk,502.48,3.1603,1623.64,5,324.73,2.1773,72,25,0.2,2009-12-03,2011-10-20,,Insufficient History,1,"Mid-Value, Unreliable, Recent",Medium Risk
17765,4,1,3,25.0,Likely to Exit,328.28,3.9552,530.8,4,132.7,1.7555,180,16,0.25,2010-09-17,2011-07-04,0.0,Declining,1,"Mid-Value, Unreliable, Recent",High Risk
17766,1,0,1,0.0,Likely to Exit,63.02,2.8645,299.61,2,149.81,3.6056,403,14,0.1429,2010-11-23,2010-11-23,,Insufficient History,2,"Mid-Value, Unreliable, Lapsed",High Risk
17767,2,0,2,0.0,Likely to Exit,100.95,2.5885,413.05,2,206.53,2.6899,37,15,0.1333,2010-10-25,2011-11-24,,Insufficient History,1,"Mid-Value, Unreliable, Recent",High Risk
17768,6,3,3,50.0,At Risk,597.93,3.1305,3504.56,8,438.07,2.0308,30,25,0.32,2009-12-02,2011-12-01,,Insufficient History,0,"High-Value, Reliable, Recent",Medium Risk
17769,13,8,5,61.54,Likely to Stay,1879.31,3.1166,6994.66,21,333.08,1.1999,34,24,0.875,2010-01-19,2011-11-27,6.665,Increasing,0,"High-Value, Reliable, Recent",Low Risk
17770,2,1,1,50.0,At Risk,183.43,4.8271,1143.27,5,228.65,2.3054,220,10,0.5,2011-03-02,2011-05-25,,Insufficient History,1,"Mid-Value, Unreliable, Recent",Medium Risk
17771,4,0,4,0.0,Likely to Exit,177.56,2.5733,387.41,4,96.85,2.3419,78,21,0.1905,2010-04-29,2011-10-14,,Insufficient History,1,"Mid-Value, Unreliable, Recent",High Risk
17772,2,2,0,100.0,Very Loyal,338.21,3.221,384.77,3,128.26,2.4531,32,14,0.2143,2010-11-12,2011-11-29,,Insufficient History,1,"Mid-Value, Unreliable, Recent",Low Risk
17773,2,0,2,0.0,Likely to Exit,172.79,3.0855,585.27,2,292.63,3.4612,536,24,0.0833,2010-01-18,2010-07-13,,Insufficient History,2,"Mid-Value, Unreliable, Lapsed",High Risk
17774,9,6,3,66.67,Likely to Stay,1708.3,4.1263,2945.7,13,226.59,1.347,118,23,0.5652,2010-02-08,2011-09-04,0.0,Declining,0,"High-Value, Reliable, Recent",Low Risk
17775,1,0,1,0.0,Likely to Exit,2.35,0.7833,56.4,1,56.4,3.0,276,10,0.1,2011-03-30,2011-03-30,,Insufficient History,2,"Mid-Value, Unreliable, Lapsed",High Risk
17776,2,1,1,50.0,At Risk,204.68,2.408,331.81,3,110.6,3.5273,408,25,0.12,2009-12-16,2010-11-18,,Insufficient History,2,"Mid-Value, Unreliable, Lapsed",Medium Risk
17777,3,2,1,66.67,Likely to Stay,319.52,1.647,665.86,3,221.95,0.83,46,5,0.6,2011-08-31,2011-11-15,,Insufficient History,1,"Mid-Value, Unreliable, Recent",Low Risk
17778,1,0,1,0.0,Likely to Exit,23.5,2.35,197.7,1,197.7,4.6904,683,23,0.0435,2010-02-16,2010-02-16,,Insufficient History,2,"Mid-Value, Unreliable, Lapsed",High Risk
17779,3,1,2,33.33,Likely to Exit,244.31,2.9085,642.17,5,128.43,1.1057,43,6,0.8333,2011-07-19,2011-11-18,0.322,Declining,1,"Mid-Value, Unreliable, Recent",Medium Risk
17780,2,1,1,50.0,At Risk,255.87,3.1589,352.91,3,117.64,3.3341,689,24,0.125,2010-01-24,2010-02-10,,Insufficient History,2,"Mid-Value, Unreliable, Lapsed",Medium Risk
17781,2,0,2,0.0,Likely to Exit,66.68,5.5567,188.02,2,94.01,2.009,181,10,0.2,2011-03-31,2011-07-03,0.0,Declining,1,"Mid-Value, Unreliable, Recent",High Risk
17782,1,0,1,0.0,Likely to Exit,51.1,1.7621,679.02,2,339.51,3.6056,404,14,0.1429,2010-11-22,2010-11-22,,Insufficient History,2,"Mid-Value, Unreliable, Lapsed",High Risk
17783,3,0,3,0.0,Likely to Exit,196.22,2.1328,379.91,3,126.64,2.3206,94,18,0.1667,2010-07-15,2011-09-28,0.0,Declining,1,"Mid-Value, Unreliable, Recent",High Risk
17784,1,0,1,0.0,Likely to Exit,70.36,3.0591,112.86,1,112.86,4.2426,572,19,0.0526,2010-06-07,2010-06-07,,Insufficient History,2,"Mid-Value, Unreliable, Lapsed",High Risk
17785,3,0,3,0.0,Likely to Exit,143.63,2.8163,403.38,3,134.46,2.4023,75,20,0.15,2010-05-23,2011-10-17,,Insufficient History,1,"Mid-Value, Unreliable, Recent",High Risk
17786,2,0,2,0.0,Likely to Exit,152.94,2.1242,278.74,2,139.37,2.2772,107,12,0.1667,2011-01-26,2011-09-15,0.0,Declining,1,"Mid-Value, Unreliable, Recent",High Risk
17787,4,2,2,50.0,At Risk,490.23,2.9711,2601.47,4,650.37,2.0338,174,13,0.3077,2010-12-03,2011-07-10,0.0,Declining,1,"Mid-Value, Unreliable, Recent",Medium Risk
17788,2,0,2,0.0,Likely to Exit,27.1,5.42,1117.9,2,558.95,1.9629,95,5,0.4,2011-08-02,2011-09-27,,Insufficient History,1,"Mid-Value, Unreliable, Recent",High Risk
17789,2,0,2,0.0,Likely to Exit,97.2,3.3517,397.15,2,198.57,3.2738,303,23,0.087,2010-02-16,2011-03-03,,Insufficient History,2,"Mid-Value, Unreliable, Lapsed",High Risk
17790,12,1,11,8.33,Likely to Exit,811.73,2.6702,2783.61,20,139.18,0.8905,48,19,1.0526,2010-06-13,2011-11-13,1.291,Increasing,0,"High-Value, Reliable, Recent",High Risk
17791,1,0,1,0.0,Likely to Exit,27.7,2.77,106.1,1,106.1,1.0,51,2,0.5,2011-11-10,2011-11-10,,Insufficient History,1,"Mid-Value, Unreliable, Recent",High Risk
17792,1,1,0,100.0,Very Loyal,180.07,3.3975,370.05,2,185.03,4.0,489,17,0.1176,2010-08-18,2010-08-29,,Insufficient History,2,"Mid-Value, Unreliable, Lapsed",Low Risk
17793,1,1,0,100.0,Very Loyal,218.56,3.7683,323.04,1,323.04,1.0,47,2,0.5,2011-11-14,2011-11-14,,Insufficient History,1,"Mid-Value, Unreliable, Recent",Low Risk
17794,1,0,1,0.0,Likely to Exit,30.95,4.4214,147.3,2,73.65,4.7958,708,24,0.0833,2010-01-20,2010-01-22,,Insufficient History,2,"Mid-Value, Unreliable, Lapsed",High Risk
17795,2,0,2,0.0,Likely to Exit,88.6,1.9261,350.39,2,175.19,2.0058,201,10,0.2,2011-03-20,2011-06-13,,Insufficient History,1,"Mid-Value, Unreliable, Recent",High Risk
17796,5,4,1,80.0,Very Loyal,850.94,3.782,1361.99,7,194.57,1.7486,62,15,0.4667,2010-10-14,2011-10-30,,Insufficient History,0,"High-Value, Reliable, Recent",Low Risk
17797,7,2,5,28.57,Likely to Exit,745.23,2.7099,1985.87,8,248.23,1.7719,44,25,0.32,2009-12-15,2011-11-17,,Insufficient History,0,"High-Value, Reliable, Recent",High Risk
17798,1,0,1,0.0,Likely to Exit,86.88,1.7731,183.09,1,183.09,4.3589,603,20,0.05,2010-05-07,2010-05-07,,Insufficient History,2,"Mid-Value, Unreliable, Lapsed",High Risk
17799,15,12,3,80.0,Very Loyal,2417.85,2.5915,6216.74,23,270.29,1.0089,44,25,0.92,2009-12-13,2011-11-17,1.353,Increasing,0,"High-Value, Reliable, Recent",Low Risk
17800,8,0,8,0.0,Likely to Exit,228.85,2.2005,1199.01,9,133.22,0.7785,59,12,0.75,2011-01-09,2011-11-02,0.503,Declining,1,"Mid-Value, Unreliable, Recent",High Risk
17801,3,0,3,0.0,Likely to Exit,133.38,1.5509,795.78,4,198.95,2.9204,473,24,0.1667,2010-01-17,2010-09-14,,Insufficient History,2,"Mid-Value, Unreliable, Lapsed",High Risk
17802,8,6,2,75.0,Likely to Stay,1252.38,2.2404,4915.84,16,307.24,1.715,104,25,0.64,2009-12-13,2011-09-18,0.0,Declining,0,"High-Value, Reliable, Recent",Low Risk
17803,1,0,1,0.0,Likely to Exit,69.71,2.5819,184.66,1,184.66,3.6056,414,14,0.0714,2010-11-12,2010-11-12,,Insufficient History,2,"Mid-Value, Unreliable, Lapsed",High Risk
17804,3,1,2,33.33,Likely to Exit,254.27,2.7341,380.13,4,95.03,2.7163,398,25,0.16,2009-12-01,2010-11-28,,Insufficient History,2,"Mid-Value, Unreliable, Lapsed",Medium Risk
17805,2,0,2,0.0,Likely to Exit,23.21,2.11,927.03,2,463.51,3.101,95,21,0.0952,2010-04-08,2011-09-27,0.0,Declining,1,"Mid-Value, Unreliable, Recent",High Risk
17806,1,0,1,0.0,Likely to Exit,43.91,1.0212,546.04,1,546.04,1.0,33,2,0.5,2011-11-28,2011-11-28,,Insufficient History,1,"Mid-Value, Unreliable, Recent",High Risk
17807,3,1,2,33.33,Likely to Exit,206.99,2.3257,437.87,3,145.96,2.7195,417,24,0.125,2010-01-04,2010-11-09,,Insufficient History,2,"Mid-Value, Unreliable, Lapsed",Medium Risk
17808,2,0,2,0.0,Likely to Exit,89.37,2.7082,262.64,4,65.66,3.0015,570,20,0.2,2010-05-07,2010-06-09,,Insufficient History,2,"Mid-Value, Unreliable, Lapsed",High Risk
17809,15,3,12,20.0,Likely to Exit,1182.63,10.1079,10498.85,24,437.45,1.4336,38,25,0.96,2009-12-02,2011-11-23,-4.14,Declining,0,"High-Value, Reliable, Recent",High Risk
17810,2,1,1,50.0,At Risk,274.78,4.8207,344.86,3,114.95,4.0239,690,24,0.125,2010-01-25,2010-02-09,,Insufficient History,2,"Mid-Value, Unreliable, Lapsed",Medium Risk
17811,14,9,5,64.29,Likely to Stay,3222.94,2.6769,9448.53,60,157.48,0.9063,26,16,3.75,2010-09-20,2011-12-05,2.472,Increasing,0,"High-Value, Reliable, Recent",Low Risk
17812,5,2,3,40.0,At Risk,647.61,2.7794,1165.89,7,166.56,2.363,34,19,0.3684,2010-06-27,2011-11-27,,Insufficient History,1,"Mid-Value, Unreliable, Recent",Medium Risk
17813,3,3,0,100.0,Very Loyal,1295.84,3.4281,1714.6,7,244.94,0.86,36,4,1.75,2011-09-29,2011-11-25,,Insufficient History,0,"High-Value, Reliable, Recent",Low Risk
17814,2,2,0,100.0,Very Loyal,360.02,2.4659,1617.32,2,808.66,2.5496,397,15,0.1333,2010-10-13,2010-11-29,,Insufficient History,2,"Mid-Value, Unreliable, Lapsed",Low Risk
17815,1,0,1,0.0,Likely to Exit,15.2,1.1692,591.96,1,591.96,3.6056,415,14,0.0714,2010-11-11,2010-11-11,,Insufficient History,2,"Mid-Value, Unreliable, Lapsed",High Risk
17816,6,0,6,0.0,Likely to Exit,71.74,1.3044,112.32,6,18.72,2.234,58,25,0.24,2009-12-15,2011-11-03,,Insufficient History,1,"Mid-Value, Unreliable, Recent",High Risk
17817,4,2,2,50.0,At Risk,547.6,3.9114,801.15,7,114.45,1.8155,26,15,0.4667,2010-10-13,2011-12-05,,Insufficient History,1,"Mid-Value, Unreliable, Recent",Medium Risk
17818,1,0,1,0.0,Likely to Exit,86.46,1.8796,130.18,1,130.18,4.899,759,25,0.04,2009-12-02,2009-12-02,,Insufficient History,2,"Mid-Value, Unreliable, Lapsed",High Risk
17819,10,0,10,0.0,Likely to Exit,399.27,3.9144,6568.72,13,505.29,1.6322,93,25,0.52,2009-12-13,2011-09-29,0.0,Declining,0,"High-Value, Reliable, Recent",High Risk
17820,3,1,2,33.33,Likely to Exit,140.89,2.9977,159.51,3,53.17,3.6056,213,14,0.2143,2010-11-30,2011-06-01,,Insufficient History,2,"Mid-Value, Unreliable, Lapsed",Medium Risk
17821,1,0,1,0.0,Likely to Exit,16.91,2.8183,334.62,1,334.62,3.7417,428,15,0.0667,2010-10-29,2010-10-29,,Insufficient History,2,"Mid-Value, Unreliable, Lapsed",High Risk
17822,2,2,0,100.0,Very Loyal,474.78,2.6976,2188.5,5,437.7,3.0001,442,20,0.25,2010-05-28,2010-10-15,,Insufficient History,2,"Mid-Value, Unreliable, Lapsed",Low Risk
17823,1,1,0,100.0,Very Loyal,316.15,2.8741,494.25,2,247.12,3.7417,443,15,0.1333,2010-10-14,2010-10-14,,Insufficient History,2,"Mid-Value, Unreliable, Lapsed",Low Risk
17824,1,0,1,0.0,Likely to Exit,13.9,1.0692,298.4,1,298.4,1.4142,73,3,0.3333,2011-10-19,2011-10-19,,Insufficient History,1,"Mid-Value, Unreliable, Recent",High Risk
17825,2,0,2,0.0,Likely to Exit,65.18,2.3279,731.96,4,182.99,3.53,620,25,0.16,2009-12-14,2010-04-20,,Insufficient History,2,"Mid-Value, Unreliable, Lapsed",High Risk
17826,1,0,1,0.0,Likely to Exit,79.96,2.3518,134.59,1,134.59,3.6056,396,14,0.0714,2010-11-30,2010-11-30,,Insufficient History,2,"Mid-Value, Unreliable, Lapsed",High Risk
17827,5,3,2,60.0,Likely to Stay,640.26,2.2154,2381.3,7,340.19,2.6199,27,22,0.3182,2010-03-28,2011-12-04,,Insufficient History,0,"High-Value, Reliable, Recent",Low Risk
17828,4,2,2,50.0,At Risk,474.14,5.7822,1599.97,9,177.77,1.3559,30,7,1.2857,2011-06-08,2011-12-01,2.79,Increasing,0,"High-Value, Reliable, Recent",Medium Risk
17829,4,2,2,50.0,At Risk,422.83,2.4583,4680.42,6,780.07,2.4645,320,23,0.2609,2010-02-22,2011-02-14,,Insufficient History,0,"High-Value, Reliable, Recent",Medium Risk
17830,3,0,3,0.0,Likely to Exit,138.3,6.013,398.7,3,132.9,1.7299,23,11,0.2727,2011-02-24,2011-12-08,,Insufficient History,1,"Mid-Value, Unreliable, Recent",High Risk
17831,1,0,1,0.0,Likely to Exit,5.9,2.95,35.4,1,35.4,1.0,55,2,0.5,2011-11-06,2011-11-06,,Insufficient History,1,"Mid-Value, Unreliable, Recent",High Risk
17832,1,0,1,0.0,Likely to Exit,67.81,1.1116,155.37,1,155.37,1.4142,71,3,0.3333,2011-10-21,2011-10-21,,Insufficient History,1,"Mid-Value, Unreliable, Recent",High Risk
17833,1,1,0,100.0,Very Loyal,111.32,3.4787,342.36,1,342.36,4.899,745,25,0.04,2009-12-16,2009-12-16,,Insufficient History,2,"Mid-Value, Unreliable, Lapsed",Low Risk
17834,2,1,1,50.0,At Risk,224.5,3.8051,730.47,2,365.24,2.6711,436,16,0.125,2010-09-20,2010-10-21,,Insufficient History,2,"Mid-Value, Unreliable, Lapsed",Medium Risk
17835,2,0,2,0.0,Likely to Exit,103.61,1.6985,350.64,3,116.88,0.349,24,2,1.5,2011-11-16,2011-12-07,,Insufficient History,1,"Mid-Value, Unreliable, Recent",High Risk
17836,1,0,1,0.0,Likely to Exit,32.78,1.3658,110.21,1,110.21,1.4142,69,3,0.3333,2011-10-23,2011-10-23,,Insufficient History,1,"Mid-Value, Unreliable, Recent",High Risk
17837,4,1,3,25.0,Likely to Exit,686.11,3.989,1560.53,10,156.05,1.5197,64,7,1.4286,2011-06-29,2011-10-28,2.485,Increasing,0,"High-Value, Reliable, Recent",High Risk
17838,9,4,5,44.44,At Risk,1033.59,3.1705,6239.55,15,415.97,1.4901,48,22,0.6818,2010-03-19,2011-11-13,0.0,Declining,0,"High-Value, Reliable, Recent",Medium Risk
17839,1,0,1,0.0,Likely to Exit,98.03,1.7505,338.8,1,338.8,1.4142,64,3,0.3333,2011-10-28,2011-10-28,,Insufficient History,1,"Mid-Value, Unreliable, Recent",High Risk
17840,1,0,1,0.0,Likely to Exit,94.14,1.7116,185.72,1,185.72,3.873,465,16,0.0625,2010-09-22,2010-09-22,,Insufficient History,2,"Mid-Value, Unreliable, Lapsed",High Risk
17841,25,11,14,44.0,At Risk,35950.27,2.7449,69516.19,289,240.54,0.4685,23,25,11.56,2009-12-02,2011-12-08,1.329,Increasing,0,"High-Value, Reliable, Recent",Medium Risk
17842,1,1,0,100.0,Very Loyal,104.09,5.7828,430.69,1,430.69,4.4721,624,21,0.0476,2010-04-16,2010-04-16,,Insufficient History,2,"Mid-Value, Unreliable, Lapsed",Low Risk
17843,2,1,1,50.0,At Risk,154.76,2.4181,326.23,2,163.12,2.6469,325,15,0.1333,2010-10-24,2011-02-09,,Insufficient History,2,"Mid-Value, Unreliable, Lapsed",Medium Risk
17844,1,0,1,0.0,Likely to Exit,4.99,0.998,51.56,1,51.56,2.0,128,5,0.2,2011-08-25,2011-08-25,,Insufficient History,1,"Mid-Value, Unreliable, Recent",High Risk
17845,2,1,1,50.0,At Risk,217.67,4.5348,598.19,4,149.55,3.4144,577,20,0.2,2010-05-12,2010-06-02,,Insufficient History,2,"Mid-Value, Unreliable, Lapsed",Medium Risk
17846,1,1,0,100.0,Very Loyal,2033.1,2033.1,2033.1,1,2033.1,1.7321,107,4,0.25,2011-09-15,2011-09-15,,Insufficient History,1,"Mid-Value, Unreliable, Recent",Low Risk
17847,2,0,2,0.0,Likely to Exit,41.63,4.6256,129.69,2,64.84,3.3958,537,22,0.0909,2010-03-04,2010-07-12,,Insufficient History,2,"Mid-Value, Unreliable, Lapsed",High Risk
17848,19,2,17,10.53,Likely to Exit,843.32,4.9901,3638.15,31,117.36,1.1057,103,25,1.24,2009-12-06,2011-09-19,0.0,Declining,0,"High-Value, Reliable, Recent",High Risk
17849,7,1,6,14.29,Likely to Exit,442.12,8.8424,1063.76,8,132.97,1.5239,240,22,0.3636,2010-03-14,2011-05-05,,Insufficient History,1,"Mid-Value, Unreliable, Recent",High Risk
17850,12,8,4,66.67,Likely to Stay,8961.81,3.1701,55703.13,159,350.33,1.6603,324,25,6.36,2009-12-05,2011-02-10,,Insufficient History,0,"High-Value, Reliable, Recent",Low Risk
17851,4,2,2,50.0,At Risk,662.55,2.7956,1563.34,6,260.56,3.5986,444,25,0.24,2009-12-03,2010-10-13,,Insufficient History,2,"Mid-Value, Unreliable, Lapsed",Medium Risk
17852,3,0,3,0.0,Likely to Exit,207.87,1.8897,663.21,5,132.64,3.0952,33,25,0.2,2009-12-08,2011-11-28,,Insufficient History,1,"Mid-Value, Unreliable, Recent",High Risk
17853,3,2,1,66.67,Likely to Stay,440.42,4.1549,1608.19,3,536.06,2.7161,429,25,0.12,2009-12-03,2010-10-28,,Insufficient History,2,"Mid-Value, Unreliable, Lapsed",Low Risk
17854,5,1,4,20.0,Likely to Exit,299.89,2.4991,1071.45,6,178.58,2.4856,207,25,0.24,2009-12-08,2011-06-07,,Insufficient History,1,"Mid-Value, Unreliable, Recent",High Risk
17855,1,0,1,0.0,Likely to Exit,60.04,1.7659,417.94,1,417.94,3.4641,394,13,0.0769,2010-12-02,2010-12-02,,Insufficient History,2,"Mid-Value, Unreliable, Lapsed",High Risk
17856,3,0,3,0.0,Likely to Exit,56.55,3.3265,1393.79,6,232.3,2.2531,23,10,0.6,2011-03-03,2011-12-08,,Insufficient History,1,"Mid-Value, Unreliable, Recent",High Risk
17857,12,2,10,16.67,Likely to Exit,564.62,9.1068,28566.54,26,1098.71,1.469,25,22,1.1818,2010-03-08,2011-12-06,2.341,Increasing,0,"High-Value, Reliable, Recent",High Risk
17858,18,11,7,61.11,Likely to Stay,2412.85,6.0777,12723.3,32,397.6,1.1053,27,25,1.28,2009-12-06,2011-12-04,1.507,Increasing,0,"High-Value, Reliable, Recent",Low Risk
17859,1,0,1,0.0,Likely to Exit,45.27,1.8108,148.21,1,148.21,3.1623,326,11,0.0909,2011-02-08,2011-02-08,,Insufficient History,2,"Mid-Value, Unreliable, Lapsed",High Risk
17860,3,3,0,100.0,Very Loyal,607.61,2.619,1015.54,4,253.89,2.8894,390,25,0.16,2009-12-11,2010-12-06,,Insufficient History,2,"Mid-Value, Unreliable, Lapsed",Low Risk
17861,12,6,6,50.0,At Risk,1295.66,2.2612,5064.59,22,230.21,1.277,25,25,0.88,2009-12-10,2011-12-06,0.997,Stable,0,"High-Value, Reliable, Recent",Medium Risk
17862,3,1,2,33.33,Likely to Exit,431.21,4.2275,1279.09,4,319.77,2.8963,345,20,0.2,2010-05-25,2011-01-20,,Insufficient History,1,"Mid-Value, Unreliable, Recent",Medium Risk
17863,12,0,12,0.0,Likely to Exit,434.74,1.5751,5745.2,12,478.77,1.1274,81,23,0.5217,2010-02-25,2011-10-11,1.367,Increasing,0,"High-Value, Reliable, Recent",High Risk
17864,5,1,4,20.0,Likely to Exit,262.36,1.8094,924.32,5,184.86,1.5247,34,15,0.3333,2010-10-08,2011-11-27,0.429,Declining,1,"Mid-Value, Unreliable, Recent",High Risk
17865,23,13,10,56.52,At Risk,3401.72,3.2031,25649.05,62,413.69,0.7096,52,25,2.48,2009-12-01,2011-11-09,0.469,Declining,0,"High-Value, Reliable, Recent",Medium Risk
17866,3,0,3,0.0,Likely to Exit,101.05,3.7426,1131.0,4,282.75,3.1448,164,25,0.16,2009-12-14,2011-07-20,0.0,Declining,1,"Mid-Value, Unreliable, Recent",High Risk
17867,12,2,10,16.67,Likely to Exit,641.26,3.9341,895.78,20,44.79,2.0723,52,25,0.8,2009-12-02,2011-11-09,-1.151,Declining,0,"High-Value, Reliable, Recent",High Risk
17868,1,0,1,0.0,Likely to Exit,72.35,3.8079,234.65,1,234.65,3.6056,408,14,0.0714,2010-11-18,2010-11-18,,Insufficient History,2,"Mid-Value, Unreliable, Lapsed",High Risk
17869,6,3,3,50.0,At Risk,563.36,5.7486,1036.16,7,148.02,2.0186,129,19,0.3684,2010-06-10,2011-08-24,0.0,Declining,1,"Mid-Value, Unreliable, Recent",Medium Risk
17870,8,3,5,37.5,Likely to Exit,630.45,2.2277,3103.2,14,221.66,1.2263,24,14,1.0,2010-11-23,2011-12-07,1.702,Increasing,0,"High-Value, Reliable, Recent",Medium Risk
17871,5,0,5,0.0,Likely to Exit,262.01,3.0825,1118.99,5,223.8,2.0997,226,24,0.2083,2010-01-15,2011-05-19,,Insufficient History,1,"Mid-Value, Unreliable, Recent",High Risk
17872,1,0,1,0.0,Likely to Exit,34.24,2.2827,235.87,1,235.87,3.6056,403,14,0.0714,2010-11-23,2010-11-23,,Insufficient History,2,"Mid-Value, Unreliable, Lapsed",High Risk
17873,14,1,13,7.14,Likely to Exit,506.61,2.6947,6229.56,20,311.48,0.9604,102,25,0.8,2009-12-16,2011-09-20,0.0,Declining,0,"High-Value, Reliable, Recent",High Risk
17874,3,1,2,33.33,Likely to Exit,189.99,4.0423,658.26,7,94.04,2.1611,207,10,0.7,2011-03-29,2011-06-07,,Insufficient History,1,"Mid-Value, Unreliable, Recent",Medium Risk
17875,1,0,1,0.0,Likely to Exit,72.38,2.7838,167.1,1,167.1,4.7958,710,24,0.0417,2010-01-20,2010-01-20,,Insufficient History,2,"Mid-Value, Unreliable, Lapsed",High Risk
17876,3,0,3,0.0,Likely to Exit,6.99,1.7475,3424.02,3,1141.34,2.8226,421,23,0.1304,2010-02-02,2010-11-05,,Insufficient History,2,"Mid-Value, Unreliable, Lapsed",High Risk
17877,1,0,1,0.0,Likely to Exit,42.49,3.5408,237.61,1,237.61,2.4495,192,7,0.1429,2011-06-22,2011-06-22,,Insufficient History,1,"Mid-Value, Unreliable, Recent",High Risk
17878,2,1,1,50.0,At Risk,178.27,2.0973,1412.33,3,470.78,2.7383,65,14,0.2143,2010-11-09,2011-10-27,,Insufficient History,1,"Mid-Value, Unreliable, Recent",Medium Risk
17879,1,0,1,0.0,Likely to Exit,21.83,3.6383,178.52,1,178.52,2.4495,195,7,0.1429,2011-06-19,2011-06-19,,Insufficient History,1,"Mid-Value, Unreliable, Recent",High Risk
17880,3,0,3,0.0,Likely to Exit,120.65,2.6811,824.92,3,274.97,3.0344,386,25,0.12,2009-12-09,2010-12-10,,Insufficient History,2,"Mid-Value, Unreliable, Lapsed",High Risk
17881,1,0,1,0.0,Likely to Exit,36.25,4.5312,133.35,1,133.35,3.1623,326,11,0.0909,2011-02-08,2011-02-08,,Insufficient History,2,"Mid-Value, Unreliable, Lapsed",High Risk
17882,1,1,0,100.0,Very Loyal,159.61,2.8502,313.46,2,156.73,3.6056,401,14,0.1429,2010-11-25,2010-11-25,,Insufficient History,2,"Mid-Value, Unreliable, Lapsed",Low Risk
17883,6,1,5,16.67,Likely to Exit,490.16,2.7693,979.95,8,122.49,1.8504,25,23,0.3478,2010-02-25,2011-12-06,6.042,Increasing,1,"Mid-Value, Unreliable, Recent",High Risk
17884,11,3,8,27.27,Likely to Exit,1062.5,2.1728,3028.89,23,131.69,1.5157,25,25,0.92,2009-12-04,2011-12-06,,Insufficient History,0,"High-Value, Reliable, Recent",High Risk
17885,1,1,0,100.0,Very Loyal,141.76,2.215,190.19,1,190.19,1.0,34,2,0.5,2011-11-27,2011-11-27,,Insufficient History,1,"Mid-Value, Unreliable, Recent",Low Risk
17886,7,1,6,14.29,Likely to Exit,648.44,3.6843,1598.43,7,228.35,2.0561,53,25,0.28,2009-12-14,2011-11-08,,Insufficient History,1,"Mid-Value, Unreliable, Recent",High Risk
17887,1,0,1,0.0,Likely to Exit,52.35,5.235,111.35,1,111.35,2.0,151,5,0.2,2011-08-02,2011-08-02,,Insufficient History,1,"Mid-Value, Unreliable, Recent",High Risk
17888,17,1,16,5.88,Likely to Exit,570.88,2.7713,1318.9,31,42.55,1.0474,40,25,1.24,2009-12-21,2011-11-21,4.922,Increasing,0,"High-Value, Reliable, Recent",High Risk
17889,4,1,3,25.0,Likely to Exit,366.1,3.0008,774.87,7,110.7,3.3226,234,22,0.3182,2010-03-31,2011-05-11,,Insufficient History,1,"Mid-Value, Unreliable, Recent",High Risk
17890,2,1,1,50.0,At Risk,232.09,2.469,602.09,2,301.05,2.7784,344,13,0.1538,2010-12-13,2011-01-21,,Insufficient History,2,"Mid-Value, Unreliable, Lapsed",Medium Risk
17891,1,0,1,0.0,Likely to Exit,24.2,0.7118,203.86,1,203.86,2.4495,184,7,0.1429,2011-06-30,2011-06-30,,Insufficient History,1,"Mid-Value, Unreliable, Recent",High Risk
17892,2,0,2,0.0,Likely to Exit,91.7,3.275,244.1,3,81.37,1.4426,78,6,0.5,2011-07-07,2011-10-14,0.718,Declining,1,"Mid-Value, Unreliable, Recent",High Risk
17893,1,0,1,0.0,Likely to Exit,33.52,2.095,112.25,1,112.25,2.8284,247,9,0.1111,2011-04-28,2011-04-28,,Insufficient History,2,"Mid-Value, Unreliable, Lapsed",High Risk
17894,7,4,3,57.14,At Risk,1210.36,2.8148,2397.66,20,119.88,1.5448,93,17,1.1765,2010-08-27,2011-09-29,0.0,Declining,0,"High-Value, Reliable, Recent",Medium Risk
17895,1,0,1,0.0,Likely to Exit,29.77,1.8606,98.0,1,98.0,1.4142,66,3,0.3333,2011-10-26,2011-10-26,,Insufficient History,1,"Mid-Value, Unreliable, Recent",High Risk
17896,1,0,1,0.0,Likely to Exit,1.78,0.89,256.32,1,256.32,1.0,45,2,0.5,2011-11-16,2011-11-16,,Insufficient History,1,"Mid-Value, Unreliable, Recent",High Risk
17897,6,4,2,66.67,Likely to Stay,1079.76,3.1028,2534.0,10,253.4,1.8376,194,20,0.5,2010-05-12,2011-06-20,,Insufficient History,0,"High-Value, Reliable, Recent",Low Risk
17898,4,0,4,0.0,Likely to Exit,121.0,2.42,299.18,4,74.8,2.24,107,20,0.2,2010-05-21,2011-09-15,0.0,Declining,1,"Mid-Value, Unreliable, Recent",High Risk
17899,1,0,1,0.0,Likely to Exit,76.3,2.3844,155.8,1,155.8,2.2361,181,6,0.1667,2011-07-03,2011-07-03,0.0,Declining,1,"Mid-Value, Unreliable, Recent",High Risk
17900,1,0,1,0.0,Likely to Exit,28.3,2.5727,15.0,4,3.75,2.4495,186,7,0.5714,2011-06-02,2011-06-28,,Insufficient History,3,"Low-Value, Reliable, Lapsed",High Risk
17901,2,1,1,50.0,At Risk,144.9,6.5864,260.08,3,86.69,2.8646,51,18,0.1667,2010-07-06,2011-11-10,,Insufficient History,1,"Mid-Value, Unreliable, Recent",Medium Risk
17902,1,0,1,0.0,Likely to Exit,31.36,1.3067,216.4,1,216.4,4.2426,568,19,0.0526,2010-06-11,2010-06-11,,Insufficient History,2,"Mid-Value, Unreliable, Lapsed",High Risk
17903,1,1,0,100.0,Very Loyal,146.69,3.2598,381.09,1,381.09,3.6056,416,14,0.0714,2010-11-10,2010-11-10,,Insufficient History,2,"Mid-Value, Unreliable, Lapsed",Low Risk
17904,1,1,0,100.0,Very Loyal,150.23,3.8521,178.92,2,89.46,1.0,43,2,1.0,2011-11-18,2011-11-18,,Insufficient History,1,"Mid-Value, Unreliable, Recent",Low Risk
17905,9,2,7,22.22,Likely to Exit,666.95,3.8776,2374.22,14,169.59,1.6458,93,24,0.5833,2010-01-28,2011-09-29,0.0,Declining,0,"High-Value, Reliable, Recent",High Risk
17906,1,0,1,0.0,Likely to Exit,45.9,3.825,72.9,1,72.9,2.8284,269,9,0.1111,2011-04-06,2011-04-06,,Insufficient History,2,"Mid-Value, Unreliable, Lapsed",High Risk
17907,1,0,1,0.0,Likely to Exit,43.37,3.3362,291.76,1,291.76,4.5826,662,22,0.0455,2010-03-09,2010-03-09,,Insufficient History,2,"Mid-Value, Unreliable, Lapsed",High Risk
17908,5,3,2,60.0,Likely to Stay,829.03,2.9608,1357.89,7,193.98,2.2882,395,25,0.28,2009-12-14,2010-12-01,,Insufficient History,1,"Mid-Value, Unreliable, Recent",Low Risk
17909,1,0,1,0.0,Likely to Exit,48.05,5.3389,132.55,1,132.55,4.899,759,25,0.04,2009-12-02,2009-12-02,,Insufficient History,2,"Mid-Value, Unreliable, Lapsed",High Risk
17910,1,0,1,0.0,Likely to Exit,79.15,3.0442,261.7,1,261.7,4.899,748,25,0.04,2009-12-13,2009-12-13,,Insufficient History,2,"Mid-Value, Unreliable, Lapsed",High Risk
17911,1,0,1,0.0,Likely to Exit,85.06,2.181,366.23,1,366.23,1.0,31,2,0.5,2011-11-30,2011-11-30,,Insufficient History,1,"Mid-Value, Unreliable, Recent",High Risk
17912,3,1,2,33.33,Likely to Exit,203.31,3.765,360.1,7,51.44,2.7885,332,14,0.5,2010-11-29,2011-02-02,,Insufficient History,1,"Mid-Value, Unreliable, Recent",Medium Risk
17913,12,5,7,41.67,At Risk,1384.54,2.9087,3479.64,14,248.55,1.2848,80,25,0.56,2009-12-03,2011-10-12,,Insufficient History,0,"High-Value, Reliable, Recent",Medium Risk
17914,1,1,0,100.0,Very Loyal,157.2,1.965,336.43,1,336.43,0.0,25,1,1.0,2011-12-06,2011-12-06,,Insufficient History,1,"Mid-Value, Unreliable, Recent",Low Risk
17915,1,0,1,0.0,Likely to Exit,96.5,2.7571,242.13,1,242.13,4.2426,573,19,0.0526,2010-06-06,2010-06-06,,Insufficient History,2,"Mid-Value, Unreliable, Lapsed",High Risk
17916,2,0,2,0.0,Likely to Exit,22.32,1.1747,43.87,2,21.94,3.4384,650,25,0.08,2009-12-06,2010-03-21,,Insufficient History,2,"Mid-Value, Unreliable, Lapsed",High Risk
17917,3,0,3,0.0,Likely to Exit,209.44,2.2281,341.28,3,113.76,1.8273,67,13,0.2308,2010-12-12,2011-10-25,,Insufficient History,1,"Mid-Value, Unreliable, Recent",High Risk
17918,1,0,1,0.0,Likely to Exit,79.47,1.9868,396.39,3,132.13,4.1231,522,18,0.1667,2010-07-22,2010-07-27,,Insufficient History,2,"Mid-Value, Unreliable, Lapsed",High Risk
17919,2,0,2,0.0,Likely to Exit,67.88,1.697,1840.32,2,920.16,2.897,110,16,0.125,2010-09-27,2011-09-12,0.0,Declining,1,"Mid-Value, Unreliable, Recent",High Risk
17920,20,12,8,60.0,Likely to Stay,4605.19,2.5499,24509.91,56,437.68,1.2394,26,25,2.24,2009-12-06,2011-12-05,1.481,Increasing,0,"High-Value, Reliable, Recent",Low Risk
17921,8,4,4,50.0,At Risk,1123.04,3.0352,2383.35,12,198.61,1.3933,86,18,0.6667,2010-07-15,2011-10-06,1.411,Increasing,0,"High-Value, Reliable, Recent",Medium Risk
17922,1,0,1,0.0,Likely to Exit,37.05,4.6312,170.4,1,170.4,4.2426,565,19,0.0526,2010-06-14,2010-06-14,,Insufficient History,2,"Mid-Value, Unreliable, Lapsed",High Risk
17923,2,0,2,0.0,Likely to Exit,10.45,3.4833,497.0,3,165.67,2.9595,304,19,0.1579,2010-06-13,2011-03-02,,Insufficient History,2,"Mid-Value, Unreliable, Lapsed",High Risk
17924,6,0,6,0.0,Likely to Exit,161.9,3.6795,3445.28,14,246.09,2.2968,23,15,0.9333,2010-10-21,2011-12-08,,Insufficient History,0,"High-Value, Reliable, Recent",High Risk
17925,1,0,1,0.0,Likely to Exit,6.78,3.39,488.16,1,488.16,3.4641,394,13,0.0769,2010-12-02,2010-12-02,,Insufficient History,2,"Mid-Value, Unreliable, Lapsed",High Risk
17926,4,0,4,0.0,Likely to Exit,139.26,3.165,1035.49,5,207.1,2.2398,155,20,0.25,2010-05-09,2011-07-29,0.0,Declining,1,"Mid-Value, Unreliable, Recent",High Risk
17927,1,0,1,0.0,Likely to Exit,30.15,3.015,294.0,1,294.0,4.899,743,25,0.04,2009-12-18,2009-12-18,,Insufficient History,2,"Mid-Value, Unreliable, Lapsed",High Risk
17928,3,0,3,0.0,Likely to Exit,74.84,2.7719,341.24,3,113.75,2.4482,67,20,0.15,2010-05-17,2011-10-25,,Insufficient History,1,"Mid-Value, Unreliable, Recent",High Risk
17929,11,0,11,0.0,Likely to Exit,115.9,7.2438,3073.6,13,236.43,1.4468,33,25,0.52,2009-12-09,2011-11-28,0.516,Declining,0,"High-Value, Reliable, Recent",High Risk
17930,12,0,12,0.0,Likely to Exit,143.41,1.5934,4242.92,15,282.86,1.0988,57,22,0.6818,2010-03-04,2011-11-04,2.529,Increasing,0,"High-Value, Reliable, Recent",High Risk
17931,10,6,4,60.0,Likely to Stay,999.49,2.7534,3305.96,18,183.66,1.5102,156,23,0.7826,2010-02-16,2011-07-28,0.0,Declining,0,"High-Value, Reliable, Recent",Low Risk
17932,3,1,2,33.33,Likely to Exit,246.56,2.7396,1331.57,3,443.86,1.3473,51,8,0.375,2011-05-12,2011-11-10,,Insufficient History,1,"Mid-Value, Unreliable, Recent",Medium Risk
17933,1,0,1,0.0,Likely to Exit,29.34,2.0957,114.69,1,114.69,4.5826,654,22,0.0455,2010-03-17,2010-03-17,,Insufficient History,2,"Mid-Value, Unreliable, Lapsed",High Risk
17934,2,0,2,0.0,Likely to Exit,127.21,3.1027,1049.15,3,349.72,2.7166,73,15,0.2,2010-10-29,2011-10-19,,Insufficient History,1,"Mid-Value, Unreliable, Recent",High Risk
17935,5,0,5,0.0,Likely to Exit,187.9,2.847,655.54,8,81.94,2.0518,160,25,0.32,2009-12-04,2011-07-24,0.0,Declining,1,"Mid-Value, Unreliable, Recent",High Risk
17936,1,1,0,100.0,Very Loyal,183.57,2.384,389.84,1,389.84,0.0,27,1,1.0,2011-12-04,2011-12-04,,Insufficient History,1,"Mid-Value, Unreliable, Recent",Low Risk
17937,6,0,6,0.0,Likely to Exit,149.35,3.4733,4301.22,7,614.46,1.7236,30,13,0.5385,2010-12-12,2011-12-01,2.392,Increasing,0,"High-Value, Reliable, Recent",High Risk
17938,1,0,1,0.0,Likely to Exit,90.82,3.1317,144.29,1,144.29,3.7417,442,15,0.0667,2010-10-15,2010-10-15,,Insufficient History,2,"Mid-Value, Unreliable, Lapsed",High Risk
17939,1,0,1,0.0,Likely to Exit,29.47,2.4558,99.14,1,99.14,2.2361,181,6,0.1667,2011-07-03,2011-07-03,0.0,Declining,1,"Mid-Value, Unreliable, Recent",High Risk
17940,12,3,9,25.0,Likely to Exit,5361.92,127.6648,26960.02,22,1225.46,2.2221,71,25,0.88,2009-12-03,2011-10-21,0.81,Declining,0,"High-Value, Reliable, Recent",High Risk
17941,4,0,4,0.0,Likely to Exit,13.43,1.9186,1433.28,4,358.32,2.2653,152,24,0.1667,2010-01-06,2011-08-01,0.0,Declining,1,"Mid-Value, Unreliable, Recent",High Risk
17942,1,0,1,0.0,Likely to Exit,3.05,1.525,77.5,1,77.5,0.0,29,1,1.0,2011-12-02,2011-12-02,,Insufficient History,1,"Mid-Value, Unreliable, Recent",High Risk
17943,1,0,1,0.0,Likely to Exit,55.01,55.01,-165.03,1,-165.03,0.0,701,24,0.0417,2010-01-29,2010-01-29,,Insufficient History,3,"Low-Value, Reliable, Lapsed",High Risk
17944,1,0,1,0.0,Likely to Exit,48.35,1.8596,75.41,1,75.41,3.7417,445,15,0.0667,2010-10-12,2010-10-12,,Insufficient History,2,"Mid-Value, Unreliable, Lapsed",High Risk
17945,1,1,0,100.0,Very Loyal,146.21,2.0307,360.35,3,120.12,4.7958,718,24,0.125,2010-01-12,2010-01-12,,Insufficient History,2,"Mid-Value, Unreliable, Lapsed",Low Risk
17946,2,0,2,0.0,Likely to Exit,62.89,3.1445,149.58,2,74.79,2.6323,255,10,0.2,2011-03-25,2011-04-20,,Insufficient History,1,"Mid-Value, Unreliable, Recent",High Risk
17947,1,0,1,0.0,Likely to Exit,8.48,0.9422,176.68,1,176.68,1.0,59,2,0.5,2011-11-02,2011-11-02,,Insufficient History,1,"Mid-Value, Unreliable, Recent",High Risk
17948,1,0,1,0.0,Likely to Exit,2.49,2.49,358.56,1,358.56,2.2361,169,6,0.1667,2011-07-15,2011-07-15,0.0,Declining,1,"Mid-Value, Unreliable, Recent",High Risk
17949,25,2,23,8.0,Likely to Exit,19313.26,105.5369,98895.59,138,716.63,0.9608,23,25,5.52,2009-12-02,2011-12-08,0.285,Declining,0,"High-Value, Reliable, Recent",High Risk
17950,6,1,5,16.67,Likely to Exit,530.83,2.5521,1412.65,8,176.58,2.057,94,24,0.3333,2010-01-04,2011-09-28,0.0,Declining,1,"Mid-Value, Unreliable, Recent",High Risk
17951,3,0,3,0.0,Likely to Exit,89.39,2.6291,1618.38,5,323.68,2.1009,61,15,0.3333,2010-10-31,2011-10-31,,Insufficient History,1,"Mid-Value, Unreliable, Recent",High Risk
17952,2,1,1,50.0,At Risk,249.82,2.4021,819.61,4,204.9,2.9235,400,19,0.2105,2010-06-16,2010-11-26,,Insufficient History,2,"Mid-Value, Unreliable, Lapsed",Medium Risk
17953,1,0,1,0.0,Likely to Exit,73.59,3.5043,160.82,1,160.82,4.2426,562,19,0.0526,2010-06-17,2010-06-17,,Insufficient History,2,"Mid-Value, Unreliable, Lapsed",High Risk
17954,14,8,6,57.14,At Risk,1764.79,2.2481,3831.56,26,147.37,1.1104,27,25,1.04,2009-12-09,2011-12-04,1.836,Increasing,0,"High-Value, Reliable, Recent",Medium Risk
17955,2,1,1,50.0,At Risk,110.15,5.0068,949.9,6,158.32,3.2933,220,23,0.2609,2010-02-12,2011-05-25,,Insufficient History,1,"Mid-Value, Unreliable, Recent",Medium Risk
17956,1,0,1,0.0,Likely to Exit,12.75,12.75,12.75,1,12.75,2.8284,271,9,0.1111,2011-04-04,2011-04-04,,Insufficient History,3,"Low-Value, Reliable, Lapsed",High Risk
17957,1,0,1,0.0,Likely to Exit,41.82,1.349,111.68,1,111.68,1.4142,88,3,0.3333,2011-10-04,2011-10-04,,Insufficient History,1,"Mid-Value, Unreliable, Recent",High Risk
17958,2,0,2,0.0,Likely to Exit,122.55,3.4042,973.88,2,486.94,3.3948,138,25,0.08,2009-12-11,2011-08-15,0.0,Declining,1,"Mid-Value, Unreliable, Recent",High Risk
17959,1,0,1,0.0,Likely to Exit,42.05,21.025,140.75,1,140.75,4.4721,614,21,0.0476,2010-04-26,2010-04-26,,Insufficient History,2,"Mid-Value, Unreliable, Lapsed",High Risk
17960,3,0,3,0.0,Likely to Exit,80.91,2.1868,135.08,3,45.03,2.9613,193,22,0.1364,2010-03-08,2011-06-21,,Insufficient History,1,"Mid-Value, Unreliable, Recent",High Risk
17961,23,3,20,13.04,Likely to Exit,1914.55,2.8921,2979.09,102,29.21,1.5257,43,25,4.08,2009-12-01,2011-11-18,0.088,Declining,0,"High-Value, Reliable, Recent",High Risk
17962,3,2,1,66.67,Likely to Stay,414.31,2.051,673.02,5,134.6,3.0086,164,24,0.2083,2010-01-13,2011-07-20,0.0,Declining,1,"Mid-Value, Unreliable, Recent",Low Risk
17963,4,0,4,0.0,Likely to Exit,341.03,3.0449,651.51,4,162.88,2.2588,493,24,0.1667,2010-01-19,2010-08-25,,Insufficient History,2,"Mid-Value, Unreliable, Lapsed",High Risk
17964,2,2,0,100.0,Very Loyal,403.4,2.9022,733.46,2,366.73,2.5861,53,13,0.1538,2010-12-02,2011-11-08,,Insufficient History,1,"Mid-Value, Unreliable, Recent",Low Risk
17965,20,13,7,65.0,Likely to Stay,2821.64,3.2658,7117.78,33,215.69,0.8268,59,25,1.32,2009-12-14,2011-11-02,0.439,Declining,0,"High-Value, Reliable, Recent",Low Risk
17966,7,0,7,0.0,Likely to Exit,164.12,1.4396,1974.42,10,197.44,1.7625,59,24,0.4167,2010-01-18,2011-11-02,1.621,Increasing,0,"High-Value, Reliable, Recent",High Risk
17967,2,1,1,50.0,At Risk,247.51,2.1523,357.29,2,178.64,2.7515,393,15,0.1333,2010-10-19,2010-12-03,,Insufficient History,2,"Mid-Value, Unreliable, Lapsed",Medium Risk
17968,3,1,2,33.33,Likely to Exit,417.59,1.8981,888.04,4,222.01,2.7112,395,18,0.2222,2010-07-15,2010-12-01,,Insufficient History,2,"Mid-Value, Unreliable, Lapsed",Medium Risk
17969,10,6,4,60.0,Likely to Stay,1125.87,5.0715,2251.19,27,83.38,1.3887,188,25,1.08,2009-12-06,2011-06-26,,Insufficient History,0,"High-Value, Reliable, Recent",Low Risk
17970,1,0,1,0.0,Likely to Exit,91.94,2.9658,582.59,1,582.59,2.6458,233,8,0.125,2011-05-12,2011-05-12,,Insufficient History,1,"Mid-Value, Unreliable, Recent",High Risk
17971,1,0,1,0.0,Likely to Exit,65.74,3.1305,161.94,1,161.94,4.2426,570,19,0.0526,2010-06-09,2010-06-09,,Insufficient History,2,"Mid-Value, Unreliable, Lapsed",High Risk
17972,1,1,0,100.0,Very Loyal,131.14,4.2303,136.04,1,136.04,2.8284,263,9,0.1111,2011-04-12,2011-04-12,,Insufficient History,2,"Mid-Value, Unreliable, Lapsed",Low Risk
17973,1,0,1,0.0,Likely to Exit,48.66,3.244,337.04,1,337.04,1.4142,73,3,0.3333,2011-10-19,2011-10-19,,Insufficient History,1,"Mid-Value, Unreliable, Recent",High Risk
17974,5,2,3,40.0,At Risk,850.69,2.1109,1858.06,6,309.68,1.9302,46,15,0.4,2010-10-28,2011-11-15,,Insufficient History,1,"Mid-Value, Unreliable, Recent",Medium Risk
17975,14,7,7,50.0,At Risk,1646.73,3.4236,6927.68,26,266.45,0.7308,37,17,1.5294,2010-08-06,2011-11-24,0.454,Declining,0,"High-Value, Reliable, Recent",Medium Risk
17976,1,1,0,100.0,Very Loyal,459.16,3.532,706.38,1,706.38,3.4641,394,13,0.0769,2010-12-02,2010-12-02,,Insufficient History,2,"Mid-Value, Unreliable, Lapsed",Low Risk
17977,2,1,1,50.0,At Risk,203.32,1.8484,1507.73,3,502.58,2.9657,51,14,0.2143,2010-11-04,2011-11-10,,Insufficient History,1,"Mid-Value, Unreliable, Recent",Medium Risk
17978,4,0,4,0.0,Likely to Exit,249.89,3.1236,1461.76,4,365.44,2.7481,387,25,0.16,2009-12-08,2010-12-09,,Insufficient History,1,"Mid-Value, Unreliable, Recent",High Risk
17979,3,2,1,66.67,Likely to Stay,351.31,2.3899,737.81,5,147.56,1.5288,57,10,0.5,2011-03-25,2011-11-04,,Insufficient History,1,"Mid-Value, Unreliable, Recent",Low Risk
17980,4,1,3,25.0,Likely to Exit,171.35,2.5962,1033.42,4,258.36,1.5929,187,14,0.2857,2010-11-11,2011-06-27,,Insufficient History,1,"Mid-Value, Unreliable, Recent",High Risk
17981,1,0,1,0.0,Likely to Exit,27.23,1.6018,239.12,1,239.12,3.7417,432,15,0.0667,2010-10-25,2010-10-25,,Insufficient History,2,"Mid-Value, Unreliable, Lapsed",High Risk
17982,1,0,1,0.0,Likely to Exit,25.66,1.9738,138.18,1,138.18,4.7958,702,24,0.0417,2010-01-28,2010-01-28,,Insufficient History,2,"Mid-Value, Unreliable, Lapsed",High Risk
17983,1,0,1,0.0,Likely to Exit,67.42,2.8092,171.71,1,171.71,3.6056,417,14,0.0714,2010-11-09,2010-11-09,,Insufficient History,2,"Mid-Value, Unreliable, Lapsed",High Risk
17984,4,3,1,75.0,Likely to Stay,563.76,2.2461,1191.27,5,238.25,2.6822,167,25,0.2,2009-12-01,2011-07-17,0.0,Declining,1,"Mid-Value, Unreliable, Recent",Low Risk
17985,1,1,0,100.0,Very Loyal,102.8,4.4696,634.95,1,634.95,1.0,44,2,0.5,2011-11-17,2011-11-17,,Insufficient History,1,"Mid-Value, Unreliable, Recent",Low Risk
17986,1,0,1,0.0,Likely to Exit,2.08,2.08,20.8,1,20.8,1.4142,78,3,0.3333,2011-10-14,2011-10-14,,Insufficient History,1,"Mid-Value, Unreliable, Recent",High Risk
17987,3,1,2,33.33,Likely to Exit,370.11,2.0448,928.12,6,154.69,2.7286,207,19,0.3158,2010-06-07,2011-06-07,,Insufficient History,1,"Mid-Value, Unreliable, Recent",Medium Risk
17988,7,1,6,14.29,Likely to Exit,437.55,3.5286,479.59,15,31.97,2.1802,33,25,0.6,2009-12-07,2011-11-28,0.776,Declining,1,"Mid-Value, Unreliable, Recent",High Risk
17989,1,0,1,0.0,Likely to Exit,65.62,1.93,228.83,1,228.83,3.6056,401,14,0.0714,2010-11-25,2010-11-25,,Insufficient History,2,"Mid-Value, Unreliable, Lapsed",High Risk
17990,6,0,6,0.0,Likely to Exit,145.95,2.5164,1522.57,7,217.51,2.0386,258,25,0.28,2009-12-07,2011-04-17,,Insufficient History,1,"Mid-Value, Unreliable, Recent",High Risk
17991,2,1,1,50.0,At Risk,178.93,4.4733,320.55,3,106.85,3.3661,247,21,0.1429,2010-04-27,2011-04-28,,Insufficient History,2,"Mid-Value, Unreliable, Lapsed",Medium Risk
17992,1,1,0,100.0,Very Loyal,126.33,2.3836,254.13,1,254.13,3.6056,411,14,0.0714,2010-11-15,2010-11-15,,Insufficient History,2,"Mid-Value, Unreliable, Lapsed",Low Risk
17993,1,1,0,100.0,Very Loyal,149.09,2.3295,235.19,1,235.19,4.4721,639,21,0.0476,2010-04-01,2010-04-01,,Insufficient History,2,"Mid-Value, Unreliable, Lapsed",Low Risk
17994,10,4,6,40.0,At Risk,838.07,2.6354,2262.87,14,161.63,1.4904,143,22,0.6364,2010-03-29,2011-08-10,0.0,Declining,0,"High-Value, Reliable, Recent",Medium Risk
17995,2,1,1,50.0,At Risk,104.29,3.5962,495.48,3,165.16,3.0594,303,14,0.2143,2010-11-17,2011-03-03,,Insufficient History,2,"Mid-Value, Unreliable, Lapsed",Medium Risk
17996,2,1,1,50.0,At Risk,214.8,3.206,482.33,3,160.78,2.9287,401,19,0.1579,2010-06-11,2010-11-25,,Insufficient History,2,"Mid-Value, Unreliable, Lapsed",Medium Risk
17997,3,1,2,33.33,Likely to Exit,287.86,1.5992,1511.3,12,125.94,1.3025,96,7,1.7143,2011-06-28,2011-09-26,0.0,Declining,0,"High-Value, Reliable, Recent",Medium Risk
17998,2,1,1,50.0,At Risk,222.94,3.7786,601.74,4,150.44,3.3912,402,25,0.16,2009-12-01,2010-11-24,,Insufficient History,2,"Mid-Value, Unreliable, Lapsed",Medium Risk
17999,3,3,0,100.0,Very Loyal,525.74,2.9872,730.9,3,243.63,2.1022,59,14,0.2143,2010-11-26,2011-11-02,,Insufficient History,1,"Mid-Value, Unreliable, Recent",Low Risk
18000,1,0,1,0.0,Likely to Exit,12.11,2.0183,124.25,1,124.25,4.3589,586,20,0.05,2010-05-24,2010-05-24,,Insufficient History,2,"Mid-Value, Unreliable, Lapsed",High Risk
18001,5,0,5,0.0,Likely to Exit,323.6,2.3114,953.84,6,158.97,2.0862,34,25,0.24,2009-12-02,2011-11-27,0.654,Declining,1,"Mid-Value, Unreliable, Recent",High Risk
18002,4,1,3,25.0,Likely to Exit,216.42,4.0078,249.92,4,62.48,2.6594,397,25,0.16,2009-12-08,2010-11-29,,Insufficient History,2,"Mid-Value, Unreliable, Lapsed",High Risk
18003,1,0,1,0.0,Likely to Exit,48.16,1.9264,358.61,1,358.61,3.6056,398,14,0.0714,2010-11-28,2010-11-28,,Insufficient History,2,"Mid-Value, Unreliable, Lapsed",High Risk
18004,1,1,0,100.0,Very Loyal,110.61,2.7652,169.47,1,169.47,3.4641,384,13,0.0769,2010-12-12,2010-12-12,,Insufficient History,2,"Mid-Value, Unreliable, Lapsed",Low Risk
18005,2,1,1,50.0,At Risk,191.18,3.1863,249.72,2,124.86,0.7225,25,3,0.6667,2011-10-23,2011-12-06,,Insufficient History,1,"Mid-Value, Unreliable, Recent",Medium Risk
18006,4,0,4,0.0,Likely to Exit,234.45,3.6069,997.86,4,249.46,2.6655,45,25,0.16,2009-12-17,2011-11-16,,Insufficient History,1,"Mid-Value, Unreliable, Recent",High Risk
18007,1,0,1,0.0,Likely to Exit,82.16,1.611,220.32,1,220.32,3.6056,414,14,0.0714,2010-11-12,2010-11-12,,Insufficient History,2,"Mid-Value, Unreliable, Lapsed",High Risk
18008,13,1,12,7.69,Likely to Exit,435.69,4.2715,19787.13,23,860.31,3.2973,92,24,0.9583,2010-01-06,2011-09-30,0.0,Declining,0,"High-Value, Reliable, Recent",High Risk
18009,7,3,4,42.86,At Risk,765.67,4.0727,2077.08,14,148.36,2.4978,257,23,0.6087,2010-02-25,2011-04-18,,Insufficient History,0,"High-Value, Reliable, Recent",Medium Risk
18010,1,0,1,0.0,Likely to Exit,70.2,5.0143,174.8,1,174.8,3.0,278,10,0.1,2011-03-28,2011-03-28,,Insufficient History,2,"Mid-Value, Unreliable, Lapsed",High Risk
18011,2,2,0,100.0,Very Loyal,343.92,3.6981,527.03,2,263.52,3.0795,395,20,0.1,2010-05-21,2010-12-01,,Insufficient History,2,"Mid-Value, Unreliable, Lapsed",Low Risk
18012,1,0,1,0.0,Likely to Exit,88.54,6.8108,115.3,1,115.3,4.899,745,25,0.04,2009-12-16,2009-12-16,,Insufficient History,2,"Mid-Value, Unreliable, Lapsed",High Risk
18013,1,0,1,0.0,Likely to Exit,36.28,1.1703,187.29,2,93.64,2.2361,177,6,0.3333,2011-07-07,2011-07-07,0.0,Declining,1,"Mid-Value, Unreliable, Recent",High Risk
18014,1,0,1,0.0,Likely to Exit,93.78,2.9306,166.42,1,166.42,1.0,50,2,0.5,2011-11-11,2011-11-11,,Insufficient History,1,"Mid-Value, Unreliable, Recent",High Risk
18015,1,0,1,0.0,Likely to Exit,58.69,1.2759,120.03,1,120.03,0.0,26,1,1.0,2011-12-05,2011-12-05,,Insufficient History,1,"Mid-Value, Unreliable, Recent",High Risk
18016,7,2,5,28.57,Likely to Exit,574.02,3.3766,1960.46,7,280.07,1.8753,54,24,0.2917,2010-01-27,2011-11-07,0.593,Declining,0,"High-Value, Reliable, Recent",High Risk
18017,4,0,4,0.0,Likely to Exit,6.88,1.72,688.0,4,172.0,1.6602,103,15,0.2667,2010-10-04,2011-09-19,0.0,Declining,1,"Mid-Value, Unreliable, Recent",High Risk
18018,4,0,4,0.0,Likely to Exit,151.92,3.165,156.69,5,31.34,2.0057,130,15,0.3333,2010-10-15,2011-08-23,0.0,Declining,1,"Mid-Value, Unreliable, Recent",High Risk
18019,1,0,1,0.0,Likely to Exit,28.55,5.71,38.45,1,38.45,1.4142,73,3,0.3333,2011-10-19,2011-10-19,,Insufficient History,1,"Mid-Value, Unreliable, Recent",High Risk
18020,1,0,1,0.0,Likely to Exit,63.5,4.5357,129.28,2,64.64,4.2426,565,19,0.1053,2010-06-14,2010-06-14,,Insufficient History,2,"Mid-Value, Unreliable, Lapsed",High Risk
18021,1,0,1,0.0,Likely to Exit,91.8,2.7818,227.06,2,113.53,4.1231,531,18,0.1111,2010-07-15,2010-07-18,,Insufficient History,2,"Mid-Value, Unreliable, Lapsed",High Risk
18022,4,4,0,100.0,Very Loyal,970.81,1.9573,1651.79,5,330.36,2.1367,57,19,0.2632,2010-06-11,2011-11-04,,Insufficient History,0,"High-Value, Reliable, Recent",Low Risk
18023,1,1,0,100.0,Very Loyal,3248.86,3248.86,-3248.86,1,-3248.86,0.0,562,19,0.0526,2010-06-17,2010-06-17,,Insufficient History,3,"Low-Value, Reliable, Lapsed",Low Risk
18024,1,0,1,0.0,Likely to Exit,58.49,2.6586,236.78,3,78.93,2.2361,174,6,0.5,2011-07-10,2011-07-10,0.0,Declining,1,"Mid-Value, Unreliable, Recent",High Risk
18025,4,0,4,0.0,Likely to Exit,214.4,1.9143,1177.72,6,196.29,2.1568,401,22,0.2727,2010-03-30,2010-11-25,,Insufficient History,1,"Mid-Value, Unreliable, Recent",High Risk
18026,1,0,1,0.0,Likely to Exit,87.54,5.1494,2074.07,2,1037.03,4.1231,522,18,0.1111,2010-07-22,2010-07-27,,Insufficient History,2,"Mid-Value, Unreliable, Lapsed",High Risk
18027,1,0,1,0.0,Likely to Exit,58.64,2.7924,115.31,1,115.31,1.7321,120,4,0.25,2011-09-02,2011-09-02,,Insufficient History,1,"Mid-Value, Unreliable, Recent",High Risk
18028,1,0,1,0.0,Likely to Exit,11.0,2.75,192.05,1,192.05,4.3589,605,20,0.05,2010-05-05,2010-05-05,,Insufficient History,2,"Mid-Value, Unreliable, Lapsed",High Risk
18029,1,0,1,0.0,Likely to Exit,31.3,1.7389,433.77,1,433.77,4.5826,664,22,0.0455,2010-03-07,2010-03-07,,Insufficient History,2,"Mid-Value, Unreliable, Lapsed",High Risk
18030,2,0,2,0.0,Likely to Exit,70.3,7.03,220.7,3,73.57,0.7098,26,3,1.0,2011-10-28,2011-12-05,,Insufficient History,1,"Mid-Value, Unreliable, Recent",High Risk
18031,1,1,0,100.0,Very Loyal,119.37,1.8365,462.1,1,462.1,3.6056,400,14,0.0714,2010-11-26,2010-11-26,,Insufficient History,2,"Mid-Value, Unreliable, Lapsed",Low Risk
18032,1,0,1,0.0,Likely to Exit,9.35,1.87,73.5,1,73.5,3.3166,356,12,0.0833,2011-01-09,2011-01-09,,Insufficient History,2,"Mid-Value, Unreliable, Lapsed",High Risk
18033,1,0,1,0.0,Likely to Exit,63.44,1.8659,97.97,1,97.97,1.4142,87,3,0.3333,2011-10-05,2011-10-05,,Insufficient History,1,"Mid-Value, Unreliable, Recent",High Risk
18034,2,2,0,100.0,Very Loyal,341.14,1.5162,793.7,3,264.57,2.4556,43,14,0.2143,2010-11-29,2011-11-18,,Insufficient History,1,"Mid-Value, Unreliable, Recent",Low Risk
18035,3,0,3,0.0,Likely to Exit,138.92,2.2774,1276.74,5,255.35,2.0312,57,14,0.3571,2010-11-19,2011-11-04,,Insufficient History,1,"Mid-Value, Unreliable, Recent",High Risk
18036,9,5,4,55.56,At Risk,849.73,2.5594,1563.64,11,142.15,1.4701,54,25,0.44,2009-12-18,2011-11-07,1.051,Stable,0,"High-Value, Reliable, Recent",Medium Risk
18037,10,0,10,0.0,Likely to Exit,153.52,4.6521,167.42,15,11.16,1.4764,176,25,0.6,2009-12-01,2011-07-08,0.0,Declining,1,"Mid-Value, Unreliable, Recent",High Risk
18038,1,0,1,0.0,Likely to Exit,80.08,2.5025,149.41,1,149.41,4.2426,578,19,0.0526,2010-06-01,2010-06-01,,Insufficient History,2,"Mid-Value, Unreliable, Lapsed",High Risk
18039,4,2,2,50.0,At Risk,355.51,2.1161,579.17,4,144.79,2.1834,396,22,0.1818,2010-03-09,2010-11-30,,Insufficient History,1,"Mid-Value, Unreliable, Recent",Medium Risk
18040,2,0,2,0.0,Likely to Exit,58.35,3.0711,357.2,2,178.6,2.0037,41,9,0.2222,2011-04-08,2011-11-20,,Insufficient History,1,"Mid-Value, Unreliable, Recent",High Risk
18041,20,4,16,20.0,Likely to Exit,1977.48,2.0535,8669.65,40,216.74,0.8082,33,24,1.6667,2010-01-14,2011-11-28,0.725,Declining,0,"High-Value, Reliable, Recent",High Risk
18042,2,0,2,0.0,Likely to Exit,68.6,4.2875,281.15,2,140.57,2.9645,75,19,0.1053,2010-06-16,2011-10-17,,Insufficient History,1,"Mid-Value, Unreliable, Recent",High Risk
18043,3,1,2,33.33,Likely to Exit,543.44,2.9061,875.97,3,291.99,2.5087,46,13,0.2308,2010-12-08,2011-11-15,,Insufficient History,1,"Mid-Value, Unreliable, Recent",Medium Risk
18044,13,4,9,30.77,Likely to Exit,846.22,4.21,3502.66,19,184.35,0.9656,26,20,0.95,2010-05-28,2011-12-05,1.269,Increasing,0,"High-Value, Reliable, Recent",Medium Risk
18045,1,1,0,100.0,Very Loyal,122.52,2.6068,189.4,1,189.4,1.4142,67,3,0.3333,2011-10-25,2011-10-25,,Insufficient History,1,"Mid-Value, Unreliable, Recent",Low Risk
18046,1,1,0,100.0,Very Loyal,160.73,6.1819,189.63,1,189.63,4.6904,671,23,0.0435,2010-02-28,2010-02-28,,Insufficient History,2,"Mid-Value, Unreliable, Lapsed",Low Risk
18047,1,1,0,100.0,Very Loyal,246.44,2.8005,342.69,2,171.34,3.6056,403,14,0.1429,2010-11-23,2010-11-23,,Insufficient History,2,"Mid-Value, Unreliable, Lapsed",Low Risk
18048,2,1,1,50.0,At Risk,155.37,2.547,401.73,3,133.91,2.7698,225,17,0.1765,2010-08-03,2011-05-20,,Insufficient History,1,"Mid-Value, Unreliable, Recent",Medium Risk
18049,2,1,1,50.0,At Risk,219.97,2.3155,556.52,2,278.26,3.0829,459,21,0.0952,2010-04-28,2010-09-28,,Insufficient History,2,"Mid-Value, Unreliable, Lapsed",Medium Risk
18050,2,0,2,0.0,Likely to Exit,73.12,3.1791,412.06,2,206.03,2.9761,381,14,0.1429,2010-11-11,2010-12-15,,Insufficient History,2,"Mid-Value, Unreliable, Lapsed",High Risk
18051,4,0,4,0.0,Likely to Exit,113.36,1.9545,2275.98,8,284.5,2.3897,656,25,0.32,2009-12-09,2010-03-15,,Insufficient History,2,"Mid-Value, Unreliable, Lapsed",High Risk
18052,1,0,1,0.0,Likely to Exit,10.5,0.6562,10877.18,1,10877.18,4.3589,586,20,0.05,2010-05-24,2010-05-24,,Insufficient History,2,"Mid-Value, Unreliable, Lapsed",High Risk
18053,5,0,5,0.0,Likely to Exit,87.41,2.4974,527.77,6,87.96,2.7723,88,19,0.3158,2010-06-30,2011-10-04,-0.01,Declining,1,"Mid-Value, Unreliable, Recent",High Risk
18054,1,0,1,0.0,Likely to Exit,27.15,2.4682,176.5,1,176.5,3.6056,414,14,0.0714,2010-11-12,2010-11-12,,Insufficient History,2,"Mid-Value, Unreliable, Lapsed",High Risk
18055,9,5,4,55.56,At Risk,2542.65,4.3316,11163.52,15,744.23,1.0925,29,15,1.0,2010-10-22,2011-12-02,1.217,Increasing,0,"High-Value, Reliable, Recent",Medium Risk
18056,3,0,3,0.0,Likely to Exit,97.25,3.1371,539.75,3,179.92,3.3267,310,22,0.1364,2010-03-31,2011-02-24,,Insufficient History,2,"Mid-Value, Unreliable, Lapsed",High Risk
18057,3,1,2,33.33,Likely to Exit,416.32,2.9737,1203.56,3,401.19,3.0624,415,24,0.125,2010-01-18,2010-11-11,,Insufficient History,2,"Mid-Value, Unreliable, Lapsed",Medium Risk
18058,3,0,3,0.0,Likely to Exit,31.34,1.9587,774.06,3,258.02,2.6667,31,23,0.1304,2010-02-10,2011-11-30,,Insufficient History,1,"Mid-Value, Unreliable, Recent",High Risk
18059,2,0,2,0.0,Likely to Exit,39.84,1.8971,296.71,4,74.18,0.8852,31,3,1.3333,2011-10-03,2011-11-30,,Insufficient History,1,"Mid-Value, Unreliable, Recent",High Risk
18060,2,1,1,50.0,At Risk,236.84,3.1579,1185.46,2,592.73,3.0771,430,20,0.1,2010-05-24,2010-10-27,,Insufficient History,2,"Mid-Value, Unreliable, Lapsed",Medium Risk
18061,21,0,21,0.0,Likely to Exit,502.14,3.8926,6480.47,29,223.46,0.8471,43,25,1.16,2009-12-04,2011-11-18,0.716,Declining,0,"High-Value, Reliable, Recent",High Risk
18062,7,0,7,0.0,Likely to Exit,220.11,3.8616,1523.37,9,169.26,1.6744,195,21,0.4286,2010-04-21,2011-06-19,,Insufficient History,1,"Mid-Value, Unreliable, Recent",High Risk
18063,2,0,2,0.0,Likely to Exit,11.3,3.7667,186.6,2,93.3,3.1774,412,22,0.0909,2010-03-16,2010-11-14,,Insufficient History,2,"Mid-Value, Unreliable, Lapsed",High Risk
18064,8,0,8,0.0,Likely to Exit,156.22,2.2641,4441.18,15,296.08,1.4539,155,23,0.6522,2010-02-01,2011-07-29,0.0,Declining,0,"High-Value, Reliable, Recent",High Risk
18065,14,7,7,50.0,At Risk,1426.53,4.5431,5836.88,32,182.4,1.084,27,25,1.28,2009-12-09,2011-12-04,0.826,Declining,0,"High-Value, Reliable, Recent",Medium Risk
18066,3,1,2,33.33,Likely to Exit,208.02,3.9249,1440.4,3,480.13,2.1926,97,15,0.2,2010-10-20,2011-09-25,0.0,Declining,1,"Mid-Value, Unreliable, Recent",Medium Risk
18067,1,1,0,100.0,Very Loyal,104.82,2.833,396.33,1,396.33,1.4142,62,3,0.3333,2011-10-30,2011-10-30,,Insufficient History,1,"Mid-Value, Unreliable, Recent",Low Risk
18068,1,0,1,0.0,Likely to Exit,16.95,16.95,101.7,1,101.7,3.1623,311,11,0.0909,2011-02-23,2011-02-23,,Insufficient History,2,"Mid-Value, Unreliable, Lapsed",High Risk
18069,10,10,0,100.0,Very Loyal,2177.97,2.178,4525.71,13,348.13,1.2644,48,23,0.5652,2010-02-28,2011-11-13,0.311,Declining,0,"High-Value, Reliable, Recent",Low Risk
18070,2,0,2,0.0,Likely to Exit,40.75,4.075,307.75,2,153.88,4.899,691,25,0.08,2009-12-08,2010-02-08,,Insufficient History,2,"Mid-Value, Unreliable, Lapsed",High Risk
18071,4,0,4,0.0,Likely to Exit,250.39,2.9115,1428.63,6,238.11,2.4396,279,25,0.24,2009-12-05,2011-03-27,,Insufficient History,1,"Mid-Value, Unreliable, Recent",High Risk
18072,2,0,2,0.0,Likely to Exit,43.59,1.2108,0.0,2,0.0,2.4495,177,7,0.2857,2011-06-07,2011-07-07,-0.0,Declining,3,"Low-Value, Reliable, Lapsed",High Risk
18073,4,1,3,25.0,Likely to Exit,285.61,3.758,3864.44,13,297.26,1.2324,136,8,1.625,2011-05-26,2011-08-17,0.0,Declining,0,"High-Value, Reliable, Recent",High Risk
18074,2,2,0,100.0,Very Loyal,258.62,4.6182,1509.04,2,754.52,2.9662,395,18,0.1111,2010-07-22,2010-12-01,,Insufficient History,2,"Mid-Value, Unreliable, Lapsed",Low Risk
18075,15,5,10,33.33,Likely to Exit,1244.55,3.5559,5579.91,31,180.0,0.9587,45,18,1.7222,2010-07-29,2011-11-16,1.692,Increasing,0,"High-Value, Reliable, Recent",Medium Risk
18076,1,0,1,0.0,Likely to Exit,18.76,2.345,151.49,1,151.49,3.6056,402,14,0.0714,2010-11-24,2010-11-24,,Insufficient History,2,"Mid-Value, Unreliable, Lapsed",High Risk
18077,13,0,13,0.0,Likely to Exit,643.41,1.7067,4338.56,18,241.03,1.1341,30,25,0.72,2009-12-07,2011-12-01,1.725,Increasing,0,"High-Value, Reliable, Recent",High Risk
18078,4,0,4,0.0,Likely to Exit,219.11,2.8456,844.6,4,211.15,2.377,239,22,0.1818,2010-03-21,2011-05-06,,Insufficient History,1,"Mid-Value, Unreliable, Recent",High Risk
18079,4,0,4,0.0,Likely to Exit,125.99,0.8999,4242.75,5,848.55,2.0231,67,17,0.2941,2010-08-05,2011-10-25,2.437,Increasing,0,"High-Value, Reliable, Recent",High Risk
18080,2,0,2,0.0,Likely to Exit,3.8,1.9,1231.5,2,615.75,2.026,40,9,0.2222,2011-04-11,2011-11-21,,Insufficient History,1,"Mid-Value, Unreliable, Recent",High Risk
18081,3,0,3,0.0,Likely to Exit,65.28,3.84,343.45,3,114.48,1.0208,58,6,0.5,2011-07-29,2011-11-03,0.651,Declining,1,"Mid-Value, Unreliable, Recent",High Risk
18082,1,1,0,100.0,Very Loyal,157.24,2.154,703.37,1,703.37,1.0,47,2,0.5,2011-11-14,2011-11-14,,Insufficient History,1,"Mid-Value, Unreliable, Recent",Low Risk
18083,1,1,0,100.0,Very Loyal,147.3,3.5071,470.73,1,470.73,3.6056,419,14,0.0714,2010-11-07,2010-11-07,,Insufficient History,2,"Mid-Value, Unreliable, Lapsed",Low Risk
18084,3,0,3,0.0,Likely to Exit,35.59,3.2355,193.73,5,38.75,3.1985,38,14,0.3571,2010-11-16,2011-11-23,,Insufficient History,1,"Mid-Value, Unreliable, Recent",High Risk
18085,4,0,4,0.0,Likely to Exit,224.85,3.1669,1645.75,4,411.44,2.2384,352,22,0.1818,2010-03-21,2011-01-13,,Insufficient History,1,"Mid-Value, Unreliable, Recent",High Risk
18086,1,0,1,0.0,Likely to Exit,10.36,1.48,101.34,1,101.34,3.0,296,10,0.1,2011-03-10,2011-03-10,,Insufficient History,2,"Mid-Value, Unreliable, Lapsed",High Risk
18087,11,1,10,9.09,Likely to Exit,1137.28,11.9714,14411.62,21,686.27,2.2101,120,25,0.84,2009-12-01,2011-09-02,0.0,Declining,0,"High-Value, Reliable, Recent",High Risk
18088,1,0,1,0.0,Likely to Exit,81.65,2.0936,167.67,1,167.67,1.4142,83,3,0.3333,2011-10-09,2011-10-09,,Insufficient History,1,"Mid-Value, Unreliable, Recent",High Risk
18089,1,0,1,0.0,Likely to Exit,77.8,7.78,428.45,1,428.45,3.873,468,16,0.0625,2010-09-19,2010-09-19,,Insufficient History,2,"Mid-Value, Unreliable, Lapsed",High Risk
18090,1,1,0,100.0,Very Loyal,101.92,1.6987,349.4,1,349.4,3.7417,443,15,0.0667,2010-10-14,2010-10-14,,Insufficient History,2,"Mid-Value, Unreliable, Lapsed",Low Risk
18091,1,0,1,0.0,Likely to Exit,41.95,1.678,360.85,1,360.85,4.4721,615,21,0.0476,2010-04-25,2010-04-25,,Insufficient History,2,"Mid-Value, Unreliable, Lapsed",High Risk
18092,13,1,12,7.69,Likely to Exit,509.84,3.3542,16173.19,20,808.66,1.4886,24,25,0.8,2009-12-04,2011-12-07,0.769,Declining,0,"High-Value, Reliable, Recent",High Risk
18093,7,0,7,0.0,Likely to Exit,114.3,1.8143,4429.61,9,492.18,1.7885,115,22,0.4091,2010-03-31,2011-09-07,0.0,Declining,0,"High-Value, Reliable, Recent",High Risk
18094,10,0,10,0.0,Likely to Exit,330.05,2.5195,6322.62,15,421.51,1.5861,103,25,0.6,2009-12-11,2011-09-19,0.0,Declining,0,"High-Value, Reliable, Recent",High Risk
18095,4,0,4,0.0,Likely to Exit,113.2,2.3583,2303.09,5,460.62,2.3365,334,21,0.2381,2010-04-19,2011-01-31,,Insufficient History,1,"Mid-Value, Unreliable, Recent",High Risk
18096,4,4,0,100.0,Very Loyal,1006.04,2.2969,1805.28,6,300.88,1.9556,33,18,0.3333,2010-07-14,2011-11-28,,Insufficient History,0,"High-Value, Reliable, Recent",Low Risk
18097,10,1,9,10.0,Likely to Exit,468.42,2.9094,4652.17,14,332.3,1.376,29,25,0.56,2009-12-17,2011-12-02,1.248,Increasing,0,"High-Value, Reliable, Recent",High Risk
18098,1,1,0,100.0,Very Loyal,311.48,3.5395,550.84,1,550.84,3.6056,418,14,0.0714,2010-11-08,2010-11-08,,Insufficient History,2,"Mid-Value, Unreliable, Lapsed",Low Risk
18099,1,0,1,0.0,Likely to Exit,40.64,2.1389,168.31,1,168.31,2.0,149,5,0.2,2011-08-04,2011-08-04,,Insufficient History,1,"Mid-Value, Unreliable, Recent",High Risk
18100,1,0,1,0.0,Likely to Exit,62.33,2.0777,451.56,1,451.56,4.2426,572,19,0.0526,2010-06-07,2010-06-07,,Insufficient History,2,"Mid-Value, Unreliable, Lapsed",High Risk
18101,4,1,3,25.0,Likely to Exit,325.55,2.9067,629.16,5,125.83,2.4854,33,23,0.2174,2010-02-03,2011-11-28,1.029,Stable,1,"Mid-Value, Unreliable, Recent",High Risk
18102,24,16,8,66.67,Likely to Stay,11567.9,10.8314,598215.22,153,3909.9,0.7284,22,25,6.12,2009-12-01,2011-12-09,1.128,Increasing,0,"High-Value, Reliable, Recent",Low Risk
18103,1,0,1,0.0,Likely to Exit,48.55,4.855,105.8,1,105.8,4.2426,571,19,0.0526,2010-06-08,2010-06-08,,Insufficient History,2,"Mid-Value, Unreliable, Lapsed",High Risk
18104,1,1,0,100.0,Very Loyal,142.84,3.7589,754.64,1,754.64,1.0,59,2,0.5,2011-11-02,2011-11-02,,Insufficient History,1,"Mid-Value, Unreliable, Recent",Low Risk
18105,1,0,1,0.0,Likely to Exit,40.18,2.2322,113.48,1,113.48,1.0,59,2,0.5,2011-11-02,2011-11-02,,Insufficient History,1,"Mid-Value, Unreliable, Recent",High Risk
18106,4,4,0,100.0,Very Loyal,621.84,3.1727,1461.46,6,243.58,2.2731,351,24,0.25,2010-01-15,2011-01-14,,Insufficient History,0,"High-Value, Reliable, Recent",Low Risk
18107,1,1,0,100.0,Very Loyal,126.01,3.231,167.13,1,167.13,3.873,464,16,0.0625,2010-09-23,2010-09-23,,Insufficient History,2,"Mid-Value, Unreliable, Lapsed",Low Risk
18108,4,1,3,25.0,Likely to Exit,225.13,4.5945,842.46,4,210.62,3.1998,270,25,0.16,2009-12-02,2011-04-05,,Insufficient History,1,"Mid-Value, Unreliable, Recent",High Risk
18109,18,15,3,83.33,Very Loyal,3088.11,4.5016,9754.66,45,216.77,0.5403,23,18,2.5,2010-07-01,2011-12-08,1.515,Increasing,0,"High-Value, Reliable, Recent",Low Risk
18110,2,1,1,50.0,At Risk,221.92,2.5508,405.18,3,135.06,2.5602,41,15,0.2,2010-10-24,2011-11-20,,Insufficient History,1,"Mid-Value, Unreliable, Recent",Medium Risk
18111,2,1,1,50.0,At Risk,135.4,4.5133,398.9,2,199.45,4.4721,605,21,0.0952,2010-04-29,2010-05-05,,Insufficient History,2,"Mid-Value, Unreliable, Lapsed",Medium Risk
18112,4,0,4,0.0,Likely to Exit,230.04,3.6514,775.96,4,193.99,2.0099,34,19,0.2105,2010-06-06,2011-11-27,,Insufficient History,1,"Mid-Value, Unreliable, Recent",High Risk
18113,1,0,1,0.0,Likely to Exit,2.12,1.06,152.64,1,152.64,3.4641,390,13,0.0769,2010-12-06,2010-12-06,,Insufficient History,2,"Mid-Value, Unreliable, Lapsed",High Risk
18114,1,1,0,100.0,Very Loyal,154.95,5.5339,220.1,1,220.1,3.1623,312,11,0.0909,2011-02-22,2011-02-22,,Insufficient History,2,"Mid-Value, Unreliable, Lapsed",Low Risk
18115,1,0,1,0.0,Likely to Exit,9.7,3.2333,9.7,1,9.7,4.7958,719,24,0.0417,2010-01-11,2010-01-11,,Insufficient History,2,"Mid-Value, Unreliable, Lapsed",High Risk
18116,6,5,1,83.33,Very Loyal,1438.07,2.5053,2154.3,13,165.72,1.4388,89,15,0.8667,2010-10-24,2011-10-03,,Insufficient History,0,"High-Value, Reliable, Recent",Low Risk
18117,1,0,1,0.0,Likely to Exit,89.85,1.2142,320.72,1,320.72,1.0,47,2,0.5,2011-11-14,2011-11-14,,Insufficient History,1,"Mid-Value, Unreliable, Recent",High Risk
18118,12,11,1,91.67,Very Loyal,3967.49,2.5238,6670.07,35,190.57,0.669,32,14,2.5,2010-11-23,2011-11-29,2.478,Increasing,0,"High-Value, Reliable, Recent",Low Risk
18119,1,1,0,100.0,Very Loyal,166.94,2.7823,362.24,1,362.24,3.4641,389,13,0.0769,2010-12-07,2010-12-07,,Insufficient History,2,"Mid-Value, Unreliable, Lapsed",Low Risk
18120,1,0,1,0.0,Likely to Exit,68.55,4.0324,111.15,1,111.15,2.6458,236,8,0.125,2011-05-09,2011-05-09,,Insufficient History,1,"Mid-Value, Unreliable, Recent",High Risk
18121,1,0,1,0.0,Likely to Exit,59.68,1.865,673.1,2,336.55,2.2361,171,6,0.3333,2011-07-08,2011-07-13,0.0,Declining,1,"Mid-Value, Unreliable, Recent",High Risk
18122,5,3,2,60.0,Likely to Stay,851.58,2.3395,1826.21,6,304.37,0.7039,30,6,1.0,2011-07-12,2011-12-01,4.687,Increasing,0,"High-Value, Reliable, Recent",Low Risk
18123,2,0,2,0.0,Likely to Exit,137.14,2.3244,684.59,3,228.2,3.5626,46,18,0.1667,2010-07-14,2011-11-15,,Insufficient History,1,"Mid-Value, Unreliable, Recent",High Risk
18124,1,0,1,0.0,Likely to Exit,62.7,2.6125,111.53,1,111.53,4.0,494,17,0.0588,2010-08-24,2010-08-24,,Insufficient History,2,"Mid-Value, Unreliable, Lapsed",High Risk
18125,4,1,3,25.0,Likely to Exit,437.84,2.2225,1141.34,5,228.27,1.7041,51,12,0.4167,2011-01-27,2011-11-10,,Insufficient History,1,"Mid-Value, Unreliable, Recent",High Risk
18126,1,1,0,100.0,Very Loyal,109.24,1.9507,206.83,1,206.83,1.4142,82,3,0.3333,2011-10-10,2011-10-10,,Insufficient History,1,"Mid-Value, Unreliable, Recent",Low Risk
18127,3,0,3,0.0,Likely to Exit,233.94,3.3904,561.53,4,140.38,1.9539,41,14,0.2857,2010-11-01,2011-11-20,1.498,Increasing,1,"Mid-Value, Unreliable, Recent",High Risk
18128,1,1,0,100.0,Very Loyal,118.27,2.6282,420.04,1,420.04,4.2426,559,19,0.0526,2010-06-20,2010-06-20,,Insufficient History,2,"Mid-Value, Unreliable, Lapsed",Low Risk
18129,1,0,1,0.0,Likely to Exit,40.95,2.925,112.55,1,112.55,2.8284,265,9,0.1111,2011-04-10,2011-04-10,,Insufficient History,2,"Mid-Value, Unreliable, Lapsed",High Risk
18130,3,1,2,33.33,Likely to Exit,167.82,2.3637,1045.74,4,261.43,0.8655,30,3,1.3333,2011-10-13,2011-12-01,,Insufficient History,1,"Mid-Value, Unreliable, Recent",Medium Risk
18131,1,0,1,0.0,Likely to Exit,4.03,1.0075,222.96,1,222.96,4.5826,653,22,0.0455,2010-03-18,2010-03-18,,Insufficient History,2,"Mid-Value, Unreliable, Lapsed",High Risk
18132,1,1,0,100.0,Very Loyal,132.21,2.0032,226.9,1,226.9,4.1231,526,18,0.0556,2010-07-23,2010-07-23,,Insufficient History,2,"Mid-Value, Unreliable, Lapsed",Low Risk
18133,1,0,1,0.0,Likely to Exit,0.85,0.425,715.5,2,357.75,2.6458,233,8,0.25,2011-05-11,2011-05-12,,Insufficient History,1,"Mid-Value, Unreliable, Recent",High Risk
18134,2,0,2,0.0,Likely to Exit,137.7,4.9179,445.0,2,222.5,3.5409,620,24,0.0833,2010-01-14,2010-04-20,,Insufficient History,2,"Mid-Value, Unreliable, Lapsed",High Risk
18135,8,0,8,0.0,Likely to Exit,109.16,2.729,1229.22,13,94.56,1.8039,51,22,0.5909,2010-03-15,2011-11-10,3.627,Increasing,1,"Mid-Value, Unreliable, Recent",High Risk
18136,6,1,5,16.67,Likely to Exit,299.8,3.1894,1531.71,9,170.19,1.8039,85,16,0.5625,2010-09-14,2011-10-07,,Insufficient History,1,"Mid-Value, Unreliable, Recent",High Risk
18137,1,1,0,100.0,Very Loyal,101.92,3.5145,145.99,2,73.0,4.2426,573,19,0.1053,2010-06-06,2010-06-06,,Insufficient History,2,"Mid-Value, Unreliable, Lapsed",Low Risk
18138,1,0,1,0.0,Likely to Exit,50.05,6.2562,152.65,1,152.65,3.1623,317,11,0.0909,2011-02-17,2011-02-17,,Insufficient History,2,"Mid-Value, Unreliable, Lapsed",High Risk
18139,1,1,0,100.0,Very Loyal,241.41,1.4902,8393.22,8,1049.15,1.0,39,2,4.0,2011-11-21,2011-11-22,,Insufficient History,0,"High-Value, Reliable, Recent",Low Risk
18140,1,1,0,100.0,Very Loyal,122.77,2.2735,536.41,1,536.41,4.0,495,17,0.0588,2010-08-23,2010-08-23,,Insufficient History,2,"Mid-Value, Unreliable, Lapsed",Low Risk
18141,3,0,3,0.0,Likely to Exit,136.24,3.0964,838.57,4,209.64,3.0847,382,21,0.1905,2010-04-29,2010-12-14,,Insufficient History,2,"Mid-Value, Unreliable, Lapsed",High Risk
18142,2,0,2,0.0,Likely to Exit,27.57,1.5317,1014.9,4,253.72,1.9481,173,8,0.5,2011-05-08,2011-07-11,0.0,Declining,1,"Mid-Value, Unreliable, Recent",High Risk
18143,2,1,1,50.0,At Risk,166.43,2.7284,1000.16,2,500.08,1.4159,138,6,0.3333,2011-07-21,2011-08-15,0.0,Declining,1,"Mid-Value, Unreliable, Recent",Medium Risk
18144,17,0,17,0.0,Likely to Exit,361.12,4.1508,5058.0,19,266.21,0.9035,29,25,0.76,2009-12-16,2011-12-02,0.743,Declining,0,"High-Value, Reliable, Recent",High Risk
18145,11,2,9,18.18,Likely to Exit,764.67,1.8834,5600.09,12,466.67,1.3359,34,25,0.48,2009-12-08,2011-11-27,0.702,Declining,0,"High-Value, Reliable, Recent",High Risk
18146,2,0,2,0.0,Likely to Exit,19.5,1.95,160.35,2,80.17,1.7343,162,8,0.25,2011-05-03,2011-07-22,0.0,Declining,1,"Mid-Value, Unreliable, Recent",High Risk
18147,2,0,2,0.0,Likely to Exit,9.08,1.2971,179.34,2,89.67,1.2355,67,5,0.4,2011-08-23,2011-10-25,,Insufficient History,1,"Mid-Value, Unreliable, Recent",High Risk
18148,1,0,1,0.0,Likely to Exit,28.36,2.5782,114.1,1,114.1,4.5826,668,22,0.0455,2010-03-03,2010-03-03,,Insufficient History,2,"Mid-Value, Unreliable, Lapsed",High Risk
18149,7,0,7,0.0,Likely to Exit,234.51,2.4428,1624.71,7,232.1,1.6168,72,22,0.3182,2010-03-14,2011-10-20,,Insufficient History,1,"Mid-Value, Unreliable, Recent",High Risk
18150,3,0,3,0.0,Likely to Exit,85.97,2.3235,566.58,3,188.86,1.3175,54,8,0.375,2011-05-22,2011-11-07,0.826,Declining,1,"Mid-Value, Unreliable, Recent",High Risk
18151,6,1,5,16.67,Likely to Exit,392.91,3.6721,1853.94,7,264.85,1.9067,156,22,0.3182,2010-03-04,2011-07-28,0.0,Declining,1,"Mid-Value, Unreliable, Recent",High Risk
18152,1,0,1,0.0,Likely to Exit,71.58,7.158,426.69,1,426.69,4.5826,668,22,0.0455,2010-03-03,2010-03-03,,Insufficient History,2,"Mid-Value, Unreliable, Lapsed",High Risk
18153,1,0,1,0.0,Likely to Exit,23.74,1.3965,246.22,1,246.22,4.6904,681,23,0.0435,2010-02-18,2010-02-18,,Insufficient History,2,"Mid-Value, Unreliable, Lapsed",High Risk
18154,5,0,5,0.0,Likely to Exit,105.2,2.2383,932.6,5,186.52,1.6299,25,17,0.2941,2010-08-06,2011-12-06,,Insufficient History,1,"Mid-Value, Unreliable, Recent",High Risk
18155,3,0,3,0.0,Likely to Exit,72.81,2.6004,347.82,4,86.95,1.6639,97,11,0.3636,2011-02-21,2011-09-25,0.0,Declining,1,"Mid-Value, Unreliable, Recent",High Risk
18156,2,2,0,100.0,Very Loyal,584.02,2.995,941.17,2,470.58,2.3663,34,13,0.1538,2010-12-05,2011-11-27,,Insufficient History,1,"Mid-Value, Unreliable, Recent",Low Risk
18157,1,0,1,0.0,Likely to Exit,92.98,3.5762,215.35,1,215.35,4.3589,593,20,0.05,2010-05-17,2010-05-17,,Insufficient History,2,"Mid-Value, Unreliable, Lapsed",High Risk
18158,2,0,2,0.0,Likely to Exit,45.66,1.3046,451.75,3,150.58,1.2384,31,4,0.75,2011-09-12,2011-11-30,,Insufficient History,1,"Mid-Value, Unreliable, Recent",High Risk
18159,1,1,0,100.0,Very Loyal,115.1,5.0043,530.15,1,530.15,3.1623,323,11,0.0909,2011-02-11,2011-02-11,,Insufficient History,2,"Mid-Value, Unreliable, Lapsed",Low Risk
18160,3,0,3,0.0,Likely to Exit,216.84,3.336,1003.88,3,334.63,1.9201,79,14,0.2143,2010-11-18,2011-10-13,,Insufficient History,1,"Mid-Value, Unreliable, Recent",High Risk
18161,6,0,6,0.0,Likely to Exit,330.76,3.5187,1797.2,7,256.74,1.2541,32,14,0.5,2010-11-25,2011-11-29,3.741,Increasing,1,"Mid-Value, Unreliable, Recent",High Risk
18162,1,0,1,0.0,Likely to Exit,88.6,1.8851,379.16,1,379.16,4.899,754,25,0.04,2009-12-07,2009-12-07,,Insufficient History,2,"Mid-Value, Unreliable, Lapsed",High Risk
18163,1,1,0,100.0,Very Loyal,161.98,4.2626,639.34,2,319.67,4.3589,582,20,0.1,2010-05-04,2010-05-28,,Insufficient History,2,"Mid-Value, Unreliable, Lapsed",Low Risk
18164,1,1,0,100.0,Very Loyal,105.92,4.2368,394.7,2,197.35,1.0,53,2,1.0,2011-11-02,2011-11-08,,Insufficient History,1,"Mid-Value, Unreliable, Recent",Low Risk
18165,1,0,1,0.0,Likely to Exit,12.38,1.238,302.46,1,302.46,2.4495,199,7,0.1429,2011-06-15,2011-06-15,,Insufficient History,1,"Mid-Value, Unreliable, Recent",High Risk
18166,1,0,1,0.0,Likely to Exit,23.8,2.38,175.5,1,175.5,4.5826,645,22,0.0455,2010-03-26,2010-03-26,,Insufficient History,2,"Mid-Value, Unreliable, Lapsed",High Risk
18167,4,0,4,0.0,Likely to Exit,156.28,3.6344,1355.51,6,225.92,1.3024,25,5,1.2,2011-08-26,2011-12-06,,Insufficient History,1,"Mid-Value, Unreliable, Recent",High Risk
18168,13,4,9,30.77,Likely to Exit,1268.68,2.9504,3670.12,22,166.82,1.2685,198,25,0.88,2009-12-03,2011-06-16,,Insufficient History,0,"High-Value, Reliable, Recent",Medium Risk
18169,1,0,1,0.0,Likely to Exit,33.2,3.6889,202.65,1,202.65,1.4142,82,3,0.3333,2011-10-10,2011-10-10,,Insufficient History,1,"Mid-Value, Unreliable, Recent",High Risk
18170,8,1,7,12.5,Likely to Exit,576.5,4.5754,2878.0,9,319.78,1.5483,55,24,0.375,2010-01-08,2011-11-06,0.925,Stable,0,"High-Value, Reliable, Recent",High Risk
18171,10,1,9,10.0,Likely to Exit,526.89,5.6052,2414.51,11,219.5,1.3181,80,24,0.4583,2010-01-05,2011-10-12,0.777,Declining,0,"High-Value, Reliable, Recent",High Risk
18172,21,5,16,23.81,Likely to Exit,1888.25,3.8379,17301.83,63,274.63,0.8531,36,25,2.52,2009-12-11,2011-11-25,0.447,Declining,0,"High-Value, Reliable, Recent",High Risk
18173,5,0,5,0.0,Likely to Exit,124.51,2.7669,2696.36,5,539.27,1.9048,108,21,0.2381,2010-04-06,2011-09-14,0.0,Declining,1,"Mid-Value, Unreliable, Recent",High Risk
18174,2,0,2,0.0,Likely to Exit,4.03,2.015,162.5,2,81.25,3.213,29,21,0.0952,2010-04-15,2011-12-02,,Insufficient History,1,"Mid-Value, Unreliable, Recent",High Risk
18175,1,0,1,0.0,Likely to Exit,31.15,4.45,176.1,1,176.1,4.6904,697,23,0.0435,2010-02-02,2010-02-02,,Insufficient History,2,"Mid-Value, Unreliable, Lapsed",High Risk
18176,1,0,1,0.0,Likely to Exit,97.4,2.9515,448.65,2,224.32,3.4641,375,13,0.1538,2010-12-16,2010-12-21,,Insufficient History,2,"Mid-Value, Unreliable, Lapsed",High Risk
18177,8,0,8,0.0,Likely to Exit,191.32,1.8943,2189.62,10,218.96,1.5027,53,25,0.4,2009-12-15,2011-11-08,0.937,Stable,0,"High-Value, Reliable, Recent",High Risk
18178,13,1,12,7.69,Likely to Exit,931.39,2.631,6054.49,15,403.63,1.2268,135,23,0.6522,2010-02-18,2011-08-18,0.0,Declining,0,"High-Value, Reliable, Recent",High Risk
18179,7,0,7,0.0,Likely to Exit,300.18,2.7539,2547.55,8,318.44,1.6702,31,23,0.3478,2010-02-14,2011-11-30,,Insufficient History,0,"High-Value, Reliable, Recent",High Risk
18180,4,0,4,0.0,Likely to Exit,247.62,2.0808,1843.75,6,307.29,0.8019,26,6,1.0,2011-07-20,2011-12-05,0.528,Declining,1,"Mid-Value, Unreliable, Recent",High Risk
18181,4,4,0,100.0,Very Loyal,578.05,3.1416,1184.21,7,169.17,2.3613,46,25,0.28,2009-12-04,2011-11-15,,Insufficient History,0,"High-Value, Reliable, Recent",Low Risk
18182,1,0,1,0.0,Likely to Exit,22.98,2.298,291.13,1,291.13,3.873,485,16,0.0625,2010-09-02,2010-09-02,,Insufficient History,2,"Mid-Value, Unreliable, Lapsed",High Risk
18183,3,1,2,33.33,Likely to Exit,155.31,3.5298,600.52,6,100.09,2.0001,240,10,0.6,2011-03-10,2011-05-05,,Insufficient History,1,"Mid-Value, Unreliable, Recent",Medium Risk
18184,1,0,1,0.0,Likely to Exit,0.83,0.83,49.8,1,49.8,1.0,37,2,0.5,2011-11-24,2011-11-24,,Insufficient History,1,"Mid-Value, Unreliable, Recent",High Risk
18185,1,0,1,0.0,Likely to Exit,61.65,3.6265,304.25,1,304.25,2.8284,271,9,0.1111,2011-04-04,2011-04-04,,Insufficient History,2,"Mid-Value, Unreliable, Lapsed",High Risk
18186,1,0,1,0.0,Likely to Exit,24.02,2.1836,329.58,1,329.58,4.899,744,25,0.04,2009-12-17,2009-12-17,,Insufficient History,2,"Mid-Value, Unreliable, Lapsed",High Risk
18187,1,1,0,100.0,Very Loyal,269.55,4.9917,682.19,3,227.4,4.5826,645,22,0.1364,2010-03-18,2010-03-26,,Insufficient History,2,"Mid-Value, Unreliable, Lapsed",Low Risk
18188,7,0,7,0.0,Likely to Exit,335.39,2.4844,3263.19,8,407.9,2.1313,37,22,0.3636,2010-03-26,2011-11-24,0.33,Declining,0,"High-Value, Reliable, Recent",High Risk
18189,3,2,1,66.67,Likely to Stay,261.24,2.9686,1396.58,5,279.32,2.6278,99,22,0.2273,2010-03-24,2011-09-23,0.0,Declining,1,"Mid-Value, Unreliable, Recent",Low Risk
18190,5,0,5,0.0,Likely to Exit,130.35,3.0314,735.67,6,122.61,2.1195,214,25,0.24,2009-12-22,2011-05-31,,Insufficient History,1,"Mid-Value, Unreliable, Recent",High Risk
18191,2,0,2,0.0,Likely to Exit,44.65,2.9767,529.4,2,264.7,2.8094,283,17,0.1176,2010-08-19,2011-03-23,,Insufficient History,1,"Mid-Value, Unreliable, Recent",High Risk
18192,1,1,0,100.0,Very Loyal,180.33,4.0073,957.97,1,957.97,1.7321,93,4,0.25,2011-09-29,2011-09-29,,Insufficient History,1,"Mid-Value, Unreliable, Recent",Low Risk
18193,5,0,5,0.0,Likely to Exit,218.68,2.9956,1155.7,5,231.14,2.3763,172,16,0.3125,2010-09-23,2011-07-12,-0.0,Declining,1,"Mid-Value, Unreliable, Recent",High Risk
18194,7,0,7,0.0,Likely to Exit,94.85,3.1617,4084.2,7,583.46,1.9933,86,24,0.2917,2010-01-28,2011-10-06,-0.08,Declining,0,"High-Value, Reliable, Recent",High Risk
18195,1,0,1,0.0,Likely to Exit,12.09,2.418,101.16,1,101.16,3.6056,409,14,0.0714,2010-11-17,2010-11-17,,Insufficient History,2,"Mid-Value, Unreliable, Lapsed",High Risk
18196,4,3,1,75.0,Likely to Stay,595.87,2.1205,1464.31,4,366.08,2.2213,117,22,0.1818,2010-03-17,2011-09-05,0.0,Declining,1,"Mid-Value, Unreliable, Recent",Low Risk
18197,2,0,2,0.0,Likely to Exit,22.65,2.0591,221.4,2,110.7,4.3589,535,20,0.1,2010-05-13,2010-07-14,,Insufficient History,2,"Mid-Value, Unreliable, Lapsed",High Risk
18198,11,0,11,0.0,Likely to Exit,390.97,2.3552,5083.06,21,242.05,0.5586,26,12,1.75,2011-01-07,2011-12-05,0.921,Stable,0,"High-Value, Reliable, Recent",High Risk
18199,2,1,1,50.0,At Risk,103.25,4.9167,342.2,2,171.1,4.7958,697,24,0.0833,2010-01-25,2010-02-02,,Insufficient History,2,"Mid-Value, Unreliable, Lapsed",Medium Risk
18200,1,0,1,0.0,Likely to Exit,62.99,1.9684,163.8,1,163.8,2.0,128,5,0.2,2011-08-25,2011-08-25,,Insufficient History,1,"Mid-Value, Unreliable, Recent",High Risk
18201,1,1,0,100.0,Very Loyal,124.99,4.6293,447.53,1,447.53,4.899,744,25,0.04,2009-12-17,2009-12-17,,Insufficient History,2,"Mid-Value, Unreliable, Lapsed",Low Risk
18202,2,1,1,50.0,At Risk,275.54,4.0521,1396.99,3,465.66,2.2384,221,11,0.2727,2011-02-01,2011-05-24,,Insufficient History,1,"Mid-Value, Unreliable, Recent",Medium Risk
18203,4,0,4,0.0,Likely to Exit,311.11,5.1852,504.42,4,126.11,2.3267,179,25,0.16,2009-12-08,2011-07-05,0.0,Declining,1,"Mid-Value, Unreliable, Recent",High Risk
18204,3,3,0,100.0,Very Loyal,524.26,2.5953,1979.3,4,494.83,1.3205,93,8,0.5,2011-05-31,2011-09-29,0.0,Declining,0,"High-Value, Reliable, Recent",Low Risk
18205,2,0,2,0.0,Likely to Exit,146.56,4.58,517.36,2,258.68,1.0161,58,4,0.5,2011-09-26,2011-11-03,,Insufficient History,1,"Mid-Value, Unreliable, Recent",High Risk
18206,1,0,1,0.0,Likely to Exit,27.27,1.4353,314.66,1,314.66,4.2426,575,19,0.0526,2010-06-04,2010-06-04,,Insufficient History,2,"Mid-Value, Unreliable, Lapsed",High Risk
18207,2,0,2,0.0,Likely to Exit,111.85,3.2897,505.12,3,168.37,4.1231,515,18,0.1667,2010-07-28,2010-08-03,,Insufficient History,2,"Mid-Value, Unreliable, Lapsed",High Risk
18208,1,1,0,100.0,Very Loyal,141.89,8.3465,360.08,1,360.08,4.3589,587,20,0.05,2010-05-23,2010-05-23,,Insufficient History,2,"Mid-Value, Unreliable, Lapsed",Low Risk
18209,1,0,1,0.0,Likely to Exit,25.95,3.2437,139.1,1,139.1,1.0,50,2,0.5,2011-11-11,2011-11-11,,Insufficient History,1,"Mid-Value, Unreliable, Recent",High Risk
18210,5,2,3,40.0,At Risk,507.36,3.5233,2768.83,7,395.55,2.0029,23,14,0.5,2010-11-22,2011-12-08,,Insufficient History,0,"High-Value, Reliable, Recent",Medium Risk
18211,5,0,5,0.0,Likely to Exit,102.98,2.4519,600.07,5,120.01,1.0872,47,10,0.5,2011-03-06,2011-11-14,0.637,Declining,1,"Mid-Value, Unreliable, Recent",High Risk
18212,2,1,1,50.0,At Risk,195.03,3.546,546.72,2,273.36,3.3316,348,24,0.0833,2010-01-31,2011-01-17,,Insufficient History,2,"Mid-Value, Unreliable, Lapsed",Medium Risk
18213,1,0,1,0.0,Likely to Exit,22.52,1.5013,232.48,1,232.48,2.8284,258,9,0.1111,2011-04-17,2011-04-17,,Insufficient History,2,"Mid-Value, Unreliable, Lapsed",High Risk
18214,1,1,0,100.0,Very Loyal,197.75,3.1895,1480.99,5,296.2,4.2426,552,19,0.2632,2010-06-03,2010-06-27,,Insufficient History,2,"Mid-Value, Unreliable, Lapsed",Low Risk
18215,6,1,5,16.67,Likely to Exit,273.11,3.0012,2238.99,6,373.17,2.08,111,22,0.2727,2010-03-26,2011-09-11,0.0,Declining,1,"Mid-Value, Unreliable, Recent",High Risk
18216,1,1,0,100.0,Very Loyal,128.32,4.9354,481.75,1,481.75,1.0,53,2,0.5,2011-11-08,2011-11-08,,Insufficient History,1,"Mid-Value, Unreliable, Recent",Low Risk
18217,3,0,3,0.0,Likely to Exit,94.98,2.1586,902.8,6,150.47,2.237,51,18,0.3333,2010-07-01,2011-11-10,0.956,Stable,1,"Mid-Value, Unreliable, Recent",High Risk
18218,4,0,4,0.0,Likely to Exit,74.1,1.7643,1106.3,6,184.38,2.2468,228,23,0.2609,2010-02-17,2011-05-17,,Insufficient History,1,"Mid-Value, Unreliable, Recent",High Risk
18219,15,2,13,13.33,Likely to Exit,814.92,3.9559,3507.39,19,184.6,1.1464,24,25,0.76,2009-12-07,2011-12-07,3.512,Increasing,0,"High-Value, Reliable, Recent",High Risk
18220,10,0,10,0.0,Likely to Exit,96.41,3.0128,1771.7,11,161.06,1.799,241,25,0.44,2009-12-15,2011-05-04,,Insufficient History,1,"Mid-Value, Unreliable, Recent",High Risk
18221,6,0,6,0.0,Likely to Exit,241.14,2.7402,1370.34,8,171.29,1.2684,44,14,0.5714,2010-11-14,2011-11-17,1.971,Increasing,1,"Mid-Value, Unreliable, Recent",High Risk
18222,1,0,1,0.0,Likely to Exit,61.86,3.2558,443.0,1,443.0,1.7321,114,4,0.25,2011-09-08,2011-09-08,,Insufficient History,1,"Mid-Value, Unreliable, Recent",High Risk
18223,22,8,14,36.36,Likely to Exit,2065.46,3.1679,13497.58,52,259.57,0.8359,23,25,2.08,2009-12-04,2011-12-08,2.793,Increasing,0,"High-Value, Reliable, Recent",Medium Risk
18224,1,0,1,0.0,Likely to Exit,30.6,3.06,158.95,1,158.95,3.0,285,10,0.1,2011-03-21,2011-03-21,,Insufficient History,2,"Mid-Value, Unreliable, Lapsed",High Risk
18225,21,3,18,14.29,Likely to Exit,1723.36,2.8532,12650.91,34,372.09,0.8977,25,25,1.36,2009-12-04,2011-12-06,0.722,Declining,0,"High-Value, Reliable, Recent",High Risk
18226,17,4,13,23.53,Likely to Exit,1546.21,2.8423,11748.58,38,309.17,0.9204,60,22,1.7273,2010-03-05,2011-11-01,0.227,Declining,0,"High-Value, Reliable, Recent",High Risk
18227,2,1,1,50.0,At Risk,633.25,90.4643,93.75,3,31.25,3.127,239,17,0.1765,2010-08-12,2011-05-06,,Insufficient History,2,"Mid-Value, Unreliable, Lapsed",Medium Risk
18228,2,0,2,0.0,Likely to Exit,130.33,4.0728,769.2,3,256.4,1.0061,72,4,0.75,2011-09-21,2011-10-20,,Insufficient History,1,"Mid-Value, Unreliable, Recent",High Risk
18229,19,4,15,21.05,Likely to Exit,1047.75,4.9656,10803.71,28,385.85,0.813,33,25,1.12,2009-12-03,2011-11-28,0.638,Declining,0,"High-Value, Reliable, Recent",High Risk
18230,9,0,9,0.0,Likely to Exit,338.17,2.3484,4190.71,12,349.23,1.3469,31,18,0.6667,2010-07-02,2011-11-30,1.295,Increasing,0,"High-Value, Reliable, Recent",High Risk
18231,13,5,8,38.46,Likely to Exit,1587.29,4.0804,6848.17,30,228.27,1.2356,214,24,1.25,2010-01-10,2011-05-31,,Insufficient History,0,"High-Value, Reliable, Recent",Medium Risk
18232,4,0,4,0.0,Likely to Exit,148.32,3.708,582.47,5,116.49,1.6455,103,8,0.625,2011-05-26,2011-09-19,0.0,Declining,1,"Mid-Value, Unreliable, Recent",High Risk
18233,1,1,0,100.0,Very Loyal,110.0,110.0,440.0,1,440.0,3.3166,347,12,0.0833,2011-01-18,2011-01-18,,Insufficient History,2,"Mid-Value, Unreliable, Lapsed",Low Risk
18234,1,0,1,0.0,Likely to Exit,70.75,2.3583,179.6,1,179.6,4.2426,573,19,0.0526,2010-06-06,2010-06-06,,Insufficient History,2,"Mid-Value, Unreliable, Lapsed",High Risk
18235,3,0,3,0.0,Likely to Exit,223.23,2.1464,1796.48,3,598.83,1.5581,93,8,0.375,2011-05-06,2011-09-29,0.0,Declining,1,"Mid-Value, Unreliable, Recent",High Risk
18236,10,0,10,0.0,Likely to Exit,397.62,4.0573,1795.35,12,149.61,1.1163,51,21,0.5714,2010-04-15,2011-11-10,0.231,Declining,0,"High-Value, Reliable, Recent",High Risk
18237,5,0,5,0.0,Likely to Exit,180.42,2.9577,987.1,5,197.42,0.6122,24,6,0.8333,2011-07-28,2011-12-07,0.36,Declining,1,"Mid-Value, Unreliable, Recent",High Risk
18238,1,0,1,0.0,Likely to Exit,40.54,2.8957,270.92,1,270.92,4.1231,537,18,0.0556,2010-07-12,2010-07-12,,Insufficient History,2,"Mid-Value, Unreliable, Lapsed",High Risk
18239,5,1,4,20.0,Likely to Exit,392.33,3.1386,2150.36,6,358.39,1.7664,240,15,0.4,2010-10-13,2011-05-05,,Insufficient History,1,"Mid-Value, Unreliable, Recent",High Risk
18240,1,0,1,0.0,Likely to Exit,23.57,3.9283,422.58,1,422.58,1.4142,68,3,0.3333,2011-10-24,2011-10-24,,Insufficient History,1,"Mid-Value, Unreliable, Recent",High Risk
18241,10,1,9,10.0,Likely to Exit,521.94,3.2419,2954.09,23,128.44,1.2552,31,21,1.0952,2010-04-01,2011-11-30,0.376,Declining,0,"High-Value, Reliable, Recent",High Risk
18242,6,1,5,16.67,Likely to Exit,368.26,2.6304,3605.21,8,450.65,2.2686,94,24,0.3333,2010-01-11,2011-09-28,0.0,Declining,0,"High-Value, Reliable, Recent",High Risk
18243,1,0,1,0.0,Likely to Exit,82.13,3.1588,515.78,1,515.78,3.7417,436,15,0.0667,2010-10-21,2010-10-21,,Insufficient History,2,"Mid-Value, Unreliable, Lapsed",High Risk
18244,2,0,2,0.0,Likely to Exit,28.39,1.4942,568.64,2,284.32,2.8351,452,18,0.1111,2010-07-25,2010-10-05,,Insufficient History,2,"Mid-Value, Unreliable, Lapsed",High Risk
18245,13,3,10,23.08,Likely to Exit,1082.34,2.3377,6236.23,23,271.14,1.0762,29,22,1.0455,2010-03-08,2011-12-02,2.44,Increasing,0,"High-Value, Reliable, Recent",High Risk
18246,3,0,3,0.0,Likely to Exit,22.23,4.446,758.82,3,252.94,2.599,45,21,0.1429,2010-04-09,2011-11-16,,Insufficient History,1,"Mid-Value, Unreliable, Recent",High Risk
18247,3,0,3,0.0,Likely to Exit,212.89,4.5296,721.43,6,120.24,2.6603,431,22,0.2727,2010-03-18,2010-10-26,,Insufficient History,2,"Mid-Value, Unreliable, Lapsed",High Risk
18248,2,1,1,50.0,At Risk,197.17,4.0239,783.02,4,195.75,1.6411,135,7,0.5714,2011-06-06,2011-08-18,0.0,Declining,1,"Mid-Value, Unreliable, Recent",Medium Risk
18249,1,0,1,0.0,Likely to Exit,12.83,1.6038,95.34,1,95.34,1.0,39,2,0.5,2011-11-22,2011-11-22,,Insufficient History,1,"Mid-Value, Unreliable, Recent",High Risk
18250,1,0,1,0.0,Likely to Exit,86.27,3.9214,342.92,2,171.46,3.1623,323,11,0.1818,2011-02-02,2011-02-11,,Insufficient History,2,"Mid-Value, Unreliable, Lapsed",High Risk
18251,6,0,6,0.0,Likely to Exit,109.8,1.0167,26278.86,9,2919.87,1.8556,109,25,0.36,2009-12-22,2011-09-13,0.0,Declining,0,"High-Value, Reliable, Recent",High Risk
18252,6,1,5,16.67,Likely to Exit,476.16,3.4256,1465.59,8,183.2,2.2096,72,25,0.32,2009-12-08,2011-10-20,,Insufficient History,1,"Mid-Value, Unreliable, Recent",High Risk
18253,1,0,1,0.0,Likely to Exit,32.23,4.6043,317.88,1,317.88,4.5826,664,22,0.0455,2010-03-07,2010-03-07,,Insufficient History,2,"Mid-Value, Unreliable, Lapsed",High Risk
18254,1,0,1,0.0,Likely to Exit,24.75,1.5469,267.9,1,267.9,4.3589,603,20,0.05,2010-05-07,2010-05-07,,Insufficient History,2,"Mid-Value, Unreliable, Lapsed",High Risk
18255,2,0,2,0.0,Likely to Exit,35.66,1.8768,303.15,2,151.57,2.7949,111,16,0.125,2010-09-09,2011-09-11,0.0,Declining,1,"Mid-Value, Unreliable, Recent",High Risk
18256,2,0,2,0.0,Likely to Exit,11.24,0.8029,60.6,2,30.3,3.6056,376,14,0.1429,2010-11-17,2010-12-20,,Insufficient History,2,"Mid-Value, Unreliable, Lapsed",High Risk
18257,12,4,8,33.33,Likely to Exit,877.33,3.0463,4496.8,18,249.82,1.4492,61,23,0.7826,2010-02-18,2011-10-31,1.235,Increasing,0,"High-Value, Reliable, Recent",Medium Risk
18258,5,0,5,0.0,Likely to Exit,160.14,3.0215,2040.97,8,255.12,2.0791,486,20,0.4,2010-05-16,2010-09-01,,Insufficient History,1,"Mid-Value, Unreliable, Recent",High Risk
18259,6,0,6,0.0,Likely to Exit,290.75,3.1603,4318.2,7,616.89,1.9607,46,25,0.28,2009-12-08,2011-11-15,1.2,Increasing,0,"High-Value, Reliable, Recent",High Risk
18260,15,6,9,40.0,At Risk,2086.34,4.852,9751.95,32,304.75,1.3336,194,25,1.28,2009-12-15,2011-06-20,,Insufficient History,0,"High-Value, Reliable, Recent",Medium Risk
18261,2,0,2,0.0,Likely to Exit,64.74,3.0829,324.24,2,162.12,1.1397,65,4,0.5,2011-09-05,2011-10-27,,Insufficient History,1,"Mid-Value, Unreliable, Recent",High Risk
18262,3,0,3,0.0,Likely to Exit,66.25,1.5774,577.54,3,192.51,2.4886,162,21,0.1429,2010-04-16,2011-07-22,0.0,Declining,1,"Mid-Value, Unreliable, Recent",High Risk
18263,3,0,3,0.0,Likely to Exit,60.61,0.9776,1211.08,4,302.77,1.4553,45,9,0.4444,2011-04-01,2011-11-16,0.793,Declining,1,"Mid-Value, Unreliable, Recent",High Risk
18264,1,1,0,100.0,Very Loyal,165.5,4.5972,603.25,1,603.25,4.1231,520,18,0.0556,2010-07-29,2010-07-29,,Insufficient History,2,"Mid-Value, Unreliable, Lapsed",Low Risk
18265,2,2,0,100.0,Very Loyal,241.34,5.2465,801.51,2,400.76,1.4642,94,6,0.3333,2011-07-04,2011-09-28,0.0,Declining,1,"Mid-Value, Unreliable, Recent",Low Risk
18266,1,0,1,0.0,Likely to Exit,29.1,2.0786,251.1,1,251.1,3.7417,456,15,0.0667,2010-10-01,2010-10-01,,Insufficient History,2,"Mid-Value, Unreliable, Lapsed",High Risk
18267,1,0,1,0.0,Likely to Exit,61.32,3.066,252.87,2,126.44,4.6904,681,23,0.087,2010-02-05,2010-02-18,,Insufficient History,2,"Mid-Value, Unreliable, Lapsed",High Risk
18268,5,0,5,0.0,Likely to Exit,235.89,3.3224,1451.22,8,181.4,2.3372,156,25,0.32,2009-12-11,2011-07-28,,Insufficient History,1,"Mid-Value, Unreliable, Recent",High Risk
18269,1,0,1,0.0,Likely to Exit,49.25,3.2833,307.5,2,153.75,3.4641,380,13,0.1538,2010-12-08,2010-12-16,,Insufficient History,2,"Mid-Value, Unreliable, Lapsed",High Risk
18270,4,0,4,0.0,Likely to Exit,69.2,3.6421,400.35,4,100.09,2.0379,60,15,0.2667,2010-10-03,2011-11-01,,Insufficient History,1,"Mid-Value, Unreliable, Recent",High Risk
18271,2,0,2,0.0,Likely to Exit,62.04,2.9543,680.85,2,340.43,3.7227,631,25,0.08,2009-12-08,2010-04-09,,Insufficient History,2,"Mid-Value, Unreliable, Lapsed",High Risk
18272,10,2,8,20.0,Likely to Exit,560.91,2.4177,4347.33,11,395.21,1.4833,24,22,0.5,2010-03-04,2011-12-07,0.863,Declining,0,"High-Value, Reliable, Recent",High Risk
18273,4,0,4,0.0,Likely to Exit,10.2,2.55,357.0,4,89.25,2.3299,24,21,0.1905,2010-04-28,2011-12-07,0.5,Declining,1,"Mid-Value, Unreliable, Recent",High Risk
18274,1,0,1,0.0,Likely to Exit,80.78,3.6718,-0.0,2,-0.0,1.0,39,2,1.0,2011-11-09,2011-11-22,,Insufficient History,3,"Low-Value, Reliable, Lapsed",High Risk
18275,2,0,2,0.0,Likely to Exit,47.29,2.4889,741.85,2,370.93,3.3912,600,25,0.08,2009-12-08,2010-05-10,,Insufficient History,2,"Mid-Value, Unreliable, Lapsed",High Risk
18276,7,0,7,0.0,Likely to Exit,243.67,2.4613,1620.67,10,162.07,1.8396,43,25,0.4,2009-12-10,2011-11-18,,Insufficient History,1,"Mid-Value, Unreliable, Recent",High Risk
18277,5,1,4,20.0,Likely to Exit,389.17,5.7231,1111.38,8,138.92,1.9771,80,17,0.4706,2010-08-02,2011-10-12,,Insufficient History,1,"Mid-Value, Unreliable, Recent",High Risk
18278,2,0,2,0.0,Likely to Exit,95.0,3.9583,414.2,2,207.1,2.587,95,15,0.1333,2010-10-31,2011-09-27,0.0,Declining,1,"Mid-Value, Unreliable, Recent",High Risk
18279,1,0,1,0.0,Likely to Exit,7.12,0.5477,231.34,1,231.34,4.1231,541,18,0.0556,2010-07-08,2010-07-08,,Insufficient History,2,"Mid-Value, Unreliable, Lapsed",High Risk
18280,2,0,2,0.0,Likely to Exit,134.35,4.1984,472.45,3,157.48,2.5443,299,14,0.2143,2010-11-10,2011-03-07,,Insufficient History,1,"Mid-Value, Unreliable, Recent",High Risk
18281,2,0,2,0.0,Likely to Exit,58.37,3.4335,201.14,2,100.57,3.0636,202,20,0.1,2010-05-11,2011-06-12,,Insufficient History,1,"Mid-Value, Unreliable, Recent",High Risk
18282,2,0,2,0.0,Likely to Exit,62.68,4.8215,176.6,3,58.87,1.2408,29,5,0.6,2011-08-05,2011-12-02,,Insufficient History,1,"Mid-Value, Unreliable, Recent",High Risk
18283,14,5,9,35.71,Likely to Exit,1719.75,1.7442,2736.65,22,124.39,1.2268,25,23,0.9565,2010-02-19,2011-12-06,3.503,Increasing,0,"High-Value, Reliable, Recent",Medium Risk
18284,1,1,0,100.0,Very Loyal,116.09,4.0031,436.68,2,218.34,3.7417,451,15,0.1333,2010-10-04,2010-10-06,,Insufficient History,2,"Mid-Value, Unreliable, Lapsed",Low Risk
18285,1,1,0,100.0,Very Loyal,100.2,8.35,427.0,1,427.0,4.6904,682,23,0.0435,2010-02-17,2010-02-17,,Insufficient History,2,"Mid-Value, Unreliable, Lapsed",Low Risk
18286,3,2,1,66.67,Likely to Stay,306.55,4.3793,1188.43,3,396.14,3.5385,498,25,0.12,2009-12-16,2010-08-20,,Insufficient History,2,"Mid-Value, Unreliable, Lapsed",Low Risk
18287,6,1,5,16.67,Likely to Exit,348.89,2.2365,4177.89,8,522.24,2.1132,64,25,0.32,2009-12-01,2011-10-28,,Insufficient History,0,"High-Value, Reliable, Recent",High Risk
